Question,Answer
What is the Dump Surveillance AI?,"Dump Surveillance AI is an intelligent system that uses AI and CCTV to monitor, detect, and report illegal garbage dumping."
How do I report illegal dumping?,"You can report illegal dumping by going to the 'Report Illegal Dumping' section on your dashboard, filling out the location, description, severity, and uploading photo or video evidence."
What happens when I report dumping?,Your report is sent to the municipal authorities for review. They will use the evidence you provided to track the offenders and clean the area.
Is my report anonymous?,"While your account is linked to the report for verification, your personal details are kept confidential by the authorities."
How does the AI camera work?,"The system uses ML models (like YOLO) to analyze CCTV footage in real-time. If it detects a person or vehicle dumping waste illegally, it captures the event and logs the video."
Can the AI read number plates?,Yes! The system uses Automatic Number Plate Recognition (ANPR) to identify vehicles involved in illegal dumping.
Where is the nearest garbage bin?,"You can check the 'Legal Dumping Locations' map on your dashboard to find authorized garbage bins, recycling centers, and transfer stations near you."
What is composting?,"Composting is the natural process of recycling organic matter, such as leaves and food scraps, into a valuable fertilizer for plants."
Where do I throw my plastic bottle?,You should place plastic bottle in the dry/recyclable waste bin.
How do I dispose of a plastic bottle?,You should place plastic bottle in the dry/recyclable waste bin.
Can I throw away plastic bottle in the trash?,You should place plastic bottle in the dry/recyclable waste bin.
Which bin does plastic bottle go into?,You should place plastic bottle in the dry/recyclable waste bin.
Is it okay to throw plastic bottle here?,You should place plastic bottle in the dry/recyclable waste bin.
Tell me how to get rid of plastic bottle.,You should place plastic bottle in the dry/recyclable waste bin.
What to do with old plastic bottle?,You should place plastic bottle in the dry/recyclable waste bin.
Help me dispose of plastic bottle.,You should place plastic bottle in the dry/recyclable waste bin.
Where does plastic bottle belong?,You should place plastic bottle in the dry/recyclable waste bin.
"I have a plastic bottle, where does it go?",You should place plastic bottle in the dry/recyclable waste bin.
Where should I put my plastic bottle?,You should place plastic bottle in the dry/recyclable waste bin.
Can you tell me where to throw plastic bottle?,You should place plastic bottle in the dry/recyclable waste bin.
plastic bottle disposal method?,You should place plastic bottle in the dry/recyclable waste bin.
How should I throw away plastic bottle?,You should place plastic bottle in the dry/recyclable waste bin.
"Throwing out plastic bottle, which bin?",You should place plastic bottle in the dry/recyclable waste bin.
I need to discard plastic bottle.,You should place plastic bottle in the dry/recyclable waste bin.
Discard plastic bottle.,You should place plastic bottle in the dry/recyclable waste bin.
Where do I throw my cardboard?,You should place cardboard in the dry/recyclable waste bin.
How do I dispose of a cardboard?,You should place cardboard in the dry/recyclable waste bin.
Can I throw away cardboard in the trash?,You should place cardboard in the dry/recyclable waste bin.
Which bin does cardboard go into?,You should place cardboard in the dry/recyclable waste bin.
Is it okay to throw cardboard here?,You should place cardboard in the dry/recyclable waste bin.
Tell me how to get rid of cardboard.,You should place cardboard in the dry/recyclable waste bin.
What to do with old cardboard?,You should place cardboard in the dry/recyclable waste bin.
Help me dispose of cardboard.,You should place cardboard in the dry/recyclable waste bin.
Where does cardboard belong?,You should place cardboard in the dry/recyclable waste bin.
"I have a cardboard, where does it go?",You should place cardboard in the dry/recyclable waste bin.
Where should I put my cardboard?,You should place cardboard in the dry/recyclable waste bin.
Can you tell me where to throw cardboard?,You should place cardboard in the dry/recyclable waste bin.
cardboard disposal method?,You should place cardboard in the dry/recyclable waste bin.
How should I throw away cardboard?,You should place cardboard in the dry/recyclable waste bin.
"Throwing out cardboard, which bin?",You should place cardboard in the dry/recyclable waste bin.
I need to discard cardboard.,You should place cardboard in the dry/recyclable waste bin.
Discard cardboard.,You should place cardboard in the dry/recyclable waste bin.
Where do I throw my newspaper?,You should place newspaper in the dry/recyclable waste bin.
How do I dispose of a newspaper?,You should place newspaper in the dry/recyclable waste bin.
Can I throw away newspaper in the trash?,You should place newspaper in the dry/recyclable waste bin.
Which bin does newspaper go into?,You should place newspaper in the dry/recyclable waste bin.
Is it okay to throw newspaper here?,You should place newspaper in the dry/recyclable waste bin.
Tell me how to get rid of newspaper.,You should place newspaper in the dry/recyclable waste bin.
What to do with old newspaper?,You should place newspaper in the dry/recyclable waste bin.
Help me dispose of newspaper.,You should place newspaper in the dry/recyclable waste bin.
Where does newspaper belong?,You should place newspaper in the dry/recyclable waste bin.
"I have a newspaper, where does it go?",You should place newspaper in the dry/recyclable waste bin.
Where should I put my newspaper?,You should place newspaper in the dry/recyclable waste bin.
Can you tell me where to throw newspaper?,You should place newspaper in the dry/recyclable waste bin.
newspaper disposal method?,You should place newspaper in the dry/recyclable waste bin.
How should I throw away newspaper?,You should place newspaper in the dry/recyclable waste bin.
"Throwing out newspaper, which bin?",You should place newspaper in the dry/recyclable waste bin.
I need to discard newspaper.,You should place newspaper in the dry/recyclable waste bin.
Discard newspaper.,You should place newspaper in the dry/recyclable waste bin.
Where do I throw my magazine?,You should place magazine in the dry/recyclable waste bin.
How do I dispose of a magazine?,You should place magazine in the dry/recyclable waste bin.
Can I throw away magazine in the trash?,You should place magazine in the dry/recyclable waste bin.
Which bin does magazine go into?,You should place magazine in the dry/recyclable waste bin.
Is it okay to throw magazine here?,You should place magazine in the dry/recyclable waste bin.
Tell me how to get rid of magazine.,You should place magazine in the dry/recyclable waste bin.
What to do with old magazine?,You should place magazine in the dry/recyclable waste bin.
Help me dispose of magazine.,You should place magazine in the dry/recyclable waste bin.
Where does magazine belong?,You should place magazine in the dry/recyclable waste bin.
"I have a magazine, where does it go?",You should place magazine in the dry/recyclable waste bin.
Where should I put my magazine?,You should place magazine in the dry/recyclable waste bin.
Can you tell me where to throw magazine?,You should place magazine in the dry/recyclable waste bin.
magazine disposal method?,You should place magazine in the dry/recyclable waste bin.
How should I throw away magazine?,You should place magazine in the dry/recyclable waste bin.
"Throwing out magazine, which bin?",You should place magazine in the dry/recyclable waste bin.
I need to discard magazine.,You should place magazine in the dry/recyclable waste bin.
Discard magazine.,You should place magazine in the dry/recyclable waste bin.
Where do I throw my glass jar?,You should place glass jar in the dry/recyclable waste bin.
How do I dispose of a glass jar?,You should place glass jar in the dry/recyclable waste bin.
Can I throw away glass jar in the trash?,You should place glass jar in the dry/recyclable waste bin.
Which bin does glass jar go into?,You should place glass jar in the dry/recyclable waste bin.
Is it okay to throw glass jar here?,You should place glass jar in the dry/recyclable waste bin.
Tell me how to get rid of glass jar.,You should place glass jar in the dry/recyclable waste bin.
What to do with old glass jar?,You should place glass jar in the dry/recyclable waste bin.
Help me dispose of glass jar.,You should place glass jar in the dry/recyclable waste bin.
Where does glass jar belong?,You should place glass jar in the dry/recyclable waste bin.
"I have a glass jar, where does it go?",You should place glass jar in the dry/recyclable waste bin.
Where should I put my glass jar?,You should place glass jar in the dry/recyclable waste bin.
Can you tell me where to throw glass jar?,You should place glass jar in the dry/recyclable waste bin.
glass jar disposal method?,You should place glass jar in the dry/recyclable waste bin.
How should I throw away glass jar?,You should place glass jar in the dry/recyclable waste bin.
"Throwing out glass jar, which bin?",You should place glass jar in the dry/recyclable waste bin.
I need to discard glass jar.,You should place glass jar in the dry/recyclable waste bin.
Discard glass jar.,You should place glass jar in the dry/recyclable waste bin.
Where do I throw my tin can?,You should place tin can in the dry/recyclable waste bin.
How do I dispose of a tin can?,You should place tin can in the dry/recyclable waste bin.
Can I throw away tin can in the trash?,You should place tin can in the dry/recyclable waste bin.
Which bin does tin can go into?,You should place tin can in the dry/recyclable waste bin.
Is it okay to throw tin can here?,You should place tin can in the dry/recyclable waste bin.
Tell me how to get rid of tin can.,You should place tin can in the dry/recyclable waste bin.
What to do with old tin can?,You should place tin can in the dry/recyclable waste bin.
Help me dispose of tin can.,You should place tin can in the dry/recyclable waste bin.
Where does tin can belong?,You should place tin can in the dry/recyclable waste bin.
"I have a tin can, where does it go?",You should place tin can in the dry/recyclable waste bin.
Where should I put my tin can?,You should place tin can in the dry/recyclable waste bin.
Can you tell me where to throw tin can?,You should place tin can in the dry/recyclable waste bin.
tin can disposal method?,You should place tin can in the dry/recyclable waste bin.
How should I throw away tin can?,You should place tin can in the dry/recyclable waste bin.
"Throwing out tin can, which bin?",You should place tin can in the dry/recyclable waste bin.
I need to discard tin can.,You should place tin can in the dry/recyclable waste bin.
Discard tin can.,You should place tin can in the dry/recyclable waste bin.
Where do I throw my aluminum foil?,You should place aluminum foil in the dry/recyclable waste bin.
How do I dispose of a aluminum foil?,You should place aluminum foil in the dry/recyclable waste bin.
Can I throw away aluminum foil in the trash?,You should place aluminum foil in the dry/recyclable waste bin.
Which bin does aluminum foil go into?,You should place aluminum foil in the dry/recyclable waste bin.
Is it okay to throw aluminum foil here?,You should place aluminum foil in the dry/recyclable waste bin.
Tell me how to get rid of aluminum foil.,You should place aluminum foil in the dry/recyclable waste bin.
What to do with old aluminum foil?,You should place aluminum foil in the dry/recyclable waste bin.
Help me dispose of aluminum foil.,You should place aluminum foil in the dry/recyclable waste bin.
Where does aluminum foil belong?,You should place aluminum foil in the dry/recyclable waste bin.
"I have a aluminum foil, where does it go?",You should place aluminum foil in the dry/recyclable waste bin.
Where should I put my aluminum foil?,You should place aluminum foil in the dry/recyclable waste bin.
Can you tell me where to throw aluminum foil?,You should place aluminum foil in the dry/recyclable waste bin.
aluminum foil disposal method?,You should place aluminum foil in the dry/recyclable waste bin.
How should I throw away aluminum foil?,You should place aluminum foil in the dry/recyclable waste bin.
"Throwing out aluminum foil, which bin?",You should place aluminum foil in the dry/recyclable waste bin.
I need to discard aluminum foil.,You should place aluminum foil in the dry/recyclable waste bin.
Discard aluminum foil.,You should place aluminum foil in the dry/recyclable waste bin.
Where do I throw my shampoo bottle?,You should place shampoo bottle in the dry/recyclable waste bin.
How do I dispose of a shampoo bottle?,You should place shampoo bottle in the dry/recyclable waste bin.
Can I throw away shampoo bottle in the trash?,You should place shampoo bottle in the dry/recyclable waste bin.
Which bin does shampoo bottle go into?,You should place shampoo bottle in the dry/recyclable waste bin.
Is it okay to throw shampoo bottle here?,You should place shampoo bottle in the dry/recyclable waste bin.
Tell me how to get rid of shampoo bottle.,You should place shampoo bottle in the dry/recyclable waste bin.
What to do with old shampoo bottle?,You should place shampoo bottle in the dry/recyclable waste bin.
Help me dispose of shampoo bottle.,You should place shampoo bottle in the dry/recyclable waste bin.
Where does shampoo bottle belong?,You should place shampoo bottle in the dry/recyclable waste bin.
"I have a shampoo bottle, where does it go?",You should place shampoo bottle in the dry/recyclable waste bin.
Where should I put my shampoo bottle?,You should place shampoo bottle in the dry/recyclable waste bin.
Can you tell me where to throw shampoo bottle?,You should place shampoo bottle in the dry/recyclable waste bin.
shampoo bottle disposal method?,You should place shampoo bottle in the dry/recyclable waste bin.
How should I throw away shampoo bottle?,You should place shampoo bottle in the dry/recyclable waste bin.
"Throwing out shampoo bottle, which bin?",You should place shampoo bottle in the dry/recyclable waste bin.
I need to discard shampoo bottle.,You should place shampoo bottle in the dry/recyclable waste bin.
Discard shampoo bottle.,You should place shampoo bottle in the dry/recyclable waste bin.
Where do I throw my milk carton?,You should place milk carton in the dry/recyclable waste bin.
How do I dispose of a milk carton?,You should place milk carton in the dry/recyclable waste bin.
Can I throw away milk carton in the trash?,You should place milk carton in the dry/recyclable waste bin.
Which bin does milk carton go into?,You should place milk carton in the dry/recyclable waste bin.
Is it okay to throw milk carton here?,You should place milk carton in the dry/recyclable waste bin.
Tell me how to get rid of milk carton.,You should place milk carton in the dry/recyclable waste bin.
What to do with old milk carton?,You should place milk carton in the dry/recyclable waste bin.
Help me dispose of milk carton.,You should place milk carton in the dry/recyclable waste bin.
Where does milk carton belong?,You should place milk carton in the dry/recyclable waste bin.
"I have a milk carton, where does it go?",You should place milk carton in the dry/recyclable waste bin.
Where should I put my milk carton?,You should place milk carton in the dry/recyclable waste bin.
Can you tell me where to throw milk carton?,You should place milk carton in the dry/recyclable waste bin.
milk carton disposal method?,You should place milk carton in the dry/recyclable waste bin.
How should I throw away milk carton?,You should place milk carton in the dry/recyclable waste bin.
"Throwing out milk carton, which bin?",You should place milk carton in the dry/recyclable waste bin.
I need to discard milk carton.,You should place milk carton in the dry/recyclable waste bin.
Discard milk carton.,You should place milk carton in the dry/recyclable waste bin.
Where do I throw my empty deodorant?,You should place empty deodorant in the dry/recyclable waste bin.
How do I dispose of a empty deodorant?,You should place empty deodorant in the dry/recyclable waste bin.
Can I throw away empty deodorant in the trash?,You should place empty deodorant in the dry/recyclable waste bin.
Which bin does empty deodorant go into?,You should place empty deodorant in the dry/recyclable waste bin.
Is it okay to throw empty deodorant here?,You should place empty deodorant in the dry/recyclable waste bin.
Tell me how to get rid of empty deodorant.,You should place empty deodorant in the dry/recyclable waste bin.
What to do with old empty deodorant?,You should place empty deodorant in the dry/recyclable waste bin.
Help me dispose of empty deodorant.,You should place empty deodorant in the dry/recyclable waste bin.
Where does empty deodorant belong?,You should place empty deodorant in the dry/recyclable waste bin.
"I have a empty deodorant, where does it go?",You should place empty deodorant in the dry/recyclable waste bin.
Where should I put my empty deodorant?,You should place empty deodorant in the dry/recyclable waste bin.
Can you tell me where to throw empty deodorant?,You should place empty deodorant in the dry/recyclable waste bin.
empty deodorant disposal method?,You should place empty deodorant in the dry/recyclable waste bin.
How should I throw away empty deodorant?,You should place empty deodorant in the dry/recyclable waste bin.
"Throwing out empty deodorant, which bin?",You should place empty deodorant in the dry/recyclable waste bin.
I need to discard empty deodorant.,You should place empty deodorant in the dry/recyclable waste bin.
Discard empty deodorant.,You should place empty deodorant in the dry/recyclable waste bin.
Where do I throw my cereal box?,You should place cereal box in the dry/recyclable waste bin.
How do I dispose of a cereal box?,You should place cereal box in the dry/recyclable waste bin.
Can I throw away cereal box in the trash?,You should place cereal box in the dry/recyclable waste bin.
Which bin does cereal box go into?,You should place cereal box in the dry/recyclable waste bin.
Is it okay to throw cereal box here?,You should place cereal box in the dry/recyclable waste bin.
Tell me how to get rid of cereal box.,You should place cereal box in the dry/recyclable waste bin.
What to do with old cereal box?,You should place cereal box in the dry/recyclable waste bin.
Help me dispose of cereal box.,You should place cereal box in the dry/recyclable waste bin.
Where does cereal box belong?,You should place cereal box in the dry/recyclable waste bin.
"I have a cereal box, where does it go?",You should place cereal box in the dry/recyclable waste bin.
Where should I put my cereal box?,You should place cereal box in the dry/recyclable waste bin.
Can you tell me where to throw cereal box?,You should place cereal box in the dry/recyclable waste bin.
cereal box disposal method?,You should place cereal box in the dry/recyclable waste bin.
How should I throw away cereal box?,You should place cereal box in the dry/recyclable waste bin.
"Throwing out cereal box, which bin?",You should place cereal box in the dry/recyclable waste bin.
I need to discard cereal box.,You should place cereal box in the dry/recyclable waste bin.
Discard cereal box.,You should place cereal box in the dry/recyclable waste bin.
Where do I throw my wrapping paper?,You should place wrapping paper in the dry/recyclable waste bin.
How do I dispose of a wrapping paper?,You should place wrapping paper in the dry/recyclable waste bin.
Can I throw away wrapping paper in the trash?,You should place wrapping paper in the dry/recyclable waste bin.
Which bin does wrapping paper go into?,You should place wrapping paper in the dry/recyclable waste bin.
Is it okay to throw wrapping paper here?,You should place wrapping paper in the dry/recyclable waste bin.
Tell me how to get rid of wrapping paper.,You should place wrapping paper in the dry/recyclable waste bin.
What to do with old wrapping paper?,You should place wrapping paper in the dry/recyclable waste bin.
Help me dispose of wrapping paper.,You should place wrapping paper in the dry/recyclable waste bin.
Where does wrapping paper belong?,You should place wrapping paper in the dry/recyclable waste bin.
"I have a wrapping paper, where does it go?",You should place wrapping paper in the dry/recyclable waste bin.
Where should I put my wrapping paper?,You should place wrapping paper in the dry/recyclable waste bin.
Can you tell me where to throw wrapping paper?,You should place wrapping paper in the dry/recyclable waste bin.
wrapping paper disposal method?,You should place wrapping paper in the dry/recyclable waste bin.
How should I throw away wrapping paper?,You should place wrapping paper in the dry/recyclable waste bin.
"Throwing out wrapping paper, which bin?",You should place wrapping paper in the dry/recyclable waste bin.
I need to discard wrapping paper.,You should place wrapping paper in the dry/recyclable waste bin.
Discard wrapping paper.,You should place wrapping paper in the dry/recyclable waste bin.
Where do I throw my plastic container?,You should place plastic container in the dry/recyclable waste bin.
How do I dispose of a plastic container?,You should place plastic container in the dry/recyclable waste bin.
Can I throw away plastic container in the trash?,You should place plastic container in the dry/recyclable waste bin.
Which bin does plastic container go into?,You should place plastic container in the dry/recyclable waste bin.
Is it okay to throw plastic container here?,You should place plastic container in the dry/recyclable waste bin.
Tell me how to get rid of plastic container.,You should place plastic container in the dry/recyclable waste bin.
What to do with old plastic container?,You should place plastic container in the dry/recyclable waste bin.
Help me dispose of plastic container.,You should place plastic container in the dry/recyclable waste bin.
Where does plastic container belong?,You should place plastic container in the dry/recyclable waste bin.
"I have a plastic container, where does it go?",You should place plastic container in the dry/recyclable waste bin.
Where should I put my plastic container?,You should place plastic container in the dry/recyclable waste bin.
Can you tell me where to throw plastic container?,You should place plastic container in the dry/recyclable waste bin.
plastic container disposal method?,You should place plastic container in the dry/recyclable waste bin.
How should I throw away plastic container?,You should place plastic container in the dry/recyclable waste bin.
"Throwing out plastic container, which bin?",You should place plastic container in the dry/recyclable waste bin.
I need to discard plastic container.,You should place plastic container in the dry/recyclable waste bin.
Discard plastic container.,You should place plastic container in the dry/recyclable waste bin.
Where do I throw my wine bottle?,You should place wine bottle in the dry/recyclable waste bin.
How do I dispose of a wine bottle?,You should place wine bottle in the dry/recyclable waste bin.
Can I throw away wine bottle in the trash?,You should place wine bottle in the dry/recyclable waste bin.
Which bin does wine bottle go into?,You should place wine bottle in the dry/recyclable waste bin.
Is it okay to throw wine bottle here?,You should place wine bottle in the dry/recyclable waste bin.
Tell me how to get rid of wine bottle.,You should place wine bottle in the dry/recyclable waste bin.
What to do with old wine bottle?,You should place wine bottle in the dry/recyclable waste bin.
Help me dispose of wine bottle.,You should place wine bottle in the dry/recyclable waste bin.
Where does wine bottle belong?,You should place wine bottle in the dry/recyclable waste bin.
"I have a wine bottle, where does it go?",You should place wine bottle in the dry/recyclable waste bin.
Where should I put my wine bottle?,You should place wine bottle in the dry/recyclable waste bin.
Can you tell me where to throw wine bottle?,You should place wine bottle in the dry/recyclable waste bin.
wine bottle disposal method?,You should place wine bottle in the dry/recyclable waste bin.
How should I throw away wine bottle?,You should place wine bottle in the dry/recyclable waste bin.
"Throwing out wine bottle, which bin?",You should place wine bottle in the dry/recyclable waste bin.
I need to discard wine bottle.,You should place wine bottle in the dry/recyclable waste bin.
Discard wine bottle.,You should place wine bottle in the dry/recyclable waste bin.
Where do I throw my beer can?,You should place beer can in the dry/recyclable waste bin.
How do I dispose of a beer can?,You should place beer can in the dry/recyclable waste bin.
Can I throw away beer can in the trash?,You should place beer can in the dry/recyclable waste bin.
Which bin does beer can go into?,You should place beer can in the dry/recyclable waste bin.
Is it okay to throw beer can here?,You should place beer can in the dry/recyclable waste bin.
Tell me how to get rid of beer can.,You should place beer can in the dry/recyclable waste bin.
What to do with old beer can?,You should place beer can in the dry/recyclable waste bin.
Help me dispose of beer can.,You should place beer can in the dry/recyclable waste bin.
Where does beer can belong?,You should place beer can in the dry/recyclable waste bin.
"I have a beer can, where does it go?",You should place beer can in the dry/recyclable waste bin.
Where should I put my beer can?,You should place beer can in the dry/recyclable waste bin.
Can you tell me where to throw beer can?,You should place beer can in the dry/recyclable waste bin.
beer can disposal method?,You should place beer can in the dry/recyclable waste bin.
How should I throw away beer can?,You should place beer can in the dry/recyclable waste bin.
"Throwing out beer can, which bin?",You should place beer can in the dry/recyclable waste bin.
I need to discard beer can.,You should place beer can in the dry/recyclable waste bin.
Discard beer can.,You should place beer can in the dry/recyclable waste bin.
Where do I throw my soda can?,You should place soda can in the dry/recyclable waste bin.
How do I dispose of a soda can?,You should place soda can in the dry/recyclable waste bin.
Can I throw away soda can in the trash?,You should place soda can in the dry/recyclable waste bin.
Which bin does soda can go into?,You should place soda can in the dry/recyclable waste bin.
Is it okay to throw soda can here?,You should place soda can in the dry/recyclable waste bin.
Tell me how to get rid of soda can.,You should place soda can in the dry/recyclable waste bin.
What to do with old soda can?,You should place soda can in the dry/recyclable waste bin.
Help me dispose of soda can.,You should place soda can in the dry/recyclable waste bin.
Where does soda can belong?,You should place soda can in the dry/recyclable waste bin.
"I have a soda can, where does it go?",You should place soda can in the dry/recyclable waste bin.
Where should I put my soda can?,You should place soda can in the dry/recyclable waste bin.
Can you tell me where to throw soda can?,You should place soda can in the dry/recyclable waste bin.
soda can disposal method?,You should place soda can in the dry/recyclable waste bin.
How should I throw away soda can?,You should place soda can in the dry/recyclable waste bin.
"Throwing out soda can, which bin?",You should place soda can in the dry/recyclable waste bin.
I need to discard soda can.,You should place soda can in the dry/recyclable waste bin.
Discard soda can.,You should place soda can in the dry/recyclable waste bin.
Where do I throw my paper bag?,You should place paper bag in the dry/recyclable waste bin.
How do I dispose of a paper bag?,You should place paper bag in the dry/recyclable waste bin.
Can I throw away paper bag in the trash?,You should place paper bag in the dry/recyclable waste bin.
Which bin does paper bag go into?,You should place paper bag in the dry/recyclable waste bin.
Is it okay to throw paper bag here?,You should place paper bag in the dry/recyclable waste bin.
Tell me how to get rid of paper bag.,You should place paper bag in the dry/recyclable waste bin.
What to do with old paper bag?,You should place paper bag in the dry/recyclable waste bin.
Help me dispose of paper bag.,You should place paper bag in the dry/recyclable waste bin.
Where does paper bag belong?,You should place paper bag in the dry/recyclable waste bin.
"I have a paper bag, where does it go?",You should place paper bag in the dry/recyclable waste bin.
Where should I put my paper bag?,You should place paper bag in the dry/recyclable waste bin.
Can you tell me where to throw paper bag?,You should place paper bag in the dry/recyclable waste bin.
paper bag disposal method?,You should place paper bag in the dry/recyclable waste bin.
How should I throw away paper bag?,You should place paper bag in the dry/recyclable waste bin.
"Throwing out paper bag, which bin?",You should place paper bag in the dry/recyclable waste bin.
I need to discard paper bag.,You should place paper bag in the dry/recyclable waste bin.
Discard paper bag.,You should place paper bag in the dry/recyclable waste bin.
Where do I throw my pizza box (clean)?,You should place pizza box (clean) in the dry/recyclable waste bin.
How do I dispose of a pizza box (clean)?,You should place pizza box (clean) in the dry/recyclable waste bin.
Can I throw away pizza box (clean) in the trash?,You should place pizza box (clean) in the dry/recyclable waste bin.
Which bin does pizza box (clean) go into?,You should place pizza box (clean) in the dry/recyclable waste bin.
Is it okay to throw pizza box (clean) here?,You should place pizza box (clean) in the dry/recyclable waste bin.
Tell me how to get rid of pizza box (clean).,You should place pizza box (clean) in the dry/recyclable waste bin.
What to do with old pizza box (clean)?,You should place pizza box (clean) in the dry/recyclable waste bin.
Help me dispose of pizza box (clean).,You should place pizza box (clean) in the dry/recyclable waste bin.
Where does pizza box (clean) belong?,You should place pizza box (clean) in the dry/recyclable waste bin.
"I have a pizza box (clean), where does it go?",You should place pizza box (clean) in the dry/recyclable waste bin.
Where should I put my pizza box (clean)?,You should place pizza box (clean) in the dry/recyclable waste bin.
Can you tell me where to throw pizza box (clean)?,You should place pizza box (clean) in the dry/recyclable waste bin.
pizza box (clean) disposal method?,You should place pizza box (clean) in the dry/recyclable waste bin.
How should I throw away pizza box (clean)?,You should place pizza box (clean) in the dry/recyclable waste bin.
"Throwing out pizza box (clean), which bin?",You should place pizza box (clean) in the dry/recyclable waste bin.
I need to discard pizza box (clean).,You should place pizza box (clean) in the dry/recyclable waste bin.
Discard pizza box (clean).,You should place pizza box (clean) in the dry/recyclable waste bin.
Where do I throw my junk mail?,You should place junk mail in the dry/recyclable waste bin.
How do I dispose of a junk mail?,You should place junk mail in the dry/recyclable waste bin.
Can I throw away junk mail in the trash?,You should place junk mail in the dry/recyclable waste bin.
Which bin does junk mail go into?,You should place junk mail in the dry/recyclable waste bin.
Is it okay to throw junk mail here?,You should place junk mail in the dry/recyclable waste bin.
Tell me how to get rid of junk mail.,You should place junk mail in the dry/recyclable waste bin.
What to do with old junk mail?,You should place junk mail in the dry/recyclable waste bin.
Help me dispose of junk mail.,You should place junk mail in the dry/recyclable waste bin.
Where does junk mail belong?,You should place junk mail in the dry/recyclable waste bin.
"I have a junk mail, where does it go?",You should place junk mail in the dry/recyclable waste bin.
Where should I put my junk mail?,You should place junk mail in the dry/recyclable waste bin.
Can you tell me where to throw junk mail?,You should place junk mail in the dry/recyclable waste bin.
junk mail disposal method?,You should place junk mail in the dry/recyclable waste bin.
How should I throw away junk mail?,You should place junk mail in the dry/recyclable waste bin.
"Throwing out junk mail, which bin?",You should place junk mail in the dry/recyclable waste bin.
I need to discard junk mail.,You should place junk mail in the dry/recyclable waste bin.
Discard junk mail.,You should place junk mail in the dry/recyclable waste bin.
Where do I throw my office paper?,You should place office paper in the dry/recyclable waste bin.
How do I dispose of a office paper?,You should place office paper in the dry/recyclable waste bin.
Can I throw away office paper in the trash?,You should place office paper in the dry/recyclable waste bin.
Which bin does office paper go into?,You should place office paper in the dry/recyclable waste bin.
Is it okay to throw office paper here?,You should place office paper in the dry/recyclable waste bin.
Tell me how to get rid of office paper.,You should place office paper in the dry/recyclable waste bin.
What to do with old office paper?,You should place office paper in the dry/recyclable waste bin.
Help me dispose of office paper.,You should place office paper in the dry/recyclable waste bin.
Where does office paper belong?,You should place office paper in the dry/recyclable waste bin.
"I have a office paper, where does it go?",You should place office paper in the dry/recyclable waste bin.
Where should I put my office paper?,You should place office paper in the dry/recyclable waste bin.
Can you tell me where to throw office paper?,You should place office paper in the dry/recyclable waste bin.
office paper disposal method?,You should place office paper in the dry/recyclable waste bin.
How should I throw away office paper?,You should place office paper in the dry/recyclable waste bin.
"Throwing out office paper, which bin?",You should place office paper in the dry/recyclable waste bin.
I need to discard office paper.,You should place office paper in the dry/recyclable waste bin.
Discard office paper.,You should place office paper in the dry/recyclable waste bin.
Where do I throw my detergent bottle?,You should place detergent bottle in the dry/recyclable waste bin.
How do I dispose of a detergent bottle?,You should place detergent bottle in the dry/recyclable waste bin.
Can I throw away detergent bottle in the trash?,You should place detergent bottle in the dry/recyclable waste bin.
Which bin does detergent bottle go into?,You should place detergent bottle in the dry/recyclable waste bin.
Is it okay to throw detergent bottle here?,You should place detergent bottle in the dry/recyclable waste bin.
Tell me how to get rid of detergent bottle.,You should place detergent bottle in the dry/recyclable waste bin.
What to do with old detergent bottle?,You should place detergent bottle in the dry/recyclable waste bin.
Help me dispose of detergent bottle.,You should place detergent bottle in the dry/recyclable waste bin.
Where does detergent bottle belong?,You should place detergent bottle in the dry/recyclable waste bin.
"I have a detergent bottle, where does it go?",You should place detergent bottle in the dry/recyclable waste bin.
Where should I put my detergent bottle?,You should place detergent bottle in the dry/recyclable waste bin.
Can you tell me where to throw detergent bottle?,You should place detergent bottle in the dry/recyclable waste bin.
detergent bottle disposal method?,You should place detergent bottle in the dry/recyclable waste bin.
How should I throw away detergent bottle?,You should place detergent bottle in the dry/recyclable waste bin.
"Throwing out detergent bottle, which bin?",You should place detergent bottle in the dry/recyclable waste bin.
I need to discard detergent bottle.,You should place detergent bottle in the dry/recyclable waste bin.
Discard detergent bottle.,You should place detergent bottle in the dry/recyclable waste bin.
Where do I throw my broken glass?,You should place broken glass in the dry/recyclable waste bin.
How do I dispose of a broken glass?,You should place broken glass in the dry/recyclable waste bin.
Can I throw away broken glass in the trash?,You should place broken glass in the dry/recyclable waste bin.
Which bin does broken glass go into?,You should place broken glass in the dry/recyclable waste bin.
Is it okay to throw broken glass here?,You should place broken glass in the dry/recyclable waste bin.
Tell me how to get rid of broken glass.,You should place broken glass in the dry/recyclable waste bin.
What to do with old broken glass?,You should place broken glass in the dry/recyclable waste bin.
Help me dispose of broken glass.,You should place broken glass in the dry/recyclable waste bin.
Where does broken glass belong?,You should place broken glass in the dry/recyclable waste bin.
"I have a broken glass, where does it go?",You should place broken glass in the dry/recyclable waste bin.
Where should I put my broken glass?,You should place broken glass in the dry/recyclable waste bin.
Can you tell me where to throw broken glass?,You should place broken glass in the dry/recyclable waste bin.
broken glass disposal method?,You should place broken glass in the dry/recyclable waste bin.
How should I throw away broken glass?,You should place broken glass in the dry/recyclable waste bin.
"Throwing out broken glass, which bin?",You should place broken glass in the dry/recyclable waste bin.
I need to discard broken glass.,You should place broken glass in the dry/recyclable waste bin.
Discard broken glass.,You should place broken glass in the dry/recyclable waste bin.
Where do I throw my plastic cup?,You should place plastic cup in the dry/recyclable waste bin.
How do I dispose of a plastic cup?,You should place plastic cup in the dry/recyclable waste bin.
Can I throw away plastic cup in the trash?,You should place plastic cup in the dry/recyclable waste bin.
Which bin does plastic cup go into?,You should place plastic cup in the dry/recyclable waste bin.
Is it okay to throw plastic cup here?,You should place plastic cup in the dry/recyclable waste bin.
Tell me how to get rid of plastic cup.,You should place plastic cup in the dry/recyclable waste bin.
What to do with old plastic cup?,You should place plastic cup in the dry/recyclable waste bin.
Help me dispose of plastic cup.,You should place plastic cup in the dry/recyclable waste bin.
Where does plastic cup belong?,You should place plastic cup in the dry/recyclable waste bin.
"I have a plastic cup, where does it go?",You should place plastic cup in the dry/recyclable waste bin.
Where should I put my plastic cup?,You should place plastic cup in the dry/recyclable waste bin.
Can you tell me where to throw plastic cup?,You should place plastic cup in the dry/recyclable waste bin.
plastic cup disposal method?,You should place plastic cup in the dry/recyclable waste bin.
How should I throw away plastic cup?,You should place plastic cup in the dry/recyclable waste bin.
"Throwing out plastic cup, which bin?",You should place plastic cup in the dry/recyclable waste bin.
I need to discard plastic cup.,You should place plastic cup in the dry/recyclable waste bin.
Discard plastic cup.,You should place plastic cup in the dry/recyclable waste bin.
Where do I throw my metal lid?,You should place metal lid in the dry/recyclable waste bin.
How do I dispose of a metal lid?,You should place metal lid in the dry/recyclable waste bin.
Can I throw away metal lid in the trash?,You should place metal lid in the dry/recyclable waste bin.
Which bin does metal lid go into?,You should place metal lid in the dry/recyclable waste bin.
Is it okay to throw metal lid here?,You should place metal lid in the dry/recyclable waste bin.
Tell me how to get rid of metal lid.,You should place metal lid in the dry/recyclable waste bin.
What to do with old metal lid?,You should place metal lid in the dry/recyclable waste bin.
Help me dispose of metal lid.,You should place metal lid in the dry/recyclable waste bin.
Where does metal lid belong?,You should place metal lid in the dry/recyclable waste bin.
"I have a metal lid, where does it go?",You should place metal lid in the dry/recyclable waste bin.
Where should I put my metal lid?,You should place metal lid in the dry/recyclable waste bin.
Can you tell me where to throw metal lid?,You should place metal lid in the dry/recyclable waste bin.
metal lid disposal method?,You should place metal lid in the dry/recyclable waste bin.
How should I throw away metal lid?,You should place metal lid in the dry/recyclable waste bin.
"Throwing out metal lid, which bin?",You should place metal lid in the dry/recyclable waste bin.
I need to discard metal lid.,You should place metal lid in the dry/recyclable waste bin.
Discard metal lid.,You should place metal lid in the dry/recyclable waste bin.
Where do I throw my cookie box?,You should place cookie box in the dry/recyclable waste bin.
How do I dispose of a cookie box?,You should place cookie box in the dry/recyclable waste bin.
Can I throw away cookie box in the trash?,You should place cookie box in the dry/recyclable waste bin.
Which bin does cookie box go into?,You should place cookie box in the dry/recyclable waste bin.
Is it okay to throw cookie box here?,You should place cookie box in the dry/recyclable waste bin.
Tell me how to get rid of cookie box.,You should place cookie box in the dry/recyclable waste bin.
What to do with old cookie box?,You should place cookie box in the dry/recyclable waste bin.
Help me dispose of cookie box.,You should place cookie box in the dry/recyclable waste bin.
Where does cookie box belong?,You should place cookie box in the dry/recyclable waste bin.
"I have a cookie box, where does it go?",You should place cookie box in the dry/recyclable waste bin.
Where should I put my cookie box?,You should place cookie box in the dry/recyclable waste bin.
Can you tell me where to throw cookie box?,You should place cookie box in the dry/recyclable waste bin.
cookie box disposal method?,You should place cookie box in the dry/recyclable waste bin.
How should I throw away cookie box?,You should place cookie box in the dry/recyclable waste bin.
"Throwing out cookie box, which bin?",You should place cookie box in the dry/recyclable waste bin.
I need to discard cookie box.,You should place cookie box in the dry/recyclable waste bin.
Discard cookie box.,You should place cookie box in the dry/recyclable waste bin.
Where do I throw my apple core?,apple core should be placed in the wet/organic waste bin for composting.
How do I dispose of a apple core?,apple core should be placed in the wet/organic waste bin for composting.
Can I throw away apple core in the trash?,apple core should be placed in the wet/organic waste bin for composting.
Which bin does apple core go into?,apple core should be placed in the wet/organic waste bin for composting.
Is it okay to throw apple core here?,apple core should be placed in the wet/organic waste bin for composting.
Tell me how to get rid of apple core.,apple core should be placed in the wet/organic waste bin for composting.
What to do with old apple core?,apple core should be placed in the wet/organic waste bin for composting.
Help me dispose of apple core.,apple core should be placed in the wet/organic waste bin for composting.
Where does apple core belong?,apple core should be placed in the wet/organic waste bin for composting.
"I have a apple core, where does it go?",apple core should be placed in the wet/organic waste bin for composting.
Where should I put my apple core?,apple core should be placed in the wet/organic waste bin for composting.
Can you tell me where to throw apple core?,apple core should be placed in the wet/organic waste bin for composting.
apple core disposal method?,apple core should be placed in the wet/organic waste bin for composting.
How should I throw away apple core?,apple core should be placed in the wet/organic waste bin for composting.
"Throwing out apple core, which bin?",apple core should be placed in the wet/organic waste bin for composting.
I need to discard apple core.,apple core should be placed in the wet/organic waste bin for composting.
Discard apple core.,apple core should be placed in the wet/organic waste bin for composting.
Where do I throw my banana peel?,banana peel should be placed in the wet/organic waste bin for composting.
How do I dispose of a banana peel?,banana peel should be placed in the wet/organic waste bin for composting.
Can I throw away banana peel in the trash?,banana peel should be placed in the wet/organic waste bin for composting.
Which bin does banana peel go into?,banana peel should be placed in the wet/organic waste bin for composting.
Is it okay to throw banana peel here?,banana peel should be placed in the wet/organic waste bin for composting.
Tell me how to get rid of banana peel.,banana peel should be placed in the wet/organic waste bin for composting.
What to do with old banana peel?,banana peel should be placed in the wet/organic waste bin for composting.
Help me dispose of banana peel.,banana peel should be placed in the wet/organic waste bin for composting.
Where does banana peel belong?,banana peel should be placed in the wet/organic waste bin for composting.
"I have a banana peel, where does it go?",banana peel should be placed in the wet/organic waste bin for composting.
Where should I put my banana peel?,banana peel should be placed in the wet/organic waste bin for composting.
Can you tell me where to throw banana peel?,banana peel should be placed in the wet/organic waste bin for composting.
banana peel disposal method?,banana peel should be placed in the wet/organic waste bin for composting.
How should I throw away banana peel?,banana peel should be placed in the wet/organic waste bin for composting.
"Throwing out banana peel, which bin?",banana peel should be placed in the wet/organic waste bin for composting.
I need to discard banana peel.,banana peel should be placed in the wet/organic waste bin for composting.
Discard banana peel.,banana peel should be placed in the wet/organic waste bin for composting.
Where do I throw my coffee grounds?,coffee grounds should be placed in the wet/organic waste bin for composting.
How do I dispose of a coffee grounds?,coffee grounds should be placed in the wet/organic waste bin for composting.
Can I throw away coffee grounds in the trash?,coffee grounds should be placed in the wet/organic waste bin for composting.
Which bin does coffee grounds go into?,coffee grounds should be placed in the wet/organic waste bin for composting.
Is it okay to throw coffee grounds here?,coffee grounds should be placed in the wet/organic waste bin for composting.
Tell me how to get rid of coffee grounds.,coffee grounds should be placed in the wet/organic waste bin for composting.
What to do with old coffee grounds?,coffee grounds should be placed in the wet/organic waste bin for composting.
Help me dispose of coffee grounds.,coffee grounds should be placed in the wet/organic waste bin for composting.
Where does coffee grounds belong?,coffee grounds should be placed in the wet/organic waste bin for composting.
"I have a coffee grounds, where does it go?",coffee grounds should be placed in the wet/organic waste bin for composting.
Where should I put my coffee grounds?,coffee grounds should be placed in the wet/organic waste bin for composting.
Can you tell me where to throw coffee grounds?,coffee grounds should be placed in the wet/organic waste bin for composting.
coffee grounds disposal method?,coffee grounds should be placed in the wet/organic waste bin for composting.
How should I throw away coffee grounds?,coffee grounds should be placed in the wet/organic waste bin for composting.
"Throwing out coffee grounds, which bin?",coffee grounds should be placed in the wet/organic waste bin for composting.
I need to discard coffee grounds.,coffee grounds should be placed in the wet/organic waste bin for composting.
Discard coffee grounds.,coffee grounds should be placed in the wet/organic waste bin for composting.
Where do I throw my tea bags?,tea bags should be placed in the wet/organic waste bin for composting.
How do I dispose of a tea bags?,tea bags should be placed in the wet/organic waste bin for composting.
Can I throw away tea bags in the trash?,tea bags should be placed in the wet/organic waste bin for composting.
Which bin does tea bags go into?,tea bags should be placed in the wet/organic waste bin for composting.
Is it okay to throw tea bags here?,tea bags should be placed in the wet/organic waste bin for composting.
Tell me how to get rid of tea bags.,tea bags should be placed in the wet/organic waste bin for composting.
What to do with old tea bags?,tea bags should be placed in the wet/organic waste bin for composting.
Help me dispose of tea bags.,tea bags should be placed in the wet/organic waste bin for composting.
Where does tea bags belong?,tea bags should be placed in the wet/organic waste bin for composting.
"I have a tea bags, where does it go?",tea bags should be placed in the wet/organic waste bin for composting.
Where should I put my tea bags?,tea bags should be placed in the wet/organic waste bin for composting.
Can you tell me where to throw tea bags?,tea bags should be placed in the wet/organic waste bin for composting.
tea bags disposal method?,tea bags should be placed in the wet/organic waste bin for composting.
How should I throw away tea bags?,tea bags should be placed in the wet/organic waste bin for composting.
"Throwing out tea bags, which bin?",tea bags should be placed in the wet/organic waste bin for composting.
I need to discard tea bags.,tea bags should be placed in the wet/organic waste bin for composting.
Discard tea bags.,tea bags should be placed in the wet/organic waste bin for composting.
Where do I throw my eggshells?,eggshells should be placed in the wet/organic waste bin for composting.
How do I dispose of a eggshells?,eggshells should be placed in the wet/organic waste bin for composting.
Can I throw away eggshells in the trash?,eggshells should be placed in the wet/organic waste bin for composting.
Which bin does eggshells go into?,eggshells should be placed in the wet/organic waste bin for composting.
Is it okay to throw eggshells here?,eggshells should be placed in the wet/organic waste bin for composting.
Tell me how to get rid of eggshells.,eggshells should be placed in the wet/organic waste bin for composting.
What to do with old eggshells?,eggshells should be placed in the wet/organic waste bin for composting.
Help me dispose of eggshells.,eggshells should be placed in the wet/organic waste bin for composting.
Where does eggshells belong?,eggshells should be placed in the wet/organic waste bin for composting.
"I have a eggshells, where does it go?",eggshells should be placed in the wet/organic waste bin for composting.
Where should I put my eggshells?,eggshells should be placed in the wet/organic waste bin for composting.
Can you tell me where to throw eggshells?,eggshells should be placed in the wet/organic waste bin for composting.
eggshells disposal method?,eggshells should be placed in the wet/organic waste bin for composting.
How should I throw away eggshells?,eggshells should be placed in the wet/organic waste bin for composting.
"Throwing out eggshells, which bin?",eggshells should be placed in the wet/organic waste bin for composting.
I need to discard eggshells.,eggshells should be placed in the wet/organic waste bin for composting.
Discard eggshells.,eggshells should be placed in the wet/organic waste bin for composting.
Where do I throw my leftover rice?,leftover rice should be placed in the wet/organic waste bin for composting.
How do I dispose of a leftover rice?,leftover rice should be placed in the wet/organic waste bin for composting.
Can I throw away leftover rice in the trash?,leftover rice should be placed in the wet/organic waste bin for composting.
Which bin does leftover rice go into?,leftover rice should be placed in the wet/organic waste bin for composting.
Is it okay to throw leftover rice here?,leftover rice should be placed in the wet/organic waste bin for composting.
Tell me how to get rid of leftover rice.,leftover rice should be placed in the wet/organic waste bin for composting.
What to do with old leftover rice?,leftover rice should be placed in the wet/organic waste bin for composting.
Help me dispose of leftover rice.,leftover rice should be placed in the wet/organic waste bin for composting.
Where does leftover rice belong?,leftover rice should be placed in the wet/organic waste bin for composting.
"I have a leftover rice, where does it go?",leftover rice should be placed in the wet/organic waste bin for composting.
Where should I put my leftover rice?,leftover rice should be placed in the wet/organic waste bin for composting.
Can you tell me where to throw leftover rice?,leftover rice should be placed in the wet/organic waste bin for composting.
leftover rice disposal method?,leftover rice should be placed in the wet/organic waste bin for composting.
How should I throw away leftover rice?,leftover rice should be placed in the wet/organic waste bin for composting.
"Throwing out leftover rice, which bin?",leftover rice should be placed in the wet/organic waste bin for composting.
I need to discard leftover rice.,leftover rice should be placed in the wet/organic waste bin for composting.
Discard leftover rice.,leftover rice should be placed in the wet/organic waste bin for composting.
Where do I throw my chicken bones?,chicken bones should be placed in the wet/organic waste bin for composting.
How do I dispose of a chicken bones?,chicken bones should be placed in the wet/organic waste bin for composting.
Can I throw away chicken bones in the trash?,chicken bones should be placed in the wet/organic waste bin for composting.
Which bin does chicken bones go into?,chicken bones should be placed in the wet/organic waste bin for composting.
Is it okay to throw chicken bones here?,chicken bones should be placed in the wet/organic waste bin for composting.
Tell me how to get rid of chicken bones.,chicken bones should be placed in the wet/organic waste bin for composting.
What to do with old chicken bones?,chicken bones should be placed in the wet/organic waste bin for composting.
Help me dispose of chicken bones.,chicken bones should be placed in the wet/organic waste bin for composting.
Where does chicken bones belong?,chicken bones should be placed in the wet/organic waste bin for composting.
"I have a chicken bones, where does it go?",chicken bones should be placed in the wet/organic waste bin for composting.
Where should I put my chicken bones?,chicken bones should be placed in the wet/organic waste bin for composting.
Can you tell me where to throw chicken bones?,chicken bones should be placed in the wet/organic waste bin for composting.
chicken bones disposal method?,chicken bones should be placed in the wet/organic waste bin for composting.
How should I throw away chicken bones?,chicken bones should be placed in the wet/organic waste bin for composting.
"Throwing out chicken bones, which bin?",chicken bones should be placed in the wet/organic waste bin for composting.
I need to discard chicken bones.,chicken bones should be placed in the wet/organic waste bin for composting.
Discard chicken bones.,chicken bones should be placed in the wet/organic waste bin for composting.
Where do I throw my vegetable scraps?,vegetable scraps should be placed in the wet/organic waste bin for composting.
How do I dispose of a vegetable scraps?,vegetable scraps should be placed in the wet/organic waste bin for composting.
Can I throw away vegetable scraps in the trash?,vegetable scraps should be placed in the wet/organic waste bin for composting.
Which bin does vegetable scraps go into?,vegetable scraps should be placed in the wet/organic waste bin for composting.
Is it okay to throw vegetable scraps here?,vegetable scraps should be placed in the wet/organic waste bin for composting.
Tell me how to get rid of vegetable scraps.,vegetable scraps should be placed in the wet/organic waste bin for composting.
What to do with old vegetable scraps?,vegetable scraps should be placed in the wet/organic waste bin for composting.
Help me dispose of vegetable scraps.,vegetable scraps should be placed in the wet/organic waste bin for composting.
Where does vegetable scraps belong?,vegetable scraps should be placed in the wet/organic waste bin for composting.
"I have a vegetable scraps, where does it go?",vegetable scraps should be placed in the wet/organic waste bin for composting.
Where should I put my vegetable scraps?,vegetable scraps should be placed in the wet/organic waste bin for composting.
Can you tell me where to throw vegetable scraps?,vegetable scraps should be placed in the wet/organic waste bin for composting.
vegetable scraps disposal method?,vegetable scraps should be placed in the wet/organic waste bin for composting.
How should I throw away vegetable scraps?,vegetable scraps should be placed in the wet/organic waste bin for composting.
"Throwing out vegetable scraps, which bin?",vegetable scraps should be placed in the wet/organic waste bin for composting.
I need to discard vegetable scraps.,vegetable scraps should be placed in the wet/organic waste bin for composting.
Discard vegetable scraps.,vegetable scraps should be placed in the wet/organic waste bin for composting.
Where do I throw my spoiled milk?,spoiled milk should be placed in the wet/organic waste bin for composting.
How do I dispose of a spoiled milk?,spoiled milk should be placed in the wet/organic waste bin for composting.
Can I throw away spoiled milk in the trash?,spoiled milk should be placed in the wet/organic waste bin for composting.
Which bin does spoiled milk go into?,spoiled milk should be placed in the wet/organic waste bin for composting.
Is it okay to throw spoiled milk here?,spoiled milk should be placed in the wet/organic waste bin for composting.
Tell me how to get rid of spoiled milk.,spoiled milk should be placed in the wet/organic waste bin for composting.
What to do with old spoiled milk?,spoiled milk should be placed in the wet/organic waste bin for composting.
Help me dispose of spoiled milk.,spoiled milk should be placed in the wet/organic waste bin for composting.
Where does spoiled milk belong?,spoiled milk should be placed in the wet/organic waste bin for composting.
"I have a spoiled milk, where does it go?",spoiled milk should be placed in the wet/organic waste bin for composting.
Where should I put my spoiled milk?,spoiled milk should be placed in the wet/organic waste bin for composting.
Can you tell me where to throw spoiled milk?,spoiled milk should be placed in the wet/organic waste bin for composting.
spoiled milk disposal method?,spoiled milk should be placed in the wet/organic waste bin for composting.
How should I throw away spoiled milk?,spoiled milk should be placed in the wet/organic waste bin for composting.
"Throwing out spoiled milk, which bin?",spoiled milk should be placed in the wet/organic waste bin for composting.
I need to discard spoiled milk.,spoiled milk should be placed in the wet/organic waste bin for composting.
Discard spoiled milk.,spoiled milk should be placed in the wet/organic waste bin for composting.
Where do I throw my rotten tomatoes?,rotten tomatoes should be placed in the wet/organic waste bin for composting.
How do I dispose of a rotten tomatoes?,rotten tomatoes should be placed in the wet/organic waste bin for composting.
Can I throw away rotten tomatoes in the trash?,rotten tomatoes should be placed in the wet/organic waste bin for composting.
Which bin does rotten tomatoes go into?,rotten tomatoes should be placed in the wet/organic waste bin for composting.
Is it okay to throw rotten tomatoes here?,rotten tomatoes should be placed in the wet/organic waste bin for composting.
Tell me how to get rid of rotten tomatoes.,rotten tomatoes should be placed in the wet/organic waste bin for composting.
What to do with old rotten tomatoes?,rotten tomatoes should be placed in the wet/organic waste bin for composting.
Help me dispose of rotten tomatoes.,rotten tomatoes should be placed in the wet/organic waste bin for composting.
Where does rotten tomatoes belong?,rotten tomatoes should be placed in the wet/organic waste bin for composting.
"I have a rotten tomatoes, where does it go?",rotten tomatoes should be placed in the wet/organic waste bin for composting.
Where should I put my rotten tomatoes?,rotten tomatoes should be placed in the wet/organic waste bin for composting.
Can you tell me where to throw rotten tomatoes?,rotten tomatoes should be placed in the wet/organic waste bin for composting.
rotten tomatoes disposal method?,rotten tomatoes should be placed in the wet/organic waste bin for composting.
How should I throw away rotten tomatoes?,rotten tomatoes should be placed in the wet/organic waste bin for composting.
"Throwing out rotten tomatoes, which bin?",rotten tomatoes should be placed in the wet/organic waste bin for composting.
I need to discard rotten tomatoes.,rotten tomatoes should be placed in the wet/organic waste bin for composting.
Discard rotten tomatoes.,rotten tomatoes should be placed in the wet/organic waste bin for composting.
Where do I throw my grass clippings?,grass clippings should be placed in the wet/organic waste bin for composting.
How do I dispose of a grass clippings?,grass clippings should be placed in the wet/organic waste bin for composting.
Can I throw away grass clippings in the trash?,grass clippings should be placed in the wet/organic waste bin for composting.
Which bin does grass clippings go into?,grass clippings should be placed in the wet/organic waste bin for composting.
Is it okay to throw grass clippings here?,grass clippings should be placed in the wet/organic waste bin for composting.
Tell me how to get rid of grass clippings.,grass clippings should be placed in the wet/organic waste bin for composting.
What to do with old grass clippings?,grass clippings should be placed in the wet/organic waste bin for composting.
Help me dispose of grass clippings.,grass clippings should be placed in the wet/organic waste bin for composting.
Where does grass clippings belong?,grass clippings should be placed in the wet/organic waste bin for composting.
"I have a grass clippings, where does it go?",grass clippings should be placed in the wet/organic waste bin for composting.
Where should I put my grass clippings?,grass clippings should be placed in the wet/organic waste bin for composting.
Can you tell me where to throw grass clippings?,grass clippings should be placed in the wet/organic waste bin for composting.
grass clippings disposal method?,grass clippings should be placed in the wet/organic waste bin for composting.
How should I throw away grass clippings?,grass clippings should be placed in the wet/organic waste bin for composting.
"Throwing out grass clippings, which bin?",grass clippings should be placed in the wet/organic waste bin for composting.
I need to discard grass clippings.,grass clippings should be placed in the wet/organic waste bin for composting.
Discard grass clippings.,grass clippings should be placed in the wet/organic waste bin for composting.
Where do I throw my orange peel?,orange peel should be placed in the wet/organic waste bin for composting.
How do I dispose of a orange peel?,orange peel should be placed in the wet/organic waste bin for composting.
Can I throw away orange peel in the trash?,orange peel should be placed in the wet/organic waste bin for composting.
Which bin does orange peel go into?,orange peel should be placed in the wet/organic waste bin for composting.
Is it okay to throw orange peel here?,orange peel should be placed in the wet/organic waste bin for composting.
Tell me how to get rid of orange peel.,orange peel should be placed in the wet/organic waste bin for composting.
What to do with old orange peel?,orange peel should be placed in the wet/organic waste bin for composting.
Help me dispose of orange peel.,orange peel should be placed in the wet/organic waste bin for composting.
Where does orange peel belong?,orange peel should be placed in the wet/organic waste bin for composting.
"I have a orange peel, where does it go?",orange peel should be placed in the wet/organic waste bin for composting.
Where should I put my orange peel?,orange peel should be placed in the wet/organic waste bin for composting.
Can you tell me where to throw orange peel?,orange peel should be placed in the wet/organic waste bin for composting.
orange peel disposal method?,orange peel should be placed in the wet/organic waste bin for composting.
How should I throw away orange peel?,orange peel should be placed in the wet/organic waste bin for composting.
"Throwing out orange peel, which bin?",orange peel should be placed in the wet/organic waste bin for composting.
I need to discard orange peel.,orange peel should be placed in the wet/organic waste bin for composting.
Discard orange peel.,orange peel should be placed in the wet/organic waste bin for composting.
Where do I throw my potato skins?,potato skins should be placed in the wet/organic waste bin for composting.
How do I dispose of a potato skins?,potato skins should be placed in the wet/organic waste bin for composting.
Can I throw away potato skins in the trash?,potato skins should be placed in the wet/organic waste bin for composting.
Which bin does potato skins go into?,potato skins should be placed in the wet/organic waste bin for composting.
Is it okay to throw potato skins here?,potato skins should be placed in the wet/organic waste bin for composting.
Tell me how to get rid of potato skins.,potato skins should be placed in the wet/organic waste bin for composting.
What to do with old potato skins?,potato skins should be placed in the wet/organic waste bin for composting.
Help me dispose of potato skins.,potato skins should be placed in the wet/organic waste bin for composting.
Where does potato skins belong?,potato skins should be placed in the wet/organic waste bin for composting.
"I have a potato skins, where does it go?",potato skins should be placed in the wet/organic waste bin for composting.
Where should I put my potato skins?,potato skins should be placed in the wet/organic waste bin for composting.
Can you tell me where to throw potato skins?,potato skins should be placed in the wet/organic waste bin for composting.
potato skins disposal method?,potato skins should be placed in the wet/organic waste bin for composting.
How should I throw away potato skins?,potato skins should be placed in the wet/organic waste bin for composting.
"Throwing out potato skins, which bin?",potato skins should be placed in the wet/organic waste bin for composting.
I need to discard potato skins.,potato skins should be placed in the wet/organic waste bin for composting.
Discard potato skins.,potato skins should be placed in the wet/organic waste bin for composting.
Where do I throw my rotten meat?,rotten meat should be placed in the wet/organic waste bin for composting.
How do I dispose of a rotten meat?,rotten meat should be placed in the wet/organic waste bin for composting.
Can I throw away rotten meat in the trash?,rotten meat should be placed in the wet/organic waste bin for composting.
Which bin does rotten meat go into?,rotten meat should be placed in the wet/organic waste bin for composting.
Is it okay to throw rotten meat here?,rotten meat should be placed in the wet/organic waste bin for composting.
Tell me how to get rid of rotten meat.,rotten meat should be placed in the wet/organic waste bin for composting.
What to do with old rotten meat?,rotten meat should be placed in the wet/organic waste bin for composting.
Help me dispose of rotten meat.,rotten meat should be placed in the wet/organic waste bin for composting.
Where does rotten meat belong?,rotten meat should be placed in the wet/organic waste bin for composting.
"I have a rotten meat, where does it go?",rotten meat should be placed in the wet/organic waste bin for composting.
Where should I put my rotten meat?,rotten meat should be placed in the wet/organic waste bin for composting.
Can you tell me where to throw rotten meat?,rotten meat should be placed in the wet/organic waste bin for composting.
rotten meat disposal method?,rotten meat should be placed in the wet/organic waste bin for composting.
How should I throw away rotten meat?,rotten meat should be placed in the wet/organic waste bin for composting.
"Throwing out rotten meat, which bin?",rotten meat should be placed in the wet/organic waste bin for composting.
I need to discard rotten meat.,rotten meat should be placed in the wet/organic waste bin for composting.
Discard rotten meat.,rotten meat should be placed in the wet/organic waste bin for composting.
Where do I throw my fish bones?,fish bones should be placed in the wet/organic waste bin for composting.
How do I dispose of a fish bones?,fish bones should be placed in the wet/organic waste bin for composting.
Can I throw away fish bones in the trash?,fish bones should be placed in the wet/organic waste bin for composting.
Which bin does fish bones go into?,fish bones should be placed in the wet/organic waste bin for composting.
Is it okay to throw fish bones here?,fish bones should be placed in the wet/organic waste bin for composting.
Tell me how to get rid of fish bones.,fish bones should be placed in the wet/organic waste bin for composting.
What to do with old fish bones?,fish bones should be placed in the wet/organic waste bin for composting.
Help me dispose of fish bones.,fish bones should be placed in the wet/organic waste bin for composting.
Where does fish bones belong?,fish bones should be placed in the wet/organic waste bin for composting.
"I have a fish bones, where does it go?",fish bones should be placed in the wet/organic waste bin for composting.
Where should I put my fish bones?,fish bones should be placed in the wet/organic waste bin for composting.
Can you tell me where to throw fish bones?,fish bones should be placed in the wet/organic waste bin for composting.
fish bones disposal method?,fish bones should be placed in the wet/organic waste bin for composting.
How should I throw away fish bones?,fish bones should be placed in the wet/organic waste bin for composting.
"Throwing out fish bones, which bin?",fish bones should be placed in the wet/organic waste bin for composting.
I need to discard fish bones.,fish bones should be placed in the wet/organic waste bin for composting.
Discard fish bones.,fish bones should be placed in the wet/organic waste bin for composting.
Where do I throw my dead leaves?,dead leaves should be placed in the wet/organic waste bin for composting.
How do I dispose of a dead leaves?,dead leaves should be placed in the wet/organic waste bin for composting.
Can I throw away dead leaves in the trash?,dead leaves should be placed in the wet/organic waste bin for composting.
Which bin does dead leaves go into?,dead leaves should be placed in the wet/organic waste bin for composting.
Is it okay to throw dead leaves here?,dead leaves should be placed in the wet/organic waste bin for composting.
Tell me how to get rid of dead leaves.,dead leaves should be placed in the wet/organic waste bin for composting.
What to do with old dead leaves?,dead leaves should be placed in the wet/organic waste bin for composting.
Help me dispose of dead leaves.,dead leaves should be placed in the wet/organic waste bin for composting.
Where does dead leaves belong?,dead leaves should be placed in the wet/organic waste bin for composting.
"I have a dead leaves, where does it go?",dead leaves should be placed in the wet/organic waste bin for composting.
Where should I put my dead leaves?,dead leaves should be placed in the wet/organic waste bin for composting.
Can you tell me where to throw dead leaves?,dead leaves should be placed in the wet/organic waste bin for composting.
dead leaves disposal method?,dead leaves should be placed in the wet/organic waste bin for composting.
How should I throw away dead leaves?,dead leaves should be placed in the wet/organic waste bin for composting.
"Throwing out dead leaves, which bin?",dead leaves should be placed in the wet/organic waste bin for composting.
I need to discard dead leaves.,dead leaves should be placed in the wet/organic waste bin for composting.
Discard dead leaves.,dead leaves should be placed in the wet/organic waste bin for composting.
Where do I throw my flower petals?,flower petals should be placed in the wet/organic waste bin for composting.
How do I dispose of a flower petals?,flower petals should be placed in the wet/organic waste bin for composting.
Can I throw away flower petals in the trash?,flower petals should be placed in the wet/organic waste bin for composting.
Which bin does flower petals go into?,flower petals should be placed in the wet/organic waste bin for composting.
Is it okay to throw flower petals here?,flower petals should be placed in the wet/organic waste bin for composting.
Tell me how to get rid of flower petals.,flower petals should be placed in the wet/organic waste bin for composting.
What to do with old flower petals?,flower petals should be placed in the wet/organic waste bin for composting.
Help me dispose of flower petals.,flower petals should be placed in the wet/organic waste bin for composting.
Where does flower petals belong?,flower petals should be placed in the wet/organic waste bin for composting.
"I have a flower petals, where does it go?",flower petals should be placed in the wet/organic waste bin for composting.
Where should I put my flower petals?,flower petals should be placed in the wet/organic waste bin for composting.
Can you tell me where to throw flower petals?,flower petals should be placed in the wet/organic waste bin for composting.
flower petals disposal method?,flower petals should be placed in the wet/organic waste bin for composting.
How should I throw away flower petals?,flower petals should be placed in the wet/organic waste bin for composting.
"Throwing out flower petals, which bin?",flower petals should be placed in the wet/organic waste bin for composting.
I need to discard flower petals.,flower petals should be placed in the wet/organic waste bin for composting.
Discard flower petals.,flower petals should be placed in the wet/organic waste bin for composting.
Where do I throw my carrot peels?,carrot peels should be placed in the wet/organic waste bin for composting.
How do I dispose of a carrot peels?,carrot peels should be placed in the wet/organic waste bin for composting.
Can I throw away carrot peels in the trash?,carrot peels should be placed in the wet/organic waste bin for composting.
Which bin does carrot peels go into?,carrot peels should be placed in the wet/organic waste bin for composting.
Is it okay to throw carrot peels here?,carrot peels should be placed in the wet/organic waste bin for composting.
Tell me how to get rid of carrot peels.,carrot peels should be placed in the wet/organic waste bin for composting.
What to do with old carrot peels?,carrot peels should be placed in the wet/organic waste bin for composting.
Help me dispose of carrot peels.,carrot peels should be placed in the wet/organic waste bin for composting.
Where does carrot peels belong?,carrot peels should be placed in the wet/organic waste bin for composting.
"I have a carrot peels, where does it go?",carrot peels should be placed in the wet/organic waste bin for composting.
Where should I put my carrot peels?,carrot peels should be placed in the wet/organic waste bin for composting.
Can you tell me where to throw carrot peels?,carrot peels should be placed in the wet/organic waste bin for composting.
carrot peels disposal method?,carrot peels should be placed in the wet/organic waste bin for composting.
How should I throw away carrot peels?,carrot peels should be placed in the wet/organic waste bin for composting.
"Throwing out carrot peels, which bin?",carrot peels should be placed in the wet/organic waste bin for composting.
I need to discard carrot peels.,carrot peels should be placed in the wet/organic waste bin for composting.
Discard carrot peels.,carrot peels should be placed in the wet/organic waste bin for composting.
Where do I throw my bread crusts?,bread crusts should be placed in the wet/organic waste bin for composting.
How do I dispose of a bread crusts?,bread crusts should be placed in the wet/organic waste bin for composting.
Can I throw away bread crusts in the trash?,bread crusts should be placed in the wet/organic waste bin for composting.
Which bin does bread crusts go into?,bread crusts should be placed in the wet/organic waste bin for composting.
Is it okay to throw bread crusts here?,bread crusts should be placed in the wet/organic waste bin for composting.
Tell me how to get rid of bread crusts.,bread crusts should be placed in the wet/organic waste bin for composting.
What to do with old bread crusts?,bread crusts should be placed in the wet/organic waste bin for composting.
Help me dispose of bread crusts.,bread crusts should be placed in the wet/organic waste bin for composting.
Where does bread crusts belong?,bread crusts should be placed in the wet/organic waste bin for composting.
"I have a bread crusts, where does it go?",bread crusts should be placed in the wet/organic waste bin for composting.
Where should I put my bread crusts?,bread crusts should be placed in the wet/organic waste bin for composting.
Can you tell me where to throw bread crusts?,bread crusts should be placed in the wet/organic waste bin for composting.
bread crusts disposal method?,bread crusts should be placed in the wet/organic waste bin for composting.
How should I throw away bread crusts?,bread crusts should be placed in the wet/organic waste bin for composting.
"Throwing out bread crusts, which bin?",bread crusts should be placed in the wet/organic waste bin for composting.
I need to discard bread crusts.,bread crusts should be placed in the wet/organic waste bin for composting.
Discard bread crusts.,bread crusts should be placed in the wet/organic waste bin for composting.
Where do I throw my onion skins?,onion skins should be placed in the wet/organic waste bin for composting.
How do I dispose of a onion skins?,onion skins should be placed in the wet/organic waste bin for composting.
Can I throw away onion skins in the trash?,onion skins should be placed in the wet/organic waste bin for composting.
Which bin does onion skins go into?,onion skins should be placed in the wet/organic waste bin for composting.
Is it okay to throw onion skins here?,onion skins should be placed in the wet/organic waste bin for composting.
Tell me how to get rid of onion skins.,onion skins should be placed in the wet/organic waste bin for composting.
What to do with old onion skins?,onion skins should be placed in the wet/organic waste bin for composting.
Help me dispose of onion skins.,onion skins should be placed in the wet/organic waste bin for composting.
Where does onion skins belong?,onion skins should be placed in the wet/organic waste bin for composting.
"I have a onion skins, where does it go?",onion skins should be placed in the wet/organic waste bin for composting.
Where should I put my onion skins?,onion skins should be placed in the wet/organic waste bin for composting.
Can you tell me where to throw onion skins?,onion skins should be placed in the wet/organic waste bin for composting.
onion skins disposal method?,onion skins should be placed in the wet/organic waste bin for composting.
How should I throw away onion skins?,onion skins should be placed in the wet/organic waste bin for composting.
"Throwing out onion skins, which bin?",onion skins should be placed in the wet/organic waste bin for composting.
I need to discard onion skins.,onion skins should be placed in the wet/organic waste bin for composting.
Discard onion skins.,onion skins should be placed in the wet/organic waste bin for composting.
Where do I throw my leftover pasta?,leftover pasta should be placed in the wet/organic waste bin for composting.
How do I dispose of a leftover pasta?,leftover pasta should be placed in the wet/organic waste bin for composting.
Can I throw away leftover pasta in the trash?,leftover pasta should be placed in the wet/organic waste bin for composting.
Which bin does leftover pasta go into?,leftover pasta should be placed in the wet/organic waste bin for composting.
Is it okay to throw leftover pasta here?,leftover pasta should be placed in the wet/organic waste bin for composting.
Tell me how to get rid of leftover pasta.,leftover pasta should be placed in the wet/organic waste bin for composting.
What to do with old leftover pasta?,leftover pasta should be placed in the wet/organic waste bin for composting.
Help me dispose of leftover pasta.,leftover pasta should be placed in the wet/organic waste bin for composting.
Where does leftover pasta belong?,leftover pasta should be placed in the wet/organic waste bin for composting.
"I have a leftover pasta, where does it go?",leftover pasta should be placed in the wet/organic waste bin for composting.
Where should I put my leftover pasta?,leftover pasta should be placed in the wet/organic waste bin for composting.
Can you tell me where to throw leftover pasta?,leftover pasta should be placed in the wet/organic waste bin for composting.
leftover pasta disposal method?,leftover pasta should be placed in the wet/organic waste bin for composting.
How should I throw away leftover pasta?,leftover pasta should be placed in the wet/organic waste bin for composting.
"Throwing out leftover pasta, which bin?",leftover pasta should be placed in the wet/organic waste bin for composting.
I need to discard leftover pasta.,leftover pasta should be placed in the wet/organic waste bin for composting.
Discard leftover pasta.,leftover pasta should be placed in the wet/organic waste bin for composting.
Where do I throw my melon rinds?,melon rinds should be placed in the wet/organic waste bin for composting.
How do I dispose of a melon rinds?,melon rinds should be placed in the wet/organic waste bin for composting.
Can I throw away melon rinds in the trash?,melon rinds should be placed in the wet/organic waste bin for composting.
Which bin does melon rinds go into?,melon rinds should be placed in the wet/organic waste bin for composting.
Is it okay to throw melon rinds here?,melon rinds should be placed in the wet/organic waste bin for composting.
Tell me how to get rid of melon rinds.,melon rinds should be placed in the wet/organic waste bin for composting.
What to do with old melon rinds?,melon rinds should be placed in the wet/organic waste bin for composting.
Help me dispose of melon rinds.,melon rinds should be placed in the wet/organic waste bin for composting.
Where does melon rinds belong?,melon rinds should be placed in the wet/organic waste bin for composting.
"I have a melon rinds, where does it go?",melon rinds should be placed in the wet/organic waste bin for composting.
Where should I put my melon rinds?,melon rinds should be placed in the wet/organic waste bin for composting.
Can you tell me where to throw melon rinds?,melon rinds should be placed in the wet/organic waste bin for composting.
melon rinds disposal method?,melon rinds should be placed in the wet/organic waste bin for composting.
How should I throw away melon rinds?,melon rinds should be placed in the wet/organic waste bin for composting.
"Throwing out melon rinds, which bin?",melon rinds should be placed in the wet/organic waste bin for composting.
I need to discard melon rinds.,melon rinds should be placed in the wet/organic waste bin for composting.
Discard melon rinds.,melon rinds should be placed in the wet/organic waste bin for composting.
Where do I throw my old phone?,Do not throw old phone in regular bins. Please bring it to a local e-waste collection center.
How do I dispose of a old phone?,Do not throw old phone in regular bins. Please bring it to a local e-waste collection center.
Can I throw away old phone in the trash?,Do not throw old phone in regular bins. Please bring it to a local e-waste collection center.
Which bin does old phone go into?,Do not throw old phone in regular bins. Please bring it to a local e-waste collection center.
Is it okay to throw old phone here?,Do not throw old phone in regular bins. Please bring it to a local e-waste collection center.
Tell me how to get rid of old phone.,Do not throw old phone in regular bins. Please bring it to a local e-waste collection center.
What to do with old old phone?,Do not throw old phone in regular bins. Please bring it to a local e-waste collection center.
Help me dispose of old phone.,Do not throw old phone in regular bins. Please bring it to a local e-waste collection center.
Where does old phone belong?,Do not throw old phone in regular bins. Please bring it to a local e-waste collection center.
"I have a old phone, where does it go?",Do not throw old phone in regular bins. Please bring it to a local e-waste collection center.
Where should I put my old phone?,Do not throw old phone in regular bins. Please bring it to a local e-waste collection center.
Can you tell me where to throw old phone?,Do not throw old phone in regular bins. Please bring it to a local e-waste collection center.
old phone disposal method?,Do not throw old phone in regular bins. Please bring it to a local e-waste collection center.
How should I throw away old phone?,Do not throw old phone in regular bins. Please bring it to a local e-waste collection center.
"Throwing out old phone, which bin?",Do not throw old phone in regular bins. Please bring it to a local e-waste collection center.
I need to discard old phone.,Do not throw old phone in regular bins. Please bring it to a local e-waste collection center.
Discard old phone.,Do not throw old phone in regular bins. Please bring it to a local e-waste collection center.
Where do I throw my laptop?,Do not throw laptop in regular bins. Please bring it to a local e-waste collection center.
How do I dispose of a laptop?,Do not throw laptop in regular bins. Please bring it to a local e-waste collection center.
Can I throw away laptop in the trash?,Do not throw laptop in regular bins. Please bring it to a local e-waste collection center.
Which bin does laptop go into?,Do not throw laptop in regular bins. Please bring it to a local e-waste collection center.
Is it okay to throw laptop here?,Do not throw laptop in regular bins. Please bring it to a local e-waste collection center.
Tell me how to get rid of laptop.,Do not throw laptop in regular bins. Please bring it to a local e-waste collection center.
What to do with old laptop?,Do not throw laptop in regular bins. Please bring it to a local e-waste collection center.
Help me dispose of laptop.,Do not throw laptop in regular bins. Please bring it to a local e-waste collection center.
Where does laptop belong?,Do not throw laptop in regular bins. Please bring it to a local e-waste collection center.
"I have a laptop, where does it go?",Do not throw laptop in regular bins. Please bring it to a local e-waste collection center.
Where should I put my laptop?,Do not throw laptop in regular bins. Please bring it to a local e-waste collection center.
Can you tell me where to throw laptop?,Do not throw laptop in regular bins. Please bring it to a local e-waste collection center.
laptop disposal method?,Do not throw laptop in regular bins. Please bring it to a local e-waste collection center.
How should I throw away laptop?,Do not throw laptop in regular bins. Please bring it to a local e-waste collection center.
"Throwing out laptop, which bin?",Do not throw laptop in regular bins. Please bring it to a local e-waste collection center.
I need to discard laptop.,Do not throw laptop in regular bins. Please bring it to a local e-waste collection center.
Discard laptop.,Do not throw laptop in regular bins. Please bring it to a local e-waste collection center.
Where do I throw my AA batteries?,Do not throw AA batteries in regular bins. Please bring it to a local e-waste collection center.
How do I dispose of a AA batteries?,Do not throw AA batteries in regular bins. Please bring it to a local e-waste collection center.
Can I throw away AA batteries in the trash?,Do not throw AA batteries in regular bins. Please bring it to a local e-waste collection center.
Which bin does AA batteries go into?,Do not throw AA batteries in regular bins. Please bring it to a local e-waste collection center.
Is it okay to throw AA batteries here?,Do not throw AA batteries in regular bins. Please bring it to a local e-waste collection center.
Tell me how to get rid of AA batteries.,Do not throw AA batteries in regular bins. Please bring it to a local e-waste collection center.
What to do with old AA batteries?,Do not throw AA batteries in regular bins. Please bring it to a local e-waste collection center.
Help me dispose of AA batteries.,Do not throw AA batteries in regular bins. Please bring it to a local e-waste collection center.
Where does AA batteries belong?,Do not throw AA batteries in regular bins. Please bring it to a local e-waste collection center.
"I have a AA batteries, where does it go?",Do not throw AA batteries in regular bins. Please bring it to a local e-waste collection center.
Where should I put my AA batteries?,Do not throw AA batteries in regular bins. Please bring it to a local e-waste collection center.
Can you tell me where to throw AA batteries?,Do not throw AA batteries in regular bins. Please bring it to a local e-waste collection center.
AA batteries disposal method?,Do not throw AA batteries in regular bins. Please bring it to a local e-waste collection center.
How should I throw away AA batteries?,Do not throw AA batteries in regular bins. Please bring it to a local e-waste collection center.
"Throwing out AA batteries, which bin?",Do not throw AA batteries in regular bins. Please bring it to a local e-waste collection center.
I need to discard AA batteries.,Do not throw AA batteries in regular bins. Please bring it to a local e-waste collection center.
Discard AA batteries.,Do not throw AA batteries in regular bins. Please bring it to a local e-waste collection center.
Where do I throw my broken charger?,Do not throw broken charger in regular bins. Please bring it to a local e-waste collection center.
How do I dispose of a broken charger?,Do not throw broken charger in regular bins. Please bring it to a local e-waste collection center.
Can I throw away broken charger in the trash?,Do not throw broken charger in regular bins. Please bring it to a local e-waste collection center.
Which bin does broken charger go into?,Do not throw broken charger in regular bins. Please bring it to a local e-waste collection center.
Is it okay to throw broken charger here?,Do not throw broken charger in regular bins. Please bring it to a local e-waste collection center.
Tell me how to get rid of broken charger.,Do not throw broken charger in regular bins. Please bring it to a local e-waste collection center.
What to do with old broken charger?,Do not throw broken charger in regular bins. Please bring it to a local e-waste collection center.
Help me dispose of broken charger.,Do not throw broken charger in regular bins. Please bring it to a local e-waste collection center.
Where does broken charger belong?,Do not throw broken charger in regular bins. Please bring it to a local e-waste collection center.
"I have a broken charger, where does it go?",Do not throw broken charger in regular bins. Please bring it to a local e-waste collection center.
Where should I put my broken charger?,Do not throw broken charger in regular bins. Please bring it to a local e-waste collection center.
Can you tell me where to throw broken charger?,Do not throw broken charger in regular bins. Please bring it to a local e-waste collection center.
broken charger disposal method?,Do not throw broken charger in regular bins. Please bring it to a local e-waste collection center.
How should I throw away broken charger?,Do not throw broken charger in regular bins. Please bring it to a local e-waste collection center.
"Throwing out broken charger, which bin?",Do not throw broken charger in regular bins. Please bring it to a local e-waste collection center.
I need to discard broken charger.,Do not throw broken charger in regular bins. Please bring it to a local e-waste collection center.
Discard broken charger.,Do not throw broken charger in regular bins. Please bring it to a local e-waste collection center.
Where do I throw my USB cable?,Do not throw USB cable in regular bins. Please bring it to a local e-waste collection center.
How do I dispose of a USB cable?,Do not throw USB cable in regular bins. Please bring it to a local e-waste collection center.
Can I throw away USB cable in the trash?,Do not throw USB cable in regular bins. Please bring it to a local e-waste collection center.
Which bin does USB cable go into?,Do not throw USB cable in regular bins. Please bring it to a local e-waste collection center.
Is it okay to throw USB cable here?,Do not throw USB cable in regular bins. Please bring it to a local e-waste collection center.
Tell me how to get rid of USB cable.,Do not throw USB cable in regular bins. Please bring it to a local e-waste collection center.
What to do with old USB cable?,Do not throw USB cable in regular bins. Please bring it to a local e-waste collection center.
Help me dispose of USB cable.,Do not throw USB cable in regular bins. Please bring it to a local e-waste collection center.
Where does USB cable belong?,Do not throw USB cable in regular bins. Please bring it to a local e-waste collection center.
"I have a USB cable, where does it go?",Do not throw USB cable in regular bins. Please bring it to a local e-waste collection center.
Where should I put my USB cable?,Do not throw USB cable in regular bins. Please bring it to a local e-waste collection center.
Can you tell me where to throw USB cable?,Do not throw USB cable in regular bins. Please bring it to a local e-waste collection center.
USB cable disposal method?,Do not throw USB cable in regular bins. Please bring it to a local e-waste collection center.
How should I throw away USB cable?,Do not throw USB cable in regular bins. Please bring it to a local e-waste collection center.
"Throwing out USB cable, which bin?",Do not throw USB cable in regular bins. Please bring it to a local e-waste collection center.
I need to discard USB cable.,Do not throw USB cable in regular bins. Please bring it to a local e-waste collection center.
Discard USB cable.,Do not throw USB cable in regular bins. Please bring it to a local e-waste collection center.
Where do I throw my tablet?,Do not throw tablet in regular bins. Please bring it to a local e-waste collection center.
How do I dispose of a tablet?,Do not throw tablet in regular bins. Please bring it to a local e-waste collection center.
Can I throw away tablet in the trash?,Do not throw tablet in regular bins. Please bring it to a local e-waste collection center.
Which bin does tablet go into?,Do not throw tablet in regular bins. Please bring it to a local e-waste collection center.
Is it okay to throw tablet here?,Do not throw tablet in regular bins. Please bring it to a local e-waste collection center.
Tell me how to get rid of tablet.,Do not throw tablet in regular bins. Please bring it to a local e-waste collection center.
What to do with old tablet?,Do not throw tablet in regular bins. Please bring it to a local e-waste collection center.
Help me dispose of tablet.,Do not throw tablet in regular bins. Please bring it to a local e-waste collection center.
Where does tablet belong?,Do not throw tablet in regular bins. Please bring it to a local e-waste collection center.
"I have a tablet, where does it go?",Do not throw tablet in regular bins. Please bring it to a local e-waste collection center.
Where should I put my tablet?,Do not throw tablet in regular bins. Please bring it to a local e-waste collection center.
Can you tell me where to throw tablet?,Do not throw tablet in regular bins. Please bring it to a local e-waste collection center.
tablet disposal method?,Do not throw tablet in regular bins. Please bring it to a local e-waste collection center.
How should I throw away tablet?,Do not throw tablet in regular bins. Please bring it to a local e-waste collection center.
"Throwing out tablet, which bin?",Do not throw tablet in regular bins. Please bring it to a local e-waste collection center.
I need to discard tablet.,Do not throw tablet in regular bins. Please bring it to a local e-waste collection center.
Discard tablet.,Do not throw tablet in regular bins. Please bring it to a local e-waste collection center.
Where do I throw my mouse?,Do not throw mouse in regular bins. Please bring it to a local e-waste collection center.
How do I dispose of a mouse?,Do not throw mouse in regular bins. Please bring it to a local e-waste collection center.
Can I throw away mouse in the trash?,Do not throw mouse in regular bins. Please bring it to a local e-waste collection center.
Which bin does mouse go into?,Do not throw mouse in regular bins. Please bring it to a local e-waste collection center.
Is it okay to throw mouse here?,Do not throw mouse in regular bins. Please bring it to a local e-waste collection center.
Tell me how to get rid of mouse.,Do not throw mouse in regular bins. Please bring it to a local e-waste collection center.
What to do with old mouse?,Do not throw mouse in regular bins. Please bring it to a local e-waste collection center.
Help me dispose of mouse.,Do not throw mouse in regular bins. Please bring it to a local e-waste collection center.
Where does mouse belong?,Do not throw mouse in regular bins. Please bring it to a local e-waste collection center.
"I have a mouse, where does it go?",Do not throw mouse in regular bins. Please bring it to a local e-waste collection center.
Where should I put my mouse?,Do not throw mouse in regular bins. Please bring it to a local e-waste collection center.
Can you tell me where to throw mouse?,Do not throw mouse in regular bins. Please bring it to a local e-waste collection center.
mouse disposal method?,Do not throw mouse in regular bins. Please bring it to a local e-waste collection center.
How should I throw away mouse?,Do not throw mouse in regular bins. Please bring it to a local e-waste collection center.
"Throwing out mouse, which bin?",Do not throw mouse in regular bins. Please bring it to a local e-waste collection center.
I need to discard mouse.,Do not throw mouse in regular bins. Please bring it to a local e-waste collection center.
Discard mouse.,Do not throw mouse in regular bins. Please bring it to a local e-waste collection center.
Where do I throw my keyboard?,Do not throw keyboard in regular bins. Please bring it to a local e-waste collection center.
How do I dispose of a keyboard?,Do not throw keyboard in regular bins. Please bring it to a local e-waste collection center.
Can I throw away keyboard in the trash?,Do not throw keyboard in regular bins. Please bring it to a local e-waste collection center.
Which bin does keyboard go into?,Do not throw keyboard in regular bins. Please bring it to a local e-waste collection center.
Is it okay to throw keyboard here?,Do not throw keyboard in regular bins. Please bring it to a local e-waste collection center.
Tell me how to get rid of keyboard.,Do not throw keyboard in regular bins. Please bring it to a local e-waste collection center.
What to do with old keyboard?,Do not throw keyboard in regular bins. Please bring it to a local e-waste collection center.
Help me dispose of keyboard.,Do not throw keyboard in regular bins. Please bring it to a local e-waste collection center.
Where does keyboard belong?,Do not throw keyboard in regular bins. Please bring it to a local e-waste collection center.
"I have a keyboard, where does it go?",Do not throw keyboard in regular bins. Please bring it to a local e-waste collection center.
Where should I put my keyboard?,Do not throw keyboard in regular bins. Please bring it to a local e-waste collection center.
Can you tell me where to throw keyboard?,Do not throw keyboard in regular bins. Please bring it to a local e-waste collection center.
keyboard disposal method?,Do not throw keyboard in regular bins. Please bring it to a local e-waste collection center.
How should I throw away keyboard?,Do not throw keyboard in regular bins. Please bring it to a local e-waste collection center.
"Throwing out keyboard, which bin?",Do not throw keyboard in regular bins. Please bring it to a local e-waste collection center.
I need to discard keyboard.,Do not throw keyboard in regular bins. Please bring it to a local e-waste collection center.
Discard keyboard.,Do not throw keyboard in regular bins. Please bring it to a local e-waste collection center.
Where do I throw my broken TV?,Do not throw broken TV in regular bins. Please bring it to a local e-waste collection center.
How do I dispose of a broken TV?,Do not throw broken TV in regular bins. Please bring it to a local e-waste collection center.
Can I throw away broken TV in the trash?,Do not throw broken TV in regular bins. Please bring it to a local e-waste collection center.
Which bin does broken TV go into?,Do not throw broken TV in regular bins. Please bring it to a local e-waste collection center.
Is it okay to throw broken TV here?,Do not throw broken TV in regular bins. Please bring it to a local e-waste collection center.
Tell me how to get rid of broken TV.,Do not throw broken TV in regular bins. Please bring it to a local e-waste collection center.
What to do with old broken TV?,Do not throw broken TV in regular bins. Please bring it to a local e-waste collection center.
Help me dispose of broken TV.,Do not throw broken TV in regular bins. Please bring it to a local e-waste collection center.
Where does broken TV belong?,Do not throw broken TV in regular bins. Please bring it to a local e-waste collection center.
"I have a broken TV, where does it go?",Do not throw broken TV in regular bins. Please bring it to a local e-waste collection center.
Where should I put my broken TV?,Do not throw broken TV in regular bins. Please bring it to a local e-waste collection center.
Can you tell me where to throw broken TV?,Do not throw broken TV in regular bins. Please bring it to a local e-waste collection center.
broken TV disposal method?,Do not throw broken TV in regular bins. Please bring it to a local e-waste collection center.
How should I throw away broken TV?,Do not throw broken TV in regular bins. Please bring it to a local e-waste collection center.
"Throwing out broken TV, which bin?",Do not throw broken TV in regular bins. Please bring it to a local e-waste collection center.
I need to discard broken TV.,Do not throw broken TV in regular bins. Please bring it to a local e-waste collection center.
Discard broken TV.,Do not throw broken TV in regular bins. Please bring it to a local e-waste collection center.
Where do I throw my old radio?,Do not throw old radio in regular bins. Please bring it to a local e-waste collection center.
How do I dispose of a old radio?,Do not throw old radio in regular bins. Please bring it to a local e-waste collection center.
Can I throw away old radio in the trash?,Do not throw old radio in regular bins. Please bring it to a local e-waste collection center.
Which bin does old radio go into?,Do not throw old radio in regular bins. Please bring it to a local e-waste collection center.
Is it okay to throw old radio here?,Do not throw old radio in regular bins. Please bring it to a local e-waste collection center.
Tell me how to get rid of old radio.,Do not throw old radio in regular bins. Please bring it to a local e-waste collection center.
What to do with old old radio?,Do not throw old radio in regular bins. Please bring it to a local e-waste collection center.
Help me dispose of old radio.,Do not throw old radio in regular bins. Please bring it to a local e-waste collection center.
Where does old radio belong?,Do not throw old radio in regular bins. Please bring it to a local e-waste collection center.
"I have a old radio, where does it go?",Do not throw old radio in regular bins. Please bring it to a local e-waste collection center.
Where should I put my old radio?,Do not throw old radio in regular bins. Please bring it to a local e-waste collection center.
Can you tell me where to throw old radio?,Do not throw old radio in regular bins. Please bring it to a local e-waste collection center.
old radio disposal method?,Do not throw old radio in regular bins. Please bring it to a local e-waste collection center.
How should I throw away old radio?,Do not throw old radio in regular bins. Please bring it to a local e-waste collection center.
"Throwing out old radio, which bin?",Do not throw old radio in regular bins. Please bring it to a local e-waste collection center.
I need to discard old radio.,Do not throw old radio in regular bins. Please bring it to a local e-waste collection center.
Discard old radio.,Do not throw old radio in regular bins. Please bring it to a local e-waste collection center.
Where do I throw my calculator?,Do not throw calculator in regular bins. Please bring it to a local e-waste collection center.
How do I dispose of a calculator?,Do not throw calculator in regular bins. Please bring it to a local e-waste collection center.
Can I throw away calculator in the trash?,Do not throw calculator in regular bins. Please bring it to a local e-waste collection center.
Which bin does calculator go into?,Do not throw calculator in regular bins. Please bring it to a local e-waste collection center.
Is it okay to throw calculator here?,Do not throw calculator in regular bins. Please bring it to a local e-waste collection center.
Tell me how to get rid of calculator.,Do not throw calculator in regular bins. Please bring it to a local e-waste collection center.
What to do with old calculator?,Do not throw calculator in regular bins. Please bring it to a local e-waste collection center.
Help me dispose of calculator.,Do not throw calculator in regular bins. Please bring it to a local e-waste collection center.
Where does calculator belong?,Do not throw calculator in regular bins. Please bring it to a local e-waste collection center.
"I have a calculator, where does it go?",Do not throw calculator in regular bins. Please bring it to a local e-waste collection center.
Where should I put my calculator?,Do not throw calculator in regular bins. Please bring it to a local e-waste collection center.
Can you tell me where to throw calculator?,Do not throw calculator in regular bins. Please bring it to a local e-waste collection center.
calculator disposal method?,Do not throw calculator in regular bins. Please bring it to a local e-waste collection center.
How should I throw away calculator?,Do not throw calculator in regular bins. Please bring it to a local e-waste collection center.
"Throwing out calculator, which bin?",Do not throw calculator in regular bins. Please bring it to a local e-waste collection center.
I need to discard calculator.,Do not throw calculator in regular bins. Please bring it to a local e-waste collection center.
Discard calculator.,Do not throw calculator in regular bins. Please bring it to a local e-waste collection center.
Where do I throw my broken headphones?,Do not throw broken headphones in regular bins. Please bring it to a local e-waste collection center.
How do I dispose of a broken headphones?,Do not throw broken headphones in regular bins. Please bring it to a local e-waste collection center.
Can I throw away broken headphones in the trash?,Do not throw broken headphones in regular bins. Please bring it to a local e-waste collection center.
Which bin does broken headphones go into?,Do not throw broken headphones in regular bins. Please bring it to a local e-waste collection center.
Is it okay to throw broken headphones here?,Do not throw broken headphones in regular bins. Please bring it to a local e-waste collection center.
Tell me how to get rid of broken headphones.,Do not throw broken headphones in regular bins. Please bring it to a local e-waste collection center.
What to do with old broken headphones?,Do not throw broken headphones in regular bins. Please bring it to a local e-waste collection center.
Help me dispose of broken headphones.,Do not throw broken headphones in regular bins. Please bring it to a local e-waste collection center.
Where does broken headphones belong?,Do not throw broken headphones in regular bins. Please bring it to a local e-waste collection center.
"I have a broken headphones, where does it go?",Do not throw broken headphones in regular bins. Please bring it to a local e-waste collection center.
Where should I put my broken headphones?,Do not throw broken headphones in regular bins. Please bring it to a local e-waste collection center.
Can you tell me where to throw broken headphones?,Do not throw broken headphones in regular bins. Please bring it to a local e-waste collection center.
broken headphones disposal method?,Do not throw broken headphones in regular bins. Please bring it to a local e-waste collection center.
How should I throw away broken headphones?,Do not throw broken headphones in regular bins. Please bring it to a local e-waste collection center.
"Throwing out broken headphones, which bin?",Do not throw broken headphones in regular bins. Please bring it to a local e-waste collection center.
I need to discard broken headphones.,Do not throw broken headphones in regular bins. Please bring it to a local e-waste collection center.
Discard broken headphones.,Do not throw broken headphones in regular bins. Please bring it to a local e-waste collection center.
Where do I throw my smartwatch?,Do not throw smartwatch in regular bins. Please bring it to a local e-waste collection center.
How do I dispose of a smartwatch?,Do not throw smartwatch in regular bins. Please bring it to a local e-waste collection center.
Can I throw away smartwatch in the trash?,Do not throw smartwatch in regular bins. Please bring it to a local e-waste collection center.
Which bin does smartwatch go into?,Do not throw smartwatch in regular bins. Please bring it to a local e-waste collection center.
Is it okay to throw smartwatch here?,Do not throw smartwatch in regular bins. Please bring it to a local e-waste collection center.
Tell me how to get rid of smartwatch.,Do not throw smartwatch in regular bins. Please bring it to a local e-waste collection center.
What to do with old smartwatch?,Do not throw smartwatch in regular bins. Please bring it to a local e-waste collection center.
Help me dispose of smartwatch.,Do not throw smartwatch in regular bins. Please bring it to a local e-waste collection center.
Where does smartwatch belong?,Do not throw smartwatch in regular bins. Please bring it to a local e-waste collection center.
"I have a smartwatch, where does it go?",Do not throw smartwatch in regular bins. Please bring it to a local e-waste collection center.
Where should I put my smartwatch?,Do not throw smartwatch in regular bins. Please bring it to a local e-waste collection center.
Can you tell me where to throw smartwatch?,Do not throw smartwatch in regular bins. Please bring it to a local e-waste collection center.
smartwatch disposal method?,Do not throw smartwatch in regular bins. Please bring it to a local e-waste collection center.
How should I throw away smartwatch?,Do not throw smartwatch in regular bins. Please bring it to a local e-waste collection center.
"Throwing out smartwatch, which bin?",Do not throw smartwatch in regular bins. Please bring it to a local e-waste collection center.
I need to discard smartwatch.,Do not throw smartwatch in regular bins. Please bring it to a local e-waste collection center.
Discard smartwatch.,Do not throw smartwatch in regular bins. Please bring it to a local e-waste collection center.
Where do I throw my old monitor?,Do not throw old monitor in regular bins. Please bring it to a local e-waste collection center.
How do I dispose of a old monitor?,Do not throw old monitor in regular bins. Please bring it to a local e-waste collection center.
Can I throw away old monitor in the trash?,Do not throw old monitor in regular bins. Please bring it to a local e-waste collection center.
Which bin does old monitor go into?,Do not throw old monitor in regular bins. Please bring it to a local e-waste collection center.
Is it okay to throw old monitor here?,Do not throw old monitor in regular bins. Please bring it to a local e-waste collection center.
Tell me how to get rid of old monitor.,Do not throw old monitor in regular bins. Please bring it to a local e-waste collection center.
What to do with old old monitor?,Do not throw old monitor in regular bins. Please bring it to a local e-waste collection center.
Help me dispose of old monitor.,Do not throw old monitor in regular bins. Please bring it to a local e-waste collection center.
Where does old monitor belong?,Do not throw old monitor in regular bins. Please bring it to a local e-waste collection center.
"I have a old monitor, where does it go?",Do not throw old monitor in regular bins. Please bring it to a local e-waste collection center.
Where should I put my old monitor?,Do not throw old monitor in regular bins. Please bring it to a local e-waste collection center.
Can you tell me where to throw old monitor?,Do not throw old monitor in regular bins. Please bring it to a local e-waste collection center.
old monitor disposal method?,Do not throw old monitor in regular bins. Please bring it to a local e-waste collection center.
How should I throw away old monitor?,Do not throw old monitor in regular bins. Please bring it to a local e-waste collection center.
"Throwing out old monitor, which bin?",Do not throw old monitor in regular bins. Please bring it to a local e-waste collection center.
I need to discard old monitor.,Do not throw old monitor in regular bins. Please bring it to a local e-waste collection center.
Discard old monitor.,Do not throw old monitor in regular bins. Please bring it to a local e-waste collection center.
Where do I throw my printer?,Do not throw printer in regular bins. Please bring it to a local e-waste collection center.
How do I dispose of a printer?,Do not throw printer in regular bins. Please bring it to a local e-waste collection center.
Can I throw away printer in the trash?,Do not throw printer in regular bins. Please bring it to a local e-waste collection center.
Which bin does printer go into?,Do not throw printer in regular bins. Please bring it to a local e-waste collection center.
Is it okay to throw printer here?,Do not throw printer in regular bins. Please bring it to a local e-waste collection center.
Tell me how to get rid of printer.,Do not throw printer in regular bins. Please bring it to a local e-waste collection center.
What to do with old printer?,Do not throw printer in regular bins. Please bring it to a local e-waste collection center.
Help me dispose of printer.,Do not throw printer in regular bins. Please bring it to a local e-waste collection center.
Where does printer belong?,Do not throw printer in regular bins. Please bring it to a local e-waste collection center.
"I have a printer, where does it go?",Do not throw printer in regular bins. Please bring it to a local e-waste collection center.
Where should I put my printer?,Do not throw printer in regular bins. Please bring it to a local e-waste collection center.
Can you tell me where to throw printer?,Do not throw printer in regular bins. Please bring it to a local e-waste collection center.
printer disposal method?,Do not throw printer in regular bins. Please bring it to a local e-waste collection center.
How should I throw away printer?,Do not throw printer in regular bins. Please bring it to a local e-waste collection center.
"Throwing out printer, which bin?",Do not throw printer in regular bins. Please bring it to a local e-waste collection center.
I need to discard printer.,Do not throw printer in regular bins. Please bring it to a local e-waste collection center.
Discard printer.,Do not throw printer in regular bins. Please bring it to a local e-waste collection center.
Where do I throw my power bank?,Do not throw power bank in regular bins. Please bring it to a local e-waste collection center.
How do I dispose of a power bank?,Do not throw power bank in regular bins. Please bring it to a local e-waste collection center.
Can I throw away power bank in the trash?,Do not throw power bank in regular bins. Please bring it to a local e-waste collection center.
Which bin does power bank go into?,Do not throw power bank in regular bins. Please bring it to a local e-waste collection center.
Is it okay to throw power bank here?,Do not throw power bank in regular bins. Please bring it to a local e-waste collection center.
Tell me how to get rid of power bank.,Do not throw power bank in regular bins. Please bring it to a local e-waste collection center.
What to do with old power bank?,Do not throw power bank in regular bins. Please bring it to a local e-waste collection center.
Help me dispose of power bank.,Do not throw power bank in regular bins. Please bring it to a local e-waste collection center.
Where does power bank belong?,Do not throw power bank in regular bins. Please bring it to a local e-waste collection center.
"I have a power bank, where does it go?",Do not throw power bank in regular bins. Please bring it to a local e-waste collection center.
Where should I put my power bank?,Do not throw power bank in regular bins. Please bring it to a local e-waste collection center.
Can you tell me where to throw power bank?,Do not throw power bank in regular bins. Please bring it to a local e-waste collection center.
power bank disposal method?,Do not throw power bank in regular bins. Please bring it to a local e-waste collection center.
How should I throw away power bank?,Do not throw power bank in regular bins. Please bring it to a local e-waste collection center.
"Throwing out power bank, which bin?",Do not throw power bank in regular bins. Please bring it to a local e-waste collection center.
I need to discard power bank.,Do not throw power bank in regular bins. Please bring it to a local e-waste collection center.
Discard power bank.,Do not throw power bank in regular bins. Please bring it to a local e-waste collection center.
Where do I throw my router?,Do not throw router in regular bins. Please bring it to a local e-waste collection center.
How do I dispose of a router?,Do not throw router in regular bins. Please bring it to a local e-waste collection center.
Can I throw away router in the trash?,Do not throw router in regular bins. Please bring it to a local e-waste collection center.
Which bin does router go into?,Do not throw router in regular bins. Please bring it to a local e-waste collection center.
Is it okay to throw router here?,Do not throw router in regular bins. Please bring it to a local e-waste collection center.
Tell me how to get rid of router.,Do not throw router in regular bins. Please bring it to a local e-waste collection center.
What to do with old router?,Do not throw router in regular bins. Please bring it to a local e-waste collection center.
Help me dispose of router.,Do not throw router in regular bins. Please bring it to a local e-waste collection center.
Where does router belong?,Do not throw router in regular bins. Please bring it to a local e-waste collection center.
"I have a router, where does it go?",Do not throw router in regular bins. Please bring it to a local e-waste collection center.
Where should I put my router?,Do not throw router in regular bins. Please bring it to a local e-waste collection center.
Can you tell me where to throw router?,Do not throw router in regular bins. Please bring it to a local e-waste collection center.
router disposal method?,Do not throw router in regular bins. Please bring it to a local e-waste collection center.
How should I throw away router?,Do not throw router in regular bins. Please bring it to a local e-waste collection center.
"Throwing out router, which bin?",Do not throw router in regular bins. Please bring it to a local e-waste collection center.
I need to discard router.,Do not throw router in regular bins. Please bring it to a local e-waste collection center.
Discard router.,Do not throw router in regular bins. Please bring it to a local e-waste collection center.
Where do I throw my game console?,Do not throw game console in regular bins. Please bring it to a local e-waste collection center.
How do I dispose of a game console?,Do not throw game console in regular bins. Please bring it to a local e-waste collection center.
Can I throw away game console in the trash?,Do not throw game console in regular bins. Please bring it to a local e-waste collection center.
Which bin does game console go into?,Do not throw game console in regular bins. Please bring it to a local e-waste collection center.
Is it okay to throw game console here?,Do not throw game console in regular bins. Please bring it to a local e-waste collection center.
Tell me how to get rid of game console.,Do not throw game console in regular bins. Please bring it to a local e-waste collection center.
What to do with old game console?,Do not throw game console in regular bins. Please bring it to a local e-waste collection center.
Help me dispose of game console.,Do not throw game console in regular bins. Please bring it to a local e-waste collection center.
Where does game console belong?,Do not throw game console in regular bins. Please bring it to a local e-waste collection center.
"I have a game console, where does it go?",Do not throw game console in regular bins. Please bring it to a local e-waste collection center.
Where should I put my game console?,Do not throw game console in regular bins. Please bring it to a local e-waste collection center.
Can you tell me where to throw game console?,Do not throw game console in regular bins. Please bring it to a local e-waste collection center.
game console disposal method?,Do not throw game console in regular bins. Please bring it to a local e-waste collection center.
How should I throw away game console?,Do not throw game console in regular bins. Please bring it to a local e-waste collection center.
"Throwing out game console, which bin?",Do not throw game console in regular bins. Please bring it to a local e-waste collection center.
I need to discard game console.,Do not throw game console in regular bins. Please bring it to a local e-waste collection center.
Discard game console.,Do not throw game console in regular bins. Please bring it to a local e-waste collection center.
Where do I throw my electronic toy?,Do not throw electronic toy in regular bins. Please bring it to a local e-waste collection center.
How do I dispose of a electronic toy?,Do not throw electronic toy in regular bins. Please bring it to a local e-waste collection center.
Can I throw away electronic toy in the trash?,Do not throw electronic toy in regular bins. Please bring it to a local e-waste collection center.
Which bin does electronic toy go into?,Do not throw electronic toy in regular bins. Please bring it to a local e-waste collection center.
Is it okay to throw electronic toy here?,Do not throw electronic toy in regular bins. Please bring it to a local e-waste collection center.
Tell me how to get rid of electronic toy.,Do not throw electronic toy in regular bins. Please bring it to a local e-waste collection center.
What to do with old electronic toy?,Do not throw electronic toy in regular bins. Please bring it to a local e-waste collection center.
Help me dispose of electronic toy.,Do not throw electronic toy in regular bins. Please bring it to a local e-waste collection center.
Where does electronic toy belong?,Do not throw electronic toy in regular bins. Please bring it to a local e-waste collection center.
"I have a electronic toy, where does it go?",Do not throw electronic toy in regular bins. Please bring it to a local e-waste collection center.
Where should I put my electronic toy?,Do not throw electronic toy in regular bins. Please bring it to a local e-waste collection center.
Can you tell me where to throw electronic toy?,Do not throw electronic toy in regular bins. Please bring it to a local e-waste collection center.
electronic toy disposal method?,Do not throw electronic toy in regular bins. Please bring it to a local e-waste collection center.
How should I throw away electronic toy?,Do not throw electronic toy in regular bins. Please bring it to a local e-waste collection center.
"Throwing out electronic toy, which bin?",Do not throw electronic toy in regular bins. Please bring it to a local e-waste collection center.
I need to discard electronic toy.,Do not throw electronic toy in regular bins. Please bring it to a local e-waste collection center.
Discard electronic toy.,Do not throw electronic toy in regular bins. Please bring it to a local e-waste collection center.
Where do I throw my paint thinner?,paint thinner is hazardous waste. Please dispose of it at a designated hazardous waste facility.
How do I dispose of a paint thinner?,paint thinner is hazardous waste. Please dispose of it at a designated hazardous waste facility.
Can I throw away paint thinner in the trash?,paint thinner is hazardous waste. Please dispose of it at a designated hazardous waste facility.
Which bin does paint thinner go into?,paint thinner is hazardous waste. Please dispose of it at a designated hazardous waste facility.
Is it okay to throw paint thinner here?,paint thinner is hazardous waste. Please dispose of it at a designated hazardous waste facility.
Tell me how to get rid of paint thinner.,paint thinner is hazardous waste. Please dispose of it at a designated hazardous waste facility.
What to do with old paint thinner?,paint thinner is hazardous waste. Please dispose of it at a designated hazardous waste facility.
Help me dispose of paint thinner.,paint thinner is hazardous waste. Please dispose of it at a designated hazardous waste facility.
Where does paint thinner belong?,paint thinner is hazardous waste. Please dispose of it at a designated hazardous waste facility.
"I have a paint thinner, where does it go?",paint thinner is hazardous waste. Please dispose of it at a designated hazardous waste facility.
Where should I put my paint thinner?,paint thinner is hazardous waste. Please dispose of it at a designated hazardous waste facility.
Can you tell me where to throw paint thinner?,paint thinner is hazardous waste. Please dispose of it at a designated hazardous waste facility.
paint thinner disposal method?,paint thinner is hazardous waste. Please dispose of it at a designated hazardous waste facility.
How should I throw away paint thinner?,paint thinner is hazardous waste. Please dispose of it at a designated hazardous waste facility.
"Throwing out paint thinner, which bin?",paint thinner is hazardous waste. Please dispose of it at a designated hazardous waste facility.
I need to discard paint thinner.,paint thinner is hazardous waste. Please dispose of it at a designated hazardous waste facility.
Discard paint thinner.,paint thinner is hazardous waste. Please dispose of it at a designated hazardous waste facility.
Where do I throw my bleach?,bleach is hazardous waste. Please dispose of it at a designated hazardous waste facility.
How do I dispose of a bleach?,bleach is hazardous waste. Please dispose of it at a designated hazardous waste facility.
Can I throw away bleach in the trash?,bleach is hazardous waste. Please dispose of it at a designated hazardous waste facility.
Which bin does bleach go into?,bleach is hazardous waste. Please dispose of it at a designated hazardous waste facility.
Is it okay to throw bleach here?,bleach is hazardous waste. Please dispose of it at a designated hazardous waste facility.
Tell me how to get rid of bleach.,bleach is hazardous waste. Please dispose of it at a designated hazardous waste facility.
What to do with old bleach?,bleach is hazardous waste. Please dispose of it at a designated hazardous waste facility.
Help me dispose of bleach.,bleach is hazardous waste. Please dispose of it at a designated hazardous waste facility.
Where does bleach belong?,bleach is hazardous waste. Please dispose of it at a designated hazardous waste facility.
"I have a bleach, where does it go?",bleach is hazardous waste. Please dispose of it at a designated hazardous waste facility.
Where should I put my bleach?,bleach is hazardous waste. Please dispose of it at a designated hazardous waste facility.
Can you tell me where to throw bleach?,bleach is hazardous waste. Please dispose of it at a designated hazardous waste facility.
bleach disposal method?,bleach is hazardous waste. Please dispose of it at a designated hazardous waste facility.
How should I throw away bleach?,bleach is hazardous waste. Please dispose of it at a designated hazardous waste facility.
"Throwing out bleach, which bin?",bleach is hazardous waste. Please dispose of it at a designated hazardous waste facility.
I need to discard bleach.,bleach is hazardous waste. Please dispose of it at a designated hazardous waste facility.
Discard bleach.,bleach is hazardous waste. Please dispose of it at a designated hazardous waste facility.
Where do I throw my motor oil?,motor oil is hazardous waste. Please dispose of it at a designated hazardous waste facility.
How do I dispose of a motor oil?,motor oil is hazardous waste. Please dispose of it at a designated hazardous waste facility.
Can I throw away motor oil in the trash?,motor oil is hazardous waste. Please dispose of it at a designated hazardous waste facility.
Which bin does motor oil go into?,motor oil is hazardous waste. Please dispose of it at a designated hazardous waste facility.
Is it okay to throw motor oil here?,motor oil is hazardous waste. Please dispose of it at a designated hazardous waste facility.
Tell me how to get rid of motor oil.,motor oil is hazardous waste. Please dispose of it at a designated hazardous waste facility.
What to do with old motor oil?,motor oil is hazardous waste. Please dispose of it at a designated hazardous waste facility.
Help me dispose of motor oil.,motor oil is hazardous waste. Please dispose of it at a designated hazardous waste facility.
Where does motor oil belong?,motor oil is hazardous waste. Please dispose of it at a designated hazardous waste facility.
"I have a motor oil, where does it go?",motor oil is hazardous waste. Please dispose of it at a designated hazardous waste facility.
Where should I put my motor oil?,motor oil is hazardous waste. Please dispose of it at a designated hazardous waste facility.
Can you tell me where to throw motor oil?,motor oil is hazardous waste. Please dispose of it at a designated hazardous waste facility.
motor oil disposal method?,motor oil is hazardous waste. Please dispose of it at a designated hazardous waste facility.
How should I throw away motor oil?,motor oil is hazardous waste. Please dispose of it at a designated hazardous waste facility.
"Throwing out motor oil, which bin?",motor oil is hazardous waste. Please dispose of it at a designated hazardous waste facility.
I need to discard motor oil.,motor oil is hazardous waste. Please dispose of it at a designated hazardous waste facility.
Discard motor oil.,motor oil is hazardous waste. Please dispose of it at a designated hazardous waste facility.
Where do I throw my pesticides?,pesticides is hazardous waste. Please dispose of it at a designated hazardous waste facility.
How do I dispose of a pesticides?,pesticides is hazardous waste. Please dispose of it at a designated hazardous waste facility.
Can I throw away pesticides in the trash?,pesticides is hazardous waste. Please dispose of it at a designated hazardous waste facility.
Which bin does pesticides go into?,pesticides is hazardous waste. Please dispose of it at a designated hazardous waste facility.
Is it okay to throw pesticides here?,pesticides is hazardous waste. Please dispose of it at a designated hazardous waste facility.
Tell me how to get rid of pesticides.,pesticides is hazardous waste. Please dispose of it at a designated hazardous waste facility.
What to do with old pesticides?,pesticides is hazardous waste. Please dispose of it at a designated hazardous waste facility.
Help me dispose of pesticides.,pesticides is hazardous waste. Please dispose of it at a designated hazardous waste facility.
Where does pesticides belong?,pesticides is hazardous waste. Please dispose of it at a designated hazardous waste facility.
"I have a pesticides, where does it go?",pesticides is hazardous waste. Please dispose of it at a designated hazardous waste facility.
Where should I put my pesticides?,pesticides is hazardous waste. Please dispose of it at a designated hazardous waste facility.
Can you tell me where to throw pesticides?,pesticides is hazardous waste. Please dispose of it at a designated hazardous waste facility.
pesticides disposal method?,pesticides is hazardous waste. Please dispose of it at a designated hazardous waste facility.
How should I throw away pesticides?,pesticides is hazardous waste. Please dispose of it at a designated hazardous waste facility.
"Throwing out pesticides, which bin?",pesticides is hazardous waste. Please dispose of it at a designated hazardous waste facility.
I need to discard pesticides.,pesticides is hazardous waste. Please dispose of it at a designated hazardous waste facility.
Discard pesticides.,pesticides is hazardous waste. Please dispose of it at a designated hazardous waste facility.
Where do I throw my fluorescent bulbs?,fluorescent bulbs is hazardous waste. Please dispose of it at a designated hazardous waste facility.
How do I dispose of a fluorescent bulbs?,fluorescent bulbs is hazardous waste. Please dispose of it at a designated hazardous waste facility.
Can I throw away fluorescent bulbs in the trash?,fluorescent bulbs is hazardous waste. Please dispose of it at a designated hazardous waste facility.
Which bin does fluorescent bulbs go into?,fluorescent bulbs is hazardous waste. Please dispose of it at a designated hazardous waste facility.
Is it okay to throw fluorescent bulbs here?,fluorescent bulbs is hazardous waste. Please dispose of it at a designated hazardous waste facility.
Tell me how to get rid of fluorescent bulbs.,fluorescent bulbs is hazardous waste. Please dispose of it at a designated hazardous waste facility.
What to do with old fluorescent bulbs?,fluorescent bulbs is hazardous waste. Please dispose of it at a designated hazardous waste facility.
Help me dispose of fluorescent bulbs.,fluorescent bulbs is hazardous waste. Please dispose of it at a designated hazardous waste facility.
Where does fluorescent bulbs belong?,fluorescent bulbs is hazardous waste. Please dispose of it at a designated hazardous waste facility.
"I have a fluorescent bulbs, where does it go?",fluorescent bulbs is hazardous waste. Please dispose of it at a designated hazardous waste facility.
Where should I put my fluorescent bulbs?,fluorescent bulbs is hazardous waste. Please dispose of it at a designated hazardous waste facility.
Can you tell me where to throw fluorescent bulbs?,fluorescent bulbs is hazardous waste. Please dispose of it at a designated hazardous waste facility.
fluorescent bulbs disposal method?,fluorescent bulbs is hazardous waste. Please dispose of it at a designated hazardous waste facility.
How should I throw away fluorescent bulbs?,fluorescent bulbs is hazardous waste. Please dispose of it at a designated hazardous waste facility.
"Throwing out fluorescent bulbs, which bin?",fluorescent bulbs is hazardous waste. Please dispose of it at a designated hazardous waste facility.
I need to discard fluorescent bulbs.,fluorescent bulbs is hazardous waste. Please dispose of it at a designated hazardous waste facility.
Discard fluorescent bulbs.,fluorescent bulbs is hazardous waste. Please dispose of it at a designated hazardous waste facility.
Where do I throw my car battery?,car battery is hazardous waste. Please dispose of it at a designated hazardous waste facility.
How do I dispose of a car battery?,car battery is hazardous waste. Please dispose of it at a designated hazardous waste facility.
Can I throw away car battery in the trash?,car battery is hazardous waste. Please dispose of it at a designated hazardous waste facility.
Which bin does car battery go into?,car battery is hazardous waste. Please dispose of it at a designated hazardous waste facility.
Is it okay to throw car battery here?,car battery is hazardous waste. Please dispose of it at a designated hazardous waste facility.
Tell me how to get rid of car battery.,car battery is hazardous waste. Please dispose of it at a designated hazardous waste facility.
What to do with old car battery?,car battery is hazardous waste. Please dispose of it at a designated hazardous waste facility.
Help me dispose of car battery.,car battery is hazardous waste. Please dispose of it at a designated hazardous waste facility.
Where does car battery belong?,car battery is hazardous waste. Please dispose of it at a designated hazardous waste facility.
"I have a car battery, where does it go?",car battery is hazardous waste. Please dispose of it at a designated hazardous waste facility.
Where should I put my car battery?,car battery is hazardous waste. Please dispose of it at a designated hazardous waste facility.
Can you tell me where to throw car battery?,car battery is hazardous waste. Please dispose of it at a designated hazardous waste facility.
car battery disposal method?,car battery is hazardous waste. Please dispose of it at a designated hazardous waste facility.
How should I throw away car battery?,car battery is hazardous waste. Please dispose of it at a designated hazardous waste facility.
"Throwing out car battery, which bin?",car battery is hazardous waste. Please dispose of it at a designated hazardous waste facility.
I need to discard car battery.,car battery is hazardous waste. Please dispose of it at a designated hazardous waste facility.
Discard car battery.,car battery is hazardous waste. Please dispose of it at a designated hazardous waste facility.
Where do I throw my thermometer?,thermometer is hazardous waste. Please dispose of it at a designated hazardous waste facility.
How do I dispose of a thermometer?,thermometer is hazardous waste. Please dispose of it at a designated hazardous waste facility.
Can I throw away thermometer in the trash?,thermometer is hazardous waste. Please dispose of it at a designated hazardous waste facility.
Which bin does thermometer go into?,thermometer is hazardous waste. Please dispose of it at a designated hazardous waste facility.
Is it okay to throw thermometer here?,thermometer is hazardous waste. Please dispose of it at a designated hazardous waste facility.
Tell me how to get rid of thermometer.,thermometer is hazardous waste. Please dispose of it at a designated hazardous waste facility.
What to do with old thermometer?,thermometer is hazardous waste. Please dispose of it at a designated hazardous waste facility.
Help me dispose of thermometer.,thermometer is hazardous waste. Please dispose of it at a designated hazardous waste facility.
Where does thermometer belong?,thermometer is hazardous waste. Please dispose of it at a designated hazardous waste facility.
"I have a thermometer, where does it go?",thermometer is hazardous waste. Please dispose of it at a designated hazardous waste facility.
Where should I put my thermometer?,thermometer is hazardous waste. Please dispose of it at a designated hazardous waste facility.
Can you tell me where to throw thermometer?,thermometer is hazardous waste. Please dispose of it at a designated hazardous waste facility.
thermometer disposal method?,thermometer is hazardous waste. Please dispose of it at a designated hazardous waste facility.
How should I throw away thermometer?,thermometer is hazardous waste. Please dispose of it at a designated hazardous waste facility.
"Throwing out thermometer, which bin?",thermometer is hazardous waste. Please dispose of it at a designated hazardous waste facility.
I need to discard thermometer.,thermometer is hazardous waste. Please dispose of it at a designated hazardous waste facility.
Discard thermometer.,thermometer is hazardous waste. Please dispose of it at a designated hazardous waste facility.
Where do I throw my nail polish?,nail polish is hazardous waste. Please dispose of it at a designated hazardous waste facility.
How do I dispose of a nail polish?,nail polish is hazardous waste. Please dispose of it at a designated hazardous waste facility.
Can I throw away nail polish in the trash?,nail polish is hazardous waste. Please dispose of it at a designated hazardous waste facility.
Which bin does nail polish go into?,nail polish is hazardous waste. Please dispose of it at a designated hazardous waste facility.
Is it okay to throw nail polish here?,nail polish is hazardous waste. Please dispose of it at a designated hazardous waste facility.
Tell me how to get rid of nail polish.,nail polish is hazardous waste. Please dispose of it at a designated hazardous waste facility.
What to do with old nail polish?,nail polish is hazardous waste. Please dispose of it at a designated hazardous waste facility.
Help me dispose of nail polish.,nail polish is hazardous waste. Please dispose of it at a designated hazardous waste facility.
Where does nail polish belong?,nail polish is hazardous waste. Please dispose of it at a designated hazardous waste facility.
"I have a nail polish, where does it go?",nail polish is hazardous waste. Please dispose of it at a designated hazardous waste facility.
Where should I put my nail polish?,nail polish is hazardous waste. Please dispose of it at a designated hazardous waste facility.
Can you tell me where to throw nail polish?,nail polish is hazardous waste. Please dispose of it at a designated hazardous waste facility.
nail polish disposal method?,nail polish is hazardous waste. Please dispose of it at a designated hazardous waste facility.
How should I throw away nail polish?,nail polish is hazardous waste. Please dispose of it at a designated hazardous waste facility.
"Throwing out nail polish, which bin?",nail polish is hazardous waste. Please dispose of it at a designated hazardous waste facility.
I need to discard nail polish.,nail polish is hazardous waste. Please dispose of it at a designated hazardous waste facility.
Discard nail polish.,nail polish is hazardous waste. Please dispose of it at a designated hazardous waste facility.
Where do I throw my cleaning spray?,cleaning spray is hazardous waste. Please dispose of it at a designated hazardous waste facility.
How do I dispose of a cleaning spray?,cleaning spray is hazardous waste. Please dispose of it at a designated hazardous waste facility.
Can I throw away cleaning spray in the trash?,cleaning spray is hazardous waste. Please dispose of it at a designated hazardous waste facility.
Which bin does cleaning spray go into?,cleaning spray is hazardous waste. Please dispose of it at a designated hazardous waste facility.
Is it okay to throw cleaning spray here?,cleaning spray is hazardous waste. Please dispose of it at a designated hazardous waste facility.
Tell me how to get rid of cleaning spray.,cleaning spray is hazardous waste. Please dispose of it at a designated hazardous waste facility.
What to do with old cleaning spray?,cleaning spray is hazardous waste. Please dispose of it at a designated hazardous waste facility.
Help me dispose of cleaning spray.,cleaning spray is hazardous waste. Please dispose of it at a designated hazardous waste facility.
Where does cleaning spray belong?,cleaning spray is hazardous waste. Please dispose of it at a designated hazardous waste facility.
"I have a cleaning spray, where does it go?",cleaning spray is hazardous waste. Please dispose of it at a designated hazardous waste facility.
Where should I put my cleaning spray?,cleaning spray is hazardous waste. Please dispose of it at a designated hazardous waste facility.
Can you tell me where to throw cleaning spray?,cleaning spray is hazardous waste. Please dispose of it at a designated hazardous waste facility.
cleaning spray disposal method?,cleaning spray is hazardous waste. Please dispose of it at a designated hazardous waste facility.
How should I throw away cleaning spray?,cleaning spray is hazardous waste. Please dispose of it at a designated hazardous waste facility.
"Throwing out cleaning spray, which bin?",cleaning spray is hazardous waste. Please dispose of it at a designated hazardous waste facility.
I need to discard cleaning spray.,cleaning spray is hazardous waste. Please dispose of it at a designated hazardous waste facility.
Discard cleaning spray.,cleaning spray is hazardous waste. Please dispose of it at a designated hazardous waste facility.
Where do I throw my rat poison?,rat poison is hazardous waste. Please dispose of it at a designated hazardous waste facility.
How do I dispose of a rat poison?,rat poison is hazardous waste. Please dispose of it at a designated hazardous waste facility.
Can I throw away rat poison in the trash?,rat poison is hazardous waste. Please dispose of it at a designated hazardous waste facility.
Which bin does rat poison go into?,rat poison is hazardous waste. Please dispose of it at a designated hazardous waste facility.
Is it okay to throw rat poison here?,rat poison is hazardous waste. Please dispose of it at a designated hazardous waste facility.
Tell me how to get rid of rat poison.,rat poison is hazardous waste. Please dispose of it at a designated hazardous waste facility.
What to do with old rat poison?,rat poison is hazardous waste. Please dispose of it at a designated hazardous waste facility.
Help me dispose of rat poison.,rat poison is hazardous waste. Please dispose of it at a designated hazardous waste facility.
Where does rat poison belong?,rat poison is hazardous waste. Please dispose of it at a designated hazardous waste facility.
"I have a rat poison, where does it go?",rat poison is hazardous waste. Please dispose of it at a designated hazardous waste facility.
Where should I put my rat poison?,rat poison is hazardous waste. Please dispose of it at a designated hazardous waste facility.
Can you tell me where to throw rat poison?,rat poison is hazardous waste. Please dispose of it at a designated hazardous waste facility.
rat poison disposal method?,rat poison is hazardous waste. Please dispose of it at a designated hazardous waste facility.
How should I throw away rat poison?,rat poison is hazardous waste. Please dispose of it at a designated hazardous waste facility.
"Throwing out rat poison, which bin?",rat poison is hazardous waste. Please dispose of it at a designated hazardous waste facility.
I need to discard rat poison.,rat poison is hazardous waste. Please dispose of it at a designated hazardous waste facility.
Discard rat poison.,rat poison is hazardous waste. Please dispose of it at a designated hazardous waste facility.
Where do I throw my antifreeze?,antifreeze is hazardous waste. Please dispose of it at a designated hazardous waste facility.
How do I dispose of a antifreeze?,antifreeze is hazardous waste. Please dispose of it at a designated hazardous waste facility.
Can I throw away antifreeze in the trash?,antifreeze is hazardous waste. Please dispose of it at a designated hazardous waste facility.
Which bin does antifreeze go into?,antifreeze is hazardous waste. Please dispose of it at a designated hazardous waste facility.
Is it okay to throw antifreeze here?,antifreeze is hazardous waste. Please dispose of it at a designated hazardous waste facility.
Tell me how to get rid of antifreeze.,antifreeze is hazardous waste. Please dispose of it at a designated hazardous waste facility.
What to do with old antifreeze?,antifreeze is hazardous waste. Please dispose of it at a designated hazardous waste facility.
Help me dispose of antifreeze.,antifreeze is hazardous waste. Please dispose of it at a designated hazardous waste facility.
Where does antifreeze belong?,antifreeze is hazardous waste. Please dispose of it at a designated hazardous waste facility.
"I have a antifreeze, where does it go?",antifreeze is hazardous waste. Please dispose of it at a designated hazardous waste facility.
Where should I put my antifreeze?,antifreeze is hazardous waste. Please dispose of it at a designated hazardous waste facility.
Can you tell me where to throw antifreeze?,antifreeze is hazardous waste. Please dispose of it at a designated hazardous waste facility.
antifreeze disposal method?,antifreeze is hazardous waste. Please dispose of it at a designated hazardous waste facility.
How should I throw away antifreeze?,antifreeze is hazardous waste. Please dispose of it at a designated hazardous waste facility.
"Throwing out antifreeze, which bin?",antifreeze is hazardous waste. Please dispose of it at a designated hazardous waste facility.
I need to discard antifreeze.,antifreeze is hazardous waste. Please dispose of it at a designated hazardous waste facility.
Discard antifreeze.,antifreeze is hazardous waste. Please dispose of it at a designated hazardous waste facility.
Where do I throw my brake fluid?,brake fluid is hazardous waste. Please dispose of it at a designated hazardous waste facility.
How do I dispose of a brake fluid?,brake fluid is hazardous waste. Please dispose of it at a designated hazardous waste facility.
Can I throw away brake fluid in the trash?,brake fluid is hazardous waste. Please dispose of it at a designated hazardous waste facility.
Which bin does brake fluid go into?,brake fluid is hazardous waste. Please dispose of it at a designated hazardous waste facility.
Is it okay to throw brake fluid here?,brake fluid is hazardous waste. Please dispose of it at a designated hazardous waste facility.
Tell me how to get rid of brake fluid.,brake fluid is hazardous waste. Please dispose of it at a designated hazardous waste facility.
What to do with old brake fluid?,brake fluid is hazardous waste. Please dispose of it at a designated hazardous waste facility.
Help me dispose of brake fluid.,brake fluid is hazardous waste. Please dispose of it at a designated hazardous waste facility.
Where does brake fluid belong?,brake fluid is hazardous waste. Please dispose of it at a designated hazardous waste facility.
"I have a brake fluid, where does it go?",brake fluid is hazardous waste. Please dispose of it at a designated hazardous waste facility.
Where should I put my brake fluid?,brake fluid is hazardous waste. Please dispose of it at a designated hazardous waste facility.
Can you tell me where to throw brake fluid?,brake fluid is hazardous waste. Please dispose of it at a designated hazardous waste facility.
brake fluid disposal method?,brake fluid is hazardous waste. Please dispose of it at a designated hazardous waste facility.
How should I throw away brake fluid?,brake fluid is hazardous waste. Please dispose of it at a designated hazardous waste facility.
"Throwing out brake fluid, which bin?",brake fluid is hazardous waste. Please dispose of it at a designated hazardous waste facility.
I need to discard brake fluid.,brake fluid is hazardous waste. Please dispose of it at a designated hazardous waste facility.
Discard brake fluid.,brake fluid is hazardous waste. Please dispose of it at a designated hazardous waste facility.
Where do I throw my pool chemicals?,pool chemicals is hazardous waste. Please dispose of it at a designated hazardous waste facility.
How do I dispose of a pool chemicals?,pool chemicals is hazardous waste. Please dispose of it at a designated hazardous waste facility.
Can I throw away pool chemicals in the trash?,pool chemicals is hazardous waste. Please dispose of it at a designated hazardous waste facility.
Which bin does pool chemicals go into?,pool chemicals is hazardous waste. Please dispose of it at a designated hazardous waste facility.
Is it okay to throw pool chemicals here?,pool chemicals is hazardous waste. Please dispose of it at a designated hazardous waste facility.
Tell me how to get rid of pool chemicals.,pool chemicals is hazardous waste. Please dispose of it at a designated hazardous waste facility.
What to do with old pool chemicals?,pool chemicals is hazardous waste. Please dispose of it at a designated hazardous waste facility.
Help me dispose of pool chemicals.,pool chemicals is hazardous waste. Please dispose of it at a designated hazardous waste facility.
Where does pool chemicals belong?,pool chemicals is hazardous waste. Please dispose of it at a designated hazardous waste facility.
"I have a pool chemicals, where does it go?",pool chemicals is hazardous waste. Please dispose of it at a designated hazardous waste facility.
Where should I put my pool chemicals?,pool chemicals is hazardous waste. Please dispose of it at a designated hazardous waste facility.
Can you tell me where to throw pool chemicals?,pool chemicals is hazardous waste. Please dispose of it at a designated hazardous waste facility.
pool chemicals disposal method?,pool chemicals is hazardous waste. Please dispose of it at a designated hazardous waste facility.
How should I throw away pool chemicals?,pool chemicals is hazardous waste. Please dispose of it at a designated hazardous waste facility.
"Throwing out pool chemicals, which bin?",pool chemicals is hazardous waste. Please dispose of it at a designated hazardous waste facility.
I need to discard pool chemicals.,pool chemicals is hazardous waste. Please dispose of it at a designated hazardous waste facility.
Discard pool chemicals.,pool chemicals is hazardous waste. Please dispose of it at a designated hazardous waste facility.
Where do I throw my weed killer?,weed killer is hazardous waste. Please dispose of it at a designated hazardous waste facility.
How do I dispose of a weed killer?,weed killer is hazardous waste. Please dispose of it at a designated hazardous waste facility.
Can I throw away weed killer in the trash?,weed killer is hazardous waste. Please dispose of it at a designated hazardous waste facility.
Which bin does weed killer go into?,weed killer is hazardous waste. Please dispose of it at a designated hazardous waste facility.
Is it okay to throw weed killer here?,weed killer is hazardous waste. Please dispose of it at a designated hazardous waste facility.
Tell me how to get rid of weed killer.,weed killer is hazardous waste. Please dispose of it at a designated hazardous waste facility.
What to do with old weed killer?,weed killer is hazardous waste. Please dispose of it at a designated hazardous waste facility.
Help me dispose of weed killer.,weed killer is hazardous waste. Please dispose of it at a designated hazardous waste facility.
Where does weed killer belong?,weed killer is hazardous waste. Please dispose of it at a designated hazardous waste facility.
"I have a weed killer, where does it go?",weed killer is hazardous waste. Please dispose of it at a designated hazardous waste facility.
Where should I put my weed killer?,weed killer is hazardous waste. Please dispose of it at a designated hazardous waste facility.
Can you tell me where to throw weed killer?,weed killer is hazardous waste. Please dispose of it at a designated hazardous waste facility.
weed killer disposal method?,weed killer is hazardous waste. Please dispose of it at a designated hazardous waste facility.
How should I throw away weed killer?,weed killer is hazardous waste. Please dispose of it at a designated hazardous waste facility.
"Throwing out weed killer, which bin?",weed killer is hazardous waste. Please dispose of it at a designated hazardous waste facility.
I need to discard weed killer.,weed killer is hazardous waste. Please dispose of it at a designated hazardous waste facility.
Discard weed killer.,weed killer is hazardous waste. Please dispose of it at a designated hazardous waste facility.
Where do I throw my drain cleaner?,drain cleaner is hazardous waste. Please dispose of it at a designated hazardous waste facility.
How do I dispose of a drain cleaner?,drain cleaner is hazardous waste. Please dispose of it at a designated hazardous waste facility.
Can I throw away drain cleaner in the trash?,drain cleaner is hazardous waste. Please dispose of it at a designated hazardous waste facility.
Which bin does drain cleaner go into?,drain cleaner is hazardous waste. Please dispose of it at a designated hazardous waste facility.
Is it okay to throw drain cleaner here?,drain cleaner is hazardous waste. Please dispose of it at a designated hazardous waste facility.
Tell me how to get rid of drain cleaner.,drain cleaner is hazardous waste. Please dispose of it at a designated hazardous waste facility.
What to do with old drain cleaner?,drain cleaner is hazardous waste. Please dispose of it at a designated hazardous waste facility.
Help me dispose of drain cleaner.,drain cleaner is hazardous waste. Please dispose of it at a designated hazardous waste facility.
Where does drain cleaner belong?,drain cleaner is hazardous waste. Please dispose of it at a designated hazardous waste facility.
"I have a drain cleaner, where does it go?",drain cleaner is hazardous waste. Please dispose of it at a designated hazardous waste facility.
Where should I put my drain cleaner?,drain cleaner is hazardous waste. Please dispose of it at a designated hazardous waste facility.
Can you tell me where to throw drain cleaner?,drain cleaner is hazardous waste. Please dispose of it at a designated hazardous waste facility.
drain cleaner disposal method?,drain cleaner is hazardous waste. Please dispose of it at a designated hazardous waste facility.
How should I throw away drain cleaner?,drain cleaner is hazardous waste. Please dispose of it at a designated hazardous waste facility.
"Throwing out drain cleaner, which bin?",drain cleaner is hazardous waste. Please dispose of it at a designated hazardous waste facility.
I need to discard drain cleaner.,drain cleaner is hazardous waste. Please dispose of it at a designated hazardous waste facility.
Discard drain cleaner.,drain cleaner is hazardous waste. Please dispose of it at a designated hazardous waste facility.
Where do I throw my used syringes?,used syringes is hazardous waste. Please dispose of it at a designated hazardous waste facility.
How do I dispose of a used syringes?,used syringes is hazardous waste. Please dispose of it at a designated hazardous waste facility.
Can I throw away used syringes in the trash?,used syringes is hazardous waste. Please dispose of it at a designated hazardous waste facility.
Which bin does used syringes go into?,used syringes is hazardous waste. Please dispose of it at a designated hazardous waste facility.
Is it okay to throw used syringes here?,used syringes is hazardous waste. Please dispose of it at a designated hazardous waste facility.
Tell me how to get rid of used syringes.,used syringes is hazardous waste. Please dispose of it at a designated hazardous waste facility.
What to do with old used syringes?,used syringes is hazardous waste. Please dispose of it at a designated hazardous waste facility.
Help me dispose of used syringes.,used syringes is hazardous waste. Please dispose of it at a designated hazardous waste facility.
Where does used syringes belong?,used syringes is hazardous waste. Please dispose of it at a designated hazardous waste facility.
"I have a used syringes, where does it go?",used syringes is hazardous waste. Please dispose of it at a designated hazardous waste facility.
Where should I put my used syringes?,used syringes is hazardous waste. Please dispose of it at a designated hazardous waste facility.
Can you tell me where to throw used syringes?,used syringes is hazardous waste. Please dispose of it at a designated hazardous waste facility.
used syringes disposal method?,used syringes is hazardous waste. Please dispose of it at a designated hazardous waste facility.
How should I throw away used syringes?,used syringes is hazardous waste. Please dispose of it at a designated hazardous waste facility.
"Throwing out used syringes, which bin?",used syringes is hazardous waste. Please dispose of it at a designated hazardous waste facility.
I need to discard used syringes.,used syringes is hazardous waste. Please dispose of it at a designated hazardous waste facility.
Discard used syringes.,used syringes is hazardous waste. Please dispose of it at a designated hazardous waste facility.
Where do I throw my medical waste?,medical waste is hazardous waste. Please dispose of it at a designated hazardous waste facility.
How do I dispose of a medical waste?,medical waste is hazardous waste. Please dispose of it at a designated hazardous waste facility.
Can I throw away medical waste in the trash?,medical waste is hazardous waste. Please dispose of it at a designated hazardous waste facility.
Which bin does medical waste go into?,medical waste is hazardous waste. Please dispose of it at a designated hazardous waste facility.
Is it okay to throw medical waste here?,medical waste is hazardous waste. Please dispose of it at a designated hazardous waste facility.
Tell me how to get rid of medical waste.,medical waste is hazardous waste. Please dispose of it at a designated hazardous waste facility.
What to do with old medical waste?,medical waste is hazardous waste. Please dispose of it at a designated hazardous waste facility.
Help me dispose of medical waste.,medical waste is hazardous waste. Please dispose of it at a designated hazardous waste facility.
Where does medical waste belong?,medical waste is hazardous waste. Please dispose of it at a designated hazardous waste facility.
"I have a medical waste, where does it go?",medical waste is hazardous waste. Please dispose of it at a designated hazardous waste facility.
Where should I put my medical waste?,medical waste is hazardous waste. Please dispose of it at a designated hazardous waste facility.
Can you tell me where to throw medical waste?,medical waste is hazardous waste. Please dispose of it at a designated hazardous waste facility.
medical waste disposal method?,medical waste is hazardous waste. Please dispose of it at a designated hazardous waste facility.
How should I throw away medical waste?,medical waste is hazardous waste. Please dispose of it at a designated hazardous waste facility.
"Throwing out medical waste, which bin?",medical waste is hazardous waste. Please dispose of it at a designated hazardous waste facility.
I need to discard medical waste.,medical waste is hazardous waste. Please dispose of it at a designated hazardous waste facility.
Discard medical waste.,medical waste is hazardous waste. Please dispose of it at a designated hazardous waste facility.
Where do I throw my sofa?,"For large items like sofa, please contact the municipality to schedule a bulk waste pickup."
How do I dispose of a sofa?,"For large items like sofa, please contact the municipality to schedule a bulk waste pickup."
Can I throw away sofa in the trash?,"For large items like sofa, please contact the municipality to schedule a bulk waste pickup."
Which bin does sofa go into?,"For large items like sofa, please contact the municipality to schedule a bulk waste pickup."
Is it okay to throw sofa here?,"For large items like sofa, please contact the municipality to schedule a bulk waste pickup."
Tell me how to get rid of sofa.,"For large items like sofa, please contact the municipality to schedule a bulk waste pickup."
What to do with old sofa?,"For large items like sofa, please contact the municipality to schedule a bulk waste pickup."
Help me dispose of sofa.,"For large items like sofa, please contact the municipality to schedule a bulk waste pickup."
Where does sofa belong?,"For large items like sofa, please contact the municipality to schedule a bulk waste pickup."
"I have a sofa, where does it go?","For large items like sofa, please contact the municipality to schedule a bulk waste pickup."
Where should I put my sofa?,"For large items like sofa, please contact the municipality to schedule a bulk waste pickup."
Can you tell me where to throw sofa?,"For large items like sofa, please contact the municipality to schedule a bulk waste pickup."
sofa disposal method?,"For large items like sofa, please contact the municipality to schedule a bulk waste pickup."
How should I throw away sofa?,"For large items like sofa, please contact the municipality to schedule a bulk waste pickup."
"Throwing out sofa, which bin?","For large items like sofa, please contact the municipality to schedule a bulk waste pickup."
I need to discard sofa.,"For large items like sofa, please contact the municipality to schedule a bulk waste pickup."
Discard sofa.,"For large items like sofa, please contact the municipality to schedule a bulk waste pickup."
Where do I throw my mattress?,"For large items like mattress, please contact the municipality to schedule a bulk waste pickup."
How do I dispose of a mattress?,"For large items like mattress, please contact the municipality to schedule a bulk waste pickup."
Can I throw away mattress in the trash?,"For large items like mattress, please contact the municipality to schedule a bulk waste pickup."
Which bin does mattress go into?,"For large items like mattress, please contact the municipality to schedule a bulk waste pickup."
Is it okay to throw mattress here?,"For large items like mattress, please contact the municipality to schedule a bulk waste pickup."
Tell me how to get rid of mattress.,"For large items like mattress, please contact the municipality to schedule a bulk waste pickup."
What to do with old mattress?,"For large items like mattress, please contact the municipality to schedule a bulk waste pickup."
Help me dispose of mattress.,"For large items like mattress, please contact the municipality to schedule a bulk waste pickup."
Where does mattress belong?,"For large items like mattress, please contact the municipality to schedule a bulk waste pickup."
"I have a mattress, where does it go?","For large items like mattress, please contact the municipality to schedule a bulk waste pickup."
Where should I put my mattress?,"For large items like mattress, please contact the municipality to schedule a bulk waste pickup."
Can you tell me where to throw mattress?,"For large items like mattress, please contact the municipality to schedule a bulk waste pickup."
mattress disposal method?,"For large items like mattress, please contact the municipality to schedule a bulk waste pickup."
How should I throw away mattress?,"For large items like mattress, please contact the municipality to schedule a bulk waste pickup."
"Throwing out mattress, which bin?","For large items like mattress, please contact the municipality to schedule a bulk waste pickup."
I need to discard mattress.,"For large items like mattress, please contact the municipality to schedule a bulk waste pickup."
Discard mattress.,"For large items like mattress, please contact the municipality to schedule a bulk waste pickup."
Where do I throw my broken chair?,"For large items like broken chair, please contact the municipality to schedule a bulk waste pickup."
How do I dispose of a broken chair?,"For large items like broken chair, please contact the municipality to schedule a bulk waste pickup."
Can I throw away broken chair in the trash?,"For large items like broken chair, please contact the municipality to schedule a bulk waste pickup."
Which bin does broken chair go into?,"For large items like broken chair, please contact the municipality to schedule a bulk waste pickup."
Is it okay to throw broken chair here?,"For large items like broken chair, please contact the municipality to schedule a bulk waste pickup."
Tell me how to get rid of broken chair.,"For large items like broken chair, please contact the municipality to schedule a bulk waste pickup."
What to do with old broken chair?,"For large items like broken chair, please contact the municipality to schedule a bulk waste pickup."
Help me dispose of broken chair.,"For large items like broken chair, please contact the municipality to schedule a bulk waste pickup."
Where does broken chair belong?,"For large items like broken chair, please contact the municipality to schedule a bulk waste pickup."
"I have a broken chair, where does it go?","For large items like broken chair, please contact the municipality to schedule a bulk waste pickup."
Where should I put my broken chair?,"For large items like broken chair, please contact the municipality to schedule a bulk waste pickup."
Can you tell me where to throw broken chair?,"For large items like broken chair, please contact the municipality to schedule a bulk waste pickup."
broken chair disposal method?,"For large items like broken chair, please contact the municipality to schedule a bulk waste pickup."
How should I throw away broken chair?,"For large items like broken chair, please contact the municipality to schedule a bulk waste pickup."
"Throwing out broken chair, which bin?","For large items like broken chair, please contact the municipality to schedule a bulk waste pickup."
I need to discard broken chair.,"For large items like broken chair, please contact the municipality to schedule a bulk waste pickup."
Discard broken chair.,"For large items like broken chair, please contact the municipality to schedule a bulk waste pickup."
Where do I throw my wooden table?,"For large items like wooden table, please contact the municipality to schedule a bulk waste pickup."
How do I dispose of a wooden table?,"For large items like wooden table, please contact the municipality to schedule a bulk waste pickup."
Can I throw away wooden table in the trash?,"For large items like wooden table, please contact the municipality to schedule a bulk waste pickup."
Which bin does wooden table go into?,"For large items like wooden table, please contact the municipality to schedule a bulk waste pickup."
Is it okay to throw wooden table here?,"For large items like wooden table, please contact the municipality to schedule a bulk waste pickup."
Tell me how to get rid of wooden table.,"For large items like wooden table, please contact the municipality to schedule a bulk waste pickup."
What to do with old wooden table?,"For large items like wooden table, please contact the municipality to schedule a bulk waste pickup."
Help me dispose of wooden table.,"For large items like wooden table, please contact the municipality to schedule a bulk waste pickup."
Where does wooden table belong?,"For large items like wooden table, please contact the municipality to schedule a bulk waste pickup."
"I have a wooden table, where does it go?","For large items like wooden table, please contact the municipality to schedule a bulk waste pickup."
Where should I put my wooden table?,"For large items like wooden table, please contact the municipality to schedule a bulk waste pickup."
Can you tell me where to throw wooden table?,"For large items like wooden table, please contact the municipality to schedule a bulk waste pickup."
wooden table disposal method?,"For large items like wooden table, please contact the municipality to schedule a bulk waste pickup."
How should I throw away wooden table?,"For large items like wooden table, please contact the municipality to schedule a bulk waste pickup."
"Throwing out wooden table, which bin?","For large items like wooden table, please contact the municipality to schedule a bulk waste pickup."
I need to discard wooden table.,"For large items like wooden table, please contact the municipality to schedule a bulk waste pickup."
Discard wooden table.,"For large items like wooden table, please contact the municipality to schedule a bulk waste pickup."
Where do I throw my refrigerator?,"For large items like refrigerator, please contact the municipality to schedule a bulk waste pickup."
How do I dispose of a refrigerator?,"For large items like refrigerator, please contact the municipality to schedule a bulk waste pickup."
Can I throw away refrigerator in the trash?,"For large items like refrigerator, please contact the municipality to schedule a bulk waste pickup."
Which bin does refrigerator go into?,"For large items like refrigerator, please contact the municipality to schedule a bulk waste pickup."
Is it okay to throw refrigerator here?,"For large items like refrigerator, please contact the municipality to schedule a bulk waste pickup."
Tell me how to get rid of refrigerator.,"For large items like refrigerator, please contact the municipality to schedule a bulk waste pickup."
What to do with old refrigerator?,"For large items like refrigerator, please contact the municipality to schedule a bulk waste pickup."
Help me dispose of refrigerator.,"For large items like refrigerator, please contact the municipality to schedule a bulk waste pickup."
Where does refrigerator belong?,"For large items like refrigerator, please contact the municipality to schedule a bulk waste pickup."
"I have a refrigerator, where does it go?","For large items like refrigerator, please contact the municipality to schedule a bulk waste pickup."
Where should I put my refrigerator?,"For large items like refrigerator, please contact the municipality to schedule a bulk waste pickup."
Can you tell me where to throw refrigerator?,"For large items like refrigerator, please contact the municipality to schedule a bulk waste pickup."
refrigerator disposal method?,"For large items like refrigerator, please contact the municipality to schedule a bulk waste pickup."
How should I throw away refrigerator?,"For large items like refrigerator, please contact the municipality to schedule a bulk waste pickup."
"Throwing out refrigerator, which bin?","For large items like refrigerator, please contact the municipality to schedule a bulk waste pickup."
I need to discard refrigerator.,"For large items like refrigerator, please contact the municipality to schedule a bulk waste pickup."
Discard refrigerator.,"For large items like refrigerator, please contact the municipality to schedule a bulk waste pickup."
Where do I throw my washing machine?,"For large items like washing machine, please contact the municipality to schedule a bulk waste pickup."
How do I dispose of a washing machine?,"For large items like washing machine, please contact the municipality to schedule a bulk waste pickup."
Can I throw away washing machine in the trash?,"For large items like washing machine, please contact the municipality to schedule a bulk waste pickup."
Which bin does washing machine go into?,"For large items like washing machine, please contact the municipality to schedule a bulk waste pickup."
Is it okay to throw washing machine here?,"For large items like washing machine, please contact the municipality to schedule a bulk waste pickup."
Tell me how to get rid of washing machine.,"For large items like washing machine, please contact the municipality to schedule a bulk waste pickup."
What to do with old washing machine?,"For large items like washing machine, please contact the municipality to schedule a bulk waste pickup."
Help me dispose of washing machine.,"For large items like washing machine, please contact the municipality to schedule a bulk waste pickup."
Where does washing machine belong?,"For large items like washing machine, please contact the municipality to schedule a bulk waste pickup."
"I have a washing machine, where does it go?","For large items like washing machine, please contact the municipality to schedule a bulk waste pickup."
Where should I put my washing machine?,"For large items like washing machine, please contact the municipality to schedule a bulk waste pickup."
Can you tell me where to throw washing machine?,"For large items like washing machine, please contact the municipality to schedule a bulk waste pickup."
washing machine disposal method?,"For large items like washing machine, please contact the municipality to schedule a bulk waste pickup."
How should I throw away washing machine?,"For large items like washing machine, please contact the municipality to schedule a bulk waste pickup."
"Throwing out washing machine, which bin?","For large items like washing machine, please contact the municipality to schedule a bulk waste pickup."
I need to discard washing machine.,"For large items like washing machine, please contact the municipality to schedule a bulk waste pickup."
Discard washing machine.,"For large items like washing machine, please contact the municipality to schedule a bulk waste pickup."
Where do I throw my old desk?,"For large items like old desk, please contact the municipality to schedule a bulk waste pickup."
How do I dispose of a old desk?,"For large items like old desk, please contact the municipality to schedule a bulk waste pickup."
Can I throw away old desk in the trash?,"For large items like old desk, please contact the municipality to schedule a bulk waste pickup."
Which bin does old desk go into?,"For large items like old desk, please contact the municipality to schedule a bulk waste pickup."
Is it okay to throw old desk here?,"For large items like old desk, please contact the municipality to schedule a bulk waste pickup."
Tell me how to get rid of old desk.,"For large items like old desk, please contact the municipality to schedule a bulk waste pickup."
What to do with old old desk?,"For large items like old desk, please contact the municipality to schedule a bulk waste pickup."
Help me dispose of old desk.,"For large items like old desk, please contact the municipality to schedule a bulk waste pickup."
Where does old desk belong?,"For large items like old desk, please contact the municipality to schedule a bulk waste pickup."
"I have a old desk, where does it go?","For large items like old desk, please contact the municipality to schedule a bulk waste pickup."
Where should I put my old desk?,"For large items like old desk, please contact the municipality to schedule a bulk waste pickup."
Can you tell me where to throw old desk?,"For large items like old desk, please contact the municipality to schedule a bulk waste pickup."
old desk disposal method?,"For large items like old desk, please contact the municipality to schedule a bulk waste pickup."
How should I throw away old desk?,"For large items like old desk, please contact the municipality to schedule a bulk waste pickup."
"Throwing out old desk, which bin?","For large items like old desk, please contact the municipality to schedule a bulk waste pickup."
I need to discard old desk.,"For large items like old desk, please contact the municipality to schedule a bulk waste pickup."
Discard old desk.,"For large items like old desk, please contact the municipality to schedule a bulk waste pickup."
Where do I throw my carpet?,"For large items like carpet, please contact the municipality to schedule a bulk waste pickup."
How do I dispose of a carpet?,"For large items like carpet, please contact the municipality to schedule a bulk waste pickup."
Can I throw away carpet in the trash?,"For large items like carpet, please contact the municipality to schedule a bulk waste pickup."
Which bin does carpet go into?,"For large items like carpet, please contact the municipality to schedule a bulk waste pickup."
Is it okay to throw carpet here?,"For large items like carpet, please contact the municipality to schedule a bulk waste pickup."
Tell me how to get rid of carpet.,"For large items like carpet, please contact the municipality to schedule a bulk waste pickup."
What to do with old carpet?,"For large items like carpet, please contact the municipality to schedule a bulk waste pickup."
Help me dispose of carpet.,"For large items like carpet, please contact the municipality to schedule a bulk waste pickup."
Where does carpet belong?,"For large items like carpet, please contact the municipality to schedule a bulk waste pickup."
"I have a carpet, where does it go?","For large items like carpet, please contact the municipality to schedule a bulk waste pickup."
Where should I put my carpet?,"For large items like carpet, please contact the municipality to schedule a bulk waste pickup."
Can you tell me where to throw carpet?,"For large items like carpet, please contact the municipality to schedule a bulk waste pickup."
carpet disposal method?,"For large items like carpet, please contact the municipality to schedule a bulk waste pickup."
How should I throw away carpet?,"For large items like carpet, please contact the municipality to schedule a bulk waste pickup."
"Throwing out carpet, which bin?","For large items like carpet, please contact the municipality to schedule a bulk waste pickup."
I need to discard carpet.,"For large items like carpet, please contact the municipality to schedule a bulk waste pickup."
Discard carpet.,"For large items like carpet, please contact the municipality to schedule a bulk waste pickup."
Where do I throw my wardrobe?,"For large items like wardrobe, please contact the municipality to schedule a bulk waste pickup."
How do I dispose of a wardrobe?,"For large items like wardrobe, please contact the municipality to schedule a bulk waste pickup."
Can I throw away wardrobe in the trash?,"For large items like wardrobe, please contact the municipality to schedule a bulk waste pickup."
Which bin does wardrobe go into?,"For large items like wardrobe, please contact the municipality to schedule a bulk waste pickup."
Is it okay to throw wardrobe here?,"For large items like wardrobe, please contact the municipality to schedule a bulk waste pickup."
Tell me how to get rid of wardrobe.,"For large items like wardrobe, please contact the municipality to schedule a bulk waste pickup."
What to do with old wardrobe?,"For large items like wardrobe, please contact the municipality to schedule a bulk waste pickup."
Help me dispose of wardrobe.,"For large items like wardrobe, please contact the municipality to schedule a bulk waste pickup."
Where does wardrobe belong?,"For large items like wardrobe, please contact the municipality to schedule a bulk waste pickup."
"I have a wardrobe, where does it go?","For large items like wardrobe, please contact the municipality to schedule a bulk waste pickup."
Where should I put my wardrobe?,"For large items like wardrobe, please contact the municipality to schedule a bulk waste pickup."
Can you tell me where to throw wardrobe?,"For large items like wardrobe, please contact the municipality to schedule a bulk waste pickup."
wardrobe disposal method?,"For large items like wardrobe, please contact the municipality to schedule a bulk waste pickup."
How should I throw away wardrobe?,"For large items like wardrobe, please contact the municipality to schedule a bulk waste pickup."
"Throwing out wardrobe, which bin?","For large items like wardrobe, please contact the municipality to schedule a bulk waste pickup."
I need to discard wardrobe.,"For large items like wardrobe, please contact the municipality to schedule a bulk waste pickup."
Discard wardrobe.,"For large items like wardrobe, please contact the municipality to schedule a bulk waste pickup."
Where do I throw my bookcase?,"For large items like bookcase, please contact the municipality to schedule a bulk waste pickup."
How do I dispose of a bookcase?,"For large items like bookcase, please contact the municipality to schedule a bulk waste pickup."
Can I throw away bookcase in the trash?,"For large items like bookcase, please contact the municipality to schedule a bulk waste pickup."
Which bin does bookcase go into?,"For large items like bookcase, please contact the municipality to schedule a bulk waste pickup."
Is it okay to throw bookcase here?,"For large items like bookcase, please contact the municipality to schedule a bulk waste pickup."
Tell me how to get rid of bookcase.,"For large items like bookcase, please contact the municipality to schedule a bulk waste pickup."
What to do with old bookcase?,"For large items like bookcase, please contact the municipality to schedule a bulk waste pickup."
Help me dispose of bookcase.,"For large items like bookcase, please contact the municipality to schedule a bulk waste pickup."
Where does bookcase belong?,"For large items like bookcase, please contact the municipality to schedule a bulk waste pickup."
"I have a bookcase, where does it go?","For large items like bookcase, please contact the municipality to schedule a bulk waste pickup."
Where should I put my bookcase?,"For large items like bookcase, please contact the municipality to schedule a bulk waste pickup."
Can you tell me where to throw bookcase?,"For large items like bookcase, please contact the municipality to schedule a bulk waste pickup."
bookcase disposal method?,"For large items like bookcase, please contact the municipality to schedule a bulk waste pickup."
How should I throw away bookcase?,"For large items like bookcase, please contact the municipality to schedule a bulk waste pickup."
"Throwing out bookcase, which bin?","For large items like bookcase, please contact the municipality to schedule a bulk waste pickup."
I need to discard bookcase.,"For large items like bookcase, please contact the municipality to schedule a bulk waste pickup."
Discard bookcase.,"For large items like bookcase, please contact the municipality to schedule a bulk waste pickup."
Where do I throw my broken door?,"For large items like broken door, please contact the municipality to schedule a bulk waste pickup."
How do I dispose of a broken door?,"For large items like broken door, please contact the municipality to schedule a bulk waste pickup."
Can I throw away broken door in the trash?,"For large items like broken door, please contact the municipality to schedule a bulk waste pickup."
Which bin does broken door go into?,"For large items like broken door, please contact the municipality to schedule a bulk waste pickup."
Is it okay to throw broken door here?,"For large items like broken door, please contact the municipality to schedule a bulk waste pickup."
Tell me how to get rid of broken door.,"For large items like broken door, please contact the municipality to schedule a bulk waste pickup."
What to do with old broken door?,"For large items like broken door, please contact the municipality to schedule a bulk waste pickup."
Help me dispose of broken door.,"For large items like broken door, please contact the municipality to schedule a bulk waste pickup."
Where does broken door belong?,"For large items like broken door, please contact the municipality to schedule a bulk waste pickup."
"I have a broken door, where does it go?","For large items like broken door, please contact the municipality to schedule a bulk waste pickup."
Where should I put my broken door?,"For large items like broken door, please contact the municipality to schedule a bulk waste pickup."
Can you tell me where to throw broken door?,"For large items like broken door, please contact the municipality to schedule a bulk waste pickup."
broken door disposal method?,"For large items like broken door, please contact the municipality to schedule a bulk waste pickup."
How should I throw away broken door?,"For large items like broken door, please contact the municipality to schedule a bulk waste pickup."
"Throwing out broken door, which bin?","For large items like broken door, please contact the municipality to schedule a bulk waste pickup."
I need to discard broken door.,"For large items like broken door, please contact the municipality to schedule a bulk waste pickup."
Discard broken door.,"For large items like broken door, please contact the municipality to schedule a bulk waste pickup."
Where do I throw my bathtub?,"For large items like bathtub, please contact the municipality to schedule a bulk waste pickup."
How do I dispose of a bathtub?,"For large items like bathtub, please contact the municipality to schedule a bulk waste pickup."
Can I throw away bathtub in the trash?,"For large items like bathtub, please contact the municipality to schedule a bulk waste pickup."
Which bin does bathtub go into?,"For large items like bathtub, please contact the municipality to schedule a bulk waste pickup."
Is it okay to throw bathtub here?,"For large items like bathtub, please contact the municipality to schedule a bulk waste pickup."
Tell me how to get rid of bathtub.,"For large items like bathtub, please contact the municipality to schedule a bulk waste pickup."
What to do with old bathtub?,"For large items like bathtub, please contact the municipality to schedule a bulk waste pickup."
Help me dispose of bathtub.,"For large items like bathtub, please contact the municipality to schedule a bulk waste pickup."
Where does bathtub belong?,"For large items like bathtub, please contact the municipality to schedule a bulk waste pickup."
"I have a bathtub, where does it go?","For large items like bathtub, please contact the municipality to schedule a bulk waste pickup."
Where should I put my bathtub?,"For large items like bathtub, please contact the municipality to schedule a bulk waste pickup."
Can you tell me where to throw bathtub?,"For large items like bathtub, please contact the municipality to schedule a bulk waste pickup."
bathtub disposal method?,"For large items like bathtub, please contact the municipality to schedule a bulk waste pickup."
How should I throw away bathtub?,"For large items like bathtub, please contact the municipality to schedule a bulk waste pickup."
"Throwing out bathtub, which bin?","For large items like bathtub, please contact the municipality to schedule a bulk waste pickup."
I need to discard bathtub.,"For large items like bathtub, please contact the municipality to schedule a bulk waste pickup."
Discard bathtub.,"For large items like bathtub, please contact the municipality to schedule a bulk waste pickup."
Where do I throw my oven?,"For large items like oven, please contact the municipality to schedule a bulk waste pickup."
How do I dispose of a oven?,"For large items like oven, please contact the municipality to schedule a bulk waste pickup."
Can I throw away oven in the trash?,"For large items like oven, please contact the municipality to schedule a bulk waste pickup."
Which bin does oven go into?,"For large items like oven, please contact the municipality to schedule a bulk waste pickup."
Is it okay to throw oven here?,"For large items like oven, please contact the municipality to schedule a bulk waste pickup."
Tell me how to get rid of oven.,"For large items like oven, please contact the municipality to schedule a bulk waste pickup."
What to do with old oven?,"For large items like oven, please contact the municipality to schedule a bulk waste pickup."
Help me dispose of oven.,"For large items like oven, please contact the municipality to schedule a bulk waste pickup."
Where does oven belong?,"For large items like oven, please contact the municipality to schedule a bulk waste pickup."
"I have a oven, where does it go?","For large items like oven, please contact the municipality to schedule a bulk waste pickup."
Where should I put my oven?,"For large items like oven, please contact the municipality to schedule a bulk waste pickup."
Can you tell me where to throw oven?,"For large items like oven, please contact the municipality to schedule a bulk waste pickup."
oven disposal method?,"For large items like oven, please contact the municipality to schedule a bulk waste pickup."
How should I throw away oven?,"For large items like oven, please contact the municipality to schedule a bulk waste pickup."
"Throwing out oven, which bin?","For large items like oven, please contact the municipality to schedule a bulk waste pickup."
I need to discard oven.,"For large items like oven, please contact the municipality to schedule a bulk waste pickup."
Discard oven.,"For large items like oven, please contact the municipality to schedule a bulk waste pickup."
Where do I throw my large mirror?,"For large items like large mirror, please contact the municipality to schedule a bulk waste pickup."
How do I dispose of a large mirror?,"For large items like large mirror, please contact the municipality to schedule a bulk waste pickup."
Can I throw away large mirror in the trash?,"For large items like large mirror, please contact the municipality to schedule a bulk waste pickup."
Which bin does large mirror go into?,"For large items like large mirror, please contact the municipality to schedule a bulk waste pickup."
Is it okay to throw large mirror here?,"For large items like large mirror, please contact the municipality to schedule a bulk waste pickup."
Tell me how to get rid of large mirror.,"For large items like large mirror, please contact the municipality to schedule a bulk waste pickup."
What to do with old large mirror?,"For large items like large mirror, please contact the municipality to schedule a bulk waste pickup."
Help me dispose of large mirror.,"For large items like large mirror, please contact the municipality to schedule a bulk waste pickup."
Where does large mirror belong?,"For large items like large mirror, please contact the municipality to schedule a bulk waste pickup."
"I have a large mirror, where does it go?","For large items like large mirror, please contact the municipality to schedule a bulk waste pickup."
Where should I put my large mirror?,"For large items like large mirror, please contact the municipality to schedule a bulk waste pickup."
Can you tell me where to throw large mirror?,"For large items like large mirror, please contact the municipality to schedule a bulk waste pickup."
large mirror disposal method?,"For large items like large mirror, please contact the municipality to schedule a bulk waste pickup."
How should I throw away large mirror?,"For large items like large mirror, please contact the municipality to schedule a bulk waste pickup."
"Throwing out large mirror, which bin?","For large items like large mirror, please contact the municipality to schedule a bulk waste pickup."
I need to discard large mirror.,"For large items like large mirror, please contact the municipality to schedule a bulk waste pickup."
Discard large mirror.,"For large items like large mirror, please contact the municipality to schedule a bulk waste pickup."
Where do I throw my exercise bike?,"For large items like exercise bike, please contact the municipality to schedule a bulk waste pickup."
How do I dispose of a exercise bike?,"For large items like exercise bike, please contact the municipality to schedule a bulk waste pickup."
Can I throw away exercise bike in the trash?,"For large items like exercise bike, please contact the municipality to schedule a bulk waste pickup."
Which bin does exercise bike go into?,"For large items like exercise bike, please contact the municipality to schedule a bulk waste pickup."
Is it okay to throw exercise bike here?,"For large items like exercise bike, please contact the municipality to schedule a bulk waste pickup."
Tell me how to get rid of exercise bike.,"For large items like exercise bike, please contact the municipality to schedule a bulk waste pickup."
What to do with old exercise bike?,"For large items like exercise bike, please contact the municipality to schedule a bulk waste pickup."
Help me dispose of exercise bike.,"For large items like exercise bike, please contact the municipality to schedule a bulk waste pickup."
Where does exercise bike belong?,"For large items like exercise bike, please contact the municipality to schedule a bulk waste pickup."
"I have a exercise bike, where does it go?","For large items like exercise bike, please contact the municipality to schedule a bulk waste pickup."
Where should I put my exercise bike?,"For large items like exercise bike, please contact the municipality to schedule a bulk waste pickup."
Can you tell me where to throw exercise bike?,"For large items like exercise bike, please contact the municipality to schedule a bulk waste pickup."
exercise bike disposal method?,"For large items like exercise bike, please contact the municipality to schedule a bulk waste pickup."
How should I throw away exercise bike?,"For large items like exercise bike, please contact the municipality to schedule a bulk waste pickup."
"Throwing out exercise bike, which bin?","For large items like exercise bike, please contact the municipality to schedule a bulk waste pickup."
I need to discard exercise bike.,"For large items like exercise bike, please contact the municipality to schedule a bulk waste pickup."
Discard exercise bike.,"For large items like exercise bike, please contact the municipality to schedule a bulk waste pickup."
Where do I throw my treadmill?,"For large items like treadmill, please contact the municipality to schedule a bulk waste pickup."
How do I dispose of a treadmill?,"For large items like treadmill, please contact the municipality to schedule a bulk waste pickup."
Can I throw away treadmill in the trash?,"For large items like treadmill, please contact the municipality to schedule a bulk waste pickup."
Which bin does treadmill go into?,"For large items like treadmill, please contact the municipality to schedule a bulk waste pickup."
Is it okay to throw treadmill here?,"For large items like treadmill, please contact the municipality to schedule a bulk waste pickup."
Tell me how to get rid of treadmill.,"For large items like treadmill, please contact the municipality to schedule a bulk waste pickup."
What to do with old treadmill?,"For large items like treadmill, please contact the municipality to schedule a bulk waste pickup."
Help me dispose of treadmill.,"For large items like treadmill, please contact the municipality to schedule a bulk waste pickup."
Where does treadmill belong?,"For large items like treadmill, please contact the municipality to schedule a bulk waste pickup."
"I have a treadmill, where does it go?","For large items like treadmill, please contact the municipality to schedule a bulk waste pickup."
Where should I put my treadmill?,"For large items like treadmill, please contact the municipality to schedule a bulk waste pickup."
Can you tell me where to throw treadmill?,"For large items like treadmill, please contact the municipality to schedule a bulk waste pickup."
treadmill disposal method?,"For large items like treadmill, please contact the municipality to schedule a bulk waste pickup."
How should I throw away treadmill?,"For large items like treadmill, please contact the municipality to schedule a bulk waste pickup."
"Throwing out treadmill, which bin?","For large items like treadmill, please contact the municipality to schedule a bulk waste pickup."
I need to discard treadmill.,"For large items like treadmill, please contact the municipality to schedule a bulk waste pickup."
Discard treadmill.,"For large items like treadmill, please contact the municipality to schedule a bulk waste pickup."
Is plastic bottle recyclable?,"Yes, plastic bottle is recyclable. Make sure it's clean and put it in the dry waste bin."
Can I recycle plastic bottle?,"Yes, plastic bottle is recyclable. Make sure it's clean and put it in the dry waste bin."
Does plastic bottle go in the recycling bin?,"Yes, plastic bottle is recyclable. Make sure it's clean and put it in the dry waste bin."
Are plastic bottles recyclable?,"Yes, plastic bottle is recyclable. Make sure it's clean and put it in the dry waste bin."
Should I recycle plastic bottle?,"Yes, plastic bottle is recyclable. Make sure it's clean and put it in the dry waste bin."
Can plastic bottle be recycled?,"Yes, plastic bottle is recyclable. Make sure it's clean and put it in the dry waste bin."
Is the plastic bottle meant for recycling?,"Yes, plastic bottle is recyclable. Make sure it's clean and put it in the dry waste bin."
Do you recycle plastic bottle?,"Yes, plastic bottle is recyclable. Make sure it's clean and put it in the dry waste bin."
Is cardboard recyclable?,"Yes, cardboard is recyclable. Make sure it's clean and put it in the dry waste bin."
Can I recycle cardboard?,"Yes, cardboard is recyclable. Make sure it's clean and put it in the dry waste bin."
Does cardboard go in the recycling bin?,"Yes, cardboard is recyclable. Make sure it's clean and put it in the dry waste bin."
Are cardboards recyclable?,"Yes, cardboard is recyclable. Make sure it's clean and put it in the dry waste bin."
Should I recycle cardboard?,"Yes, cardboard is recyclable. Make sure it's clean and put it in the dry waste bin."
Can cardboard be recycled?,"Yes, cardboard is recyclable. Make sure it's clean and put it in the dry waste bin."
Is the cardboard meant for recycling?,"Yes, cardboard is recyclable. Make sure it's clean and put it in the dry waste bin."
Do you recycle cardboard?,"Yes, cardboard is recyclable. Make sure it's clean and put it in the dry waste bin."
Is newspaper recyclable?,"Yes, newspaper is recyclable. Make sure it's clean and put it in the dry waste bin."
Can I recycle newspaper?,"Yes, newspaper is recyclable. Make sure it's clean and put it in the dry waste bin."
Does newspaper go in the recycling bin?,"Yes, newspaper is recyclable. Make sure it's clean and put it in the dry waste bin."
Are newspapers recyclable?,"Yes, newspaper is recyclable. Make sure it's clean and put it in the dry waste bin."
Should I recycle newspaper?,"Yes, newspaper is recyclable. Make sure it's clean and put it in the dry waste bin."
Can newspaper be recycled?,"Yes, newspaper is recyclable. Make sure it's clean and put it in the dry waste bin."
Is the newspaper meant for recycling?,"Yes, newspaper is recyclable. Make sure it's clean and put it in the dry waste bin."
Do you recycle newspaper?,"Yes, newspaper is recyclable. Make sure it's clean and put it in the dry waste bin."
Is magazine recyclable?,"Yes, magazine is recyclable. Make sure it's clean and put it in the dry waste bin."
Can I recycle magazine?,"Yes, magazine is recyclable. Make sure it's clean and put it in the dry waste bin."
Does magazine go in the recycling bin?,"Yes, magazine is recyclable. Make sure it's clean and put it in the dry waste bin."
Are magazines recyclable?,"Yes, magazine is recyclable. Make sure it's clean and put it in the dry waste bin."
Should I recycle magazine?,"Yes, magazine is recyclable. Make sure it's clean and put it in the dry waste bin."
Can magazine be recycled?,"Yes, magazine is recyclable. Make sure it's clean and put it in the dry waste bin."
Is the magazine meant for recycling?,"Yes, magazine is recyclable. Make sure it's clean and put it in the dry waste bin."
Do you recycle magazine?,"Yes, magazine is recyclable. Make sure it's clean and put it in the dry waste bin."
Is glass jar recyclable?,"Yes, glass jar is recyclable. Make sure it's clean and put it in the dry waste bin."
Can I recycle glass jar?,"Yes, glass jar is recyclable. Make sure it's clean and put it in the dry waste bin."
Does glass jar go in the recycling bin?,"Yes, glass jar is recyclable. Make sure it's clean and put it in the dry waste bin."
Are glass jars recyclable?,"Yes, glass jar is recyclable. Make sure it's clean and put it in the dry waste bin."
Should I recycle glass jar?,"Yes, glass jar is recyclable. Make sure it's clean and put it in the dry waste bin."
Can glass jar be recycled?,"Yes, glass jar is recyclable. Make sure it's clean and put it in the dry waste bin."
Is the glass jar meant for recycling?,"Yes, glass jar is recyclable. Make sure it's clean and put it in the dry waste bin."
Do you recycle glass jar?,"Yes, glass jar is recyclable. Make sure it's clean and put it in the dry waste bin."
Is tin can recyclable?,"Yes, tin can is recyclable. Make sure it's clean and put it in the dry waste bin."
Can I recycle tin can?,"Yes, tin can is recyclable. Make sure it's clean and put it in the dry waste bin."
Does tin can go in the recycling bin?,"Yes, tin can is recyclable. Make sure it's clean and put it in the dry waste bin."
Are tin cans recyclable?,"Yes, tin can is recyclable. Make sure it's clean and put it in the dry waste bin."
Should I recycle tin can?,"Yes, tin can is recyclable. Make sure it's clean and put it in the dry waste bin."
Can tin can be recycled?,"Yes, tin can is recyclable. Make sure it's clean and put it in the dry waste bin."
Is the tin can meant for recycling?,"Yes, tin can is recyclable. Make sure it's clean and put it in the dry waste bin."
Do you recycle tin can?,"Yes, tin can is recyclable. Make sure it's clean and put it in the dry waste bin."
Is aluminum foil recyclable?,"Yes, aluminum foil is recyclable. Make sure it's clean and put it in the dry waste bin."
Can I recycle aluminum foil?,"Yes, aluminum foil is recyclable. Make sure it's clean and put it in the dry waste bin."
Does aluminum foil go in the recycling bin?,"Yes, aluminum foil is recyclable. Make sure it's clean and put it in the dry waste bin."
Are aluminum foils recyclable?,"Yes, aluminum foil is recyclable. Make sure it's clean and put it in the dry waste bin."
Should I recycle aluminum foil?,"Yes, aluminum foil is recyclable. Make sure it's clean and put it in the dry waste bin."
Can aluminum foil be recycled?,"Yes, aluminum foil is recyclable. Make sure it's clean and put it in the dry waste bin."
Is the aluminum foil meant for recycling?,"Yes, aluminum foil is recyclable. Make sure it's clean and put it in the dry waste bin."
Do you recycle aluminum foil?,"Yes, aluminum foil is recyclable. Make sure it's clean and put it in the dry waste bin."
Is shampoo bottle recyclable?,"Yes, shampoo bottle is recyclable. Make sure it's clean and put it in the dry waste bin."
Can I recycle shampoo bottle?,"Yes, shampoo bottle is recyclable. Make sure it's clean and put it in the dry waste bin."
Does shampoo bottle go in the recycling bin?,"Yes, shampoo bottle is recyclable. Make sure it's clean and put it in the dry waste bin."
Are shampoo bottles recyclable?,"Yes, shampoo bottle is recyclable. Make sure it's clean and put it in the dry waste bin."
Should I recycle shampoo bottle?,"Yes, shampoo bottle is recyclable. Make sure it's clean and put it in the dry waste bin."
Can shampoo bottle be recycled?,"Yes, shampoo bottle is recyclable. Make sure it's clean and put it in the dry waste bin."
Is the shampoo bottle meant for recycling?,"Yes, shampoo bottle is recyclable. Make sure it's clean and put it in the dry waste bin."
Do you recycle shampoo bottle?,"Yes, shampoo bottle is recyclable. Make sure it's clean and put it in the dry waste bin."
Is milk carton recyclable?,"Yes, milk carton is recyclable. Make sure it's clean and put it in the dry waste bin."
Can I recycle milk carton?,"Yes, milk carton is recyclable. Make sure it's clean and put it in the dry waste bin."
Does milk carton go in the recycling bin?,"Yes, milk carton is recyclable. Make sure it's clean and put it in the dry waste bin."
Are milk cartons recyclable?,"Yes, milk carton is recyclable. Make sure it's clean and put it in the dry waste bin."
Should I recycle milk carton?,"Yes, milk carton is recyclable. Make sure it's clean and put it in the dry waste bin."
Can milk carton be recycled?,"Yes, milk carton is recyclable. Make sure it's clean and put it in the dry waste bin."
Is the milk carton meant for recycling?,"Yes, milk carton is recyclable. Make sure it's clean and put it in the dry waste bin."
Do you recycle milk carton?,"Yes, milk carton is recyclable. Make sure it's clean and put it in the dry waste bin."
Is empty deodorant recyclable?,"Yes, empty deodorant is recyclable. Make sure it's clean and put it in the dry waste bin."
Can I recycle empty deodorant?,"Yes, empty deodorant is recyclable. Make sure it's clean and put it in the dry waste bin."
Does empty deodorant go in the recycling bin?,"Yes, empty deodorant is recyclable. Make sure it's clean and put it in the dry waste bin."
Are empty deodorants recyclable?,"Yes, empty deodorant is recyclable. Make sure it's clean and put it in the dry waste bin."
Should I recycle empty deodorant?,"Yes, empty deodorant is recyclable. Make sure it's clean and put it in the dry waste bin."
Can empty deodorant be recycled?,"Yes, empty deodorant is recyclable. Make sure it's clean and put it in the dry waste bin."
Is the empty deodorant meant for recycling?,"Yes, empty deodorant is recyclable. Make sure it's clean and put it in the dry waste bin."
Do you recycle empty deodorant?,"Yes, empty deodorant is recyclable. Make sure it's clean and put it in the dry waste bin."
Is cereal box recyclable?,"Yes, cereal box is recyclable. Make sure it's clean and put it in the dry waste bin."
Can I recycle cereal box?,"Yes, cereal box is recyclable. Make sure it's clean and put it in the dry waste bin."
Does cereal box go in the recycling bin?,"Yes, cereal box is recyclable. Make sure it's clean and put it in the dry waste bin."
Are cereal boxs recyclable?,"Yes, cereal box is recyclable. Make sure it's clean and put it in the dry waste bin."
Should I recycle cereal box?,"Yes, cereal box is recyclable. Make sure it's clean and put it in the dry waste bin."
Can cereal box be recycled?,"Yes, cereal box is recyclable. Make sure it's clean and put it in the dry waste bin."
Is the cereal box meant for recycling?,"Yes, cereal box is recyclable. Make sure it's clean and put it in the dry waste bin."
Do you recycle cereal box?,"Yes, cereal box is recyclable. Make sure it's clean and put it in the dry waste bin."
Is wrapping paper recyclable?,"Yes, wrapping paper is recyclable. Make sure it's clean and put it in the dry waste bin."
Can I recycle wrapping paper?,"Yes, wrapping paper is recyclable. Make sure it's clean and put it in the dry waste bin."
Does wrapping paper go in the recycling bin?,"Yes, wrapping paper is recyclable. Make sure it's clean and put it in the dry waste bin."
Are wrapping papers recyclable?,"Yes, wrapping paper is recyclable. Make sure it's clean and put it in the dry waste bin."
Should I recycle wrapping paper?,"Yes, wrapping paper is recyclable. Make sure it's clean and put it in the dry waste bin."
Can wrapping paper be recycled?,"Yes, wrapping paper is recyclable. Make sure it's clean and put it in the dry waste bin."
Is the wrapping paper meant for recycling?,"Yes, wrapping paper is recyclable. Make sure it's clean and put it in the dry waste bin."
Do you recycle wrapping paper?,"Yes, wrapping paper is recyclable. Make sure it's clean and put it in the dry waste bin."
Is plastic container recyclable?,"Yes, plastic container is recyclable. Make sure it's clean and put it in the dry waste bin."
Can I recycle plastic container?,"Yes, plastic container is recyclable. Make sure it's clean and put it in the dry waste bin."
Does plastic container go in the recycling bin?,"Yes, plastic container is recyclable. Make sure it's clean and put it in the dry waste bin."
Are plastic containers recyclable?,"Yes, plastic container is recyclable. Make sure it's clean and put it in the dry waste bin."
Should I recycle plastic container?,"Yes, plastic container is recyclable. Make sure it's clean and put it in the dry waste bin."
Can plastic container be recycled?,"Yes, plastic container is recyclable. Make sure it's clean and put it in the dry waste bin."
Is the plastic container meant for recycling?,"Yes, plastic container is recyclable. Make sure it's clean and put it in the dry waste bin."
Do you recycle plastic container?,"Yes, plastic container is recyclable. Make sure it's clean and put it in the dry waste bin."
Is wine bottle recyclable?,"Yes, wine bottle is recyclable. Make sure it's clean and put it in the dry waste bin."
Can I recycle wine bottle?,"Yes, wine bottle is recyclable. Make sure it's clean and put it in the dry waste bin."
Does wine bottle go in the recycling bin?,"Yes, wine bottle is recyclable. Make sure it's clean and put it in the dry waste bin."
Are wine bottles recyclable?,"Yes, wine bottle is recyclable. Make sure it's clean and put it in the dry waste bin."
Should I recycle wine bottle?,"Yes, wine bottle is recyclable. Make sure it's clean and put it in the dry waste bin."
Can wine bottle be recycled?,"Yes, wine bottle is recyclable. Make sure it's clean and put it in the dry waste bin."
Is the wine bottle meant for recycling?,"Yes, wine bottle is recyclable. Make sure it's clean and put it in the dry waste bin."
Do you recycle wine bottle?,"Yes, wine bottle is recyclable. Make sure it's clean and put it in the dry waste bin."
Is beer can recyclable?,"Yes, beer can is recyclable. Make sure it's clean and put it in the dry waste bin."
Can I recycle beer can?,"Yes, beer can is recyclable. Make sure it's clean and put it in the dry waste bin."
Does beer can go in the recycling bin?,"Yes, beer can is recyclable. Make sure it's clean and put it in the dry waste bin."
Are beer cans recyclable?,"Yes, beer can is recyclable. Make sure it's clean and put it in the dry waste bin."
Should I recycle beer can?,"Yes, beer can is recyclable. Make sure it's clean and put it in the dry waste bin."
Can beer can be recycled?,"Yes, beer can is recyclable. Make sure it's clean and put it in the dry waste bin."
Is the beer can meant for recycling?,"Yes, beer can is recyclable. Make sure it's clean and put it in the dry waste bin."
Do you recycle beer can?,"Yes, beer can is recyclable. Make sure it's clean and put it in the dry waste bin."
Is soda can recyclable?,"Yes, soda can is recyclable. Make sure it's clean and put it in the dry waste bin."
Can I recycle soda can?,"Yes, soda can is recyclable. Make sure it's clean and put it in the dry waste bin."
Does soda can go in the recycling bin?,"Yes, soda can is recyclable. Make sure it's clean and put it in the dry waste bin."
Are soda cans recyclable?,"Yes, soda can is recyclable. Make sure it's clean and put it in the dry waste bin."
Should I recycle soda can?,"Yes, soda can is recyclable. Make sure it's clean and put it in the dry waste bin."
Can soda can be recycled?,"Yes, soda can is recyclable. Make sure it's clean and put it in the dry waste bin."
Is the soda can meant for recycling?,"Yes, soda can is recyclable. Make sure it's clean and put it in the dry waste bin."
Do you recycle soda can?,"Yes, soda can is recyclable. Make sure it's clean and put it in the dry waste bin."
Is paper bag recyclable?,"Yes, paper bag is recyclable. Make sure it's clean and put it in the dry waste bin."
Can I recycle paper bag?,"Yes, paper bag is recyclable. Make sure it's clean and put it in the dry waste bin."
Does paper bag go in the recycling bin?,"Yes, paper bag is recyclable. Make sure it's clean and put it in the dry waste bin."
Are paper bags recyclable?,"Yes, paper bag is recyclable. Make sure it's clean and put it in the dry waste bin."
Should I recycle paper bag?,"Yes, paper bag is recyclable. Make sure it's clean and put it in the dry waste bin."
Can paper bag be recycled?,"Yes, paper bag is recyclable. Make sure it's clean and put it in the dry waste bin."
Is the paper bag meant for recycling?,"Yes, paper bag is recyclable. Make sure it's clean and put it in the dry waste bin."
Do you recycle paper bag?,"Yes, paper bag is recyclable. Make sure it's clean and put it in the dry waste bin."
Is pizza box (clean) recyclable?,"Yes, pizza box (clean) is recyclable. Make sure it's clean and put it in the dry waste bin."
Can I recycle pizza box (clean)?,"Yes, pizza box (clean) is recyclable. Make sure it's clean and put it in the dry waste bin."
Does pizza box (clean) go in the recycling bin?,"Yes, pizza box (clean) is recyclable. Make sure it's clean and put it in the dry waste bin."
Are pizza box (clean)s recyclable?,"Yes, pizza box (clean) is recyclable. Make sure it's clean and put it in the dry waste bin."
Should I recycle pizza box (clean)?,"Yes, pizza box (clean) is recyclable. Make sure it's clean and put it in the dry waste bin."
Can pizza box (clean) be recycled?,"Yes, pizza box (clean) is recyclable. Make sure it's clean and put it in the dry waste bin."
Is the pizza box (clean) meant for recycling?,"Yes, pizza box (clean) is recyclable. Make sure it's clean and put it in the dry waste bin."
Do you recycle pizza box (clean)?,"Yes, pizza box (clean) is recyclable. Make sure it's clean and put it in the dry waste bin."
Is junk mail recyclable?,"Yes, junk mail is recyclable. Make sure it's clean and put it in the dry waste bin."
Can I recycle junk mail?,"Yes, junk mail is recyclable. Make sure it's clean and put it in the dry waste bin."
Does junk mail go in the recycling bin?,"Yes, junk mail is recyclable. Make sure it's clean and put it in the dry waste bin."
Are junk mails recyclable?,"Yes, junk mail is recyclable. Make sure it's clean and put it in the dry waste bin."
Should I recycle junk mail?,"Yes, junk mail is recyclable. Make sure it's clean and put it in the dry waste bin."
Can junk mail be recycled?,"Yes, junk mail is recyclable. Make sure it's clean and put it in the dry waste bin."
Is the junk mail meant for recycling?,"Yes, junk mail is recyclable. Make sure it's clean and put it in the dry waste bin."
Do you recycle junk mail?,"Yes, junk mail is recyclable. Make sure it's clean and put it in the dry waste bin."
Is office paper recyclable?,"Yes, office paper is recyclable. Make sure it's clean and put it in the dry waste bin."
Can I recycle office paper?,"Yes, office paper is recyclable. Make sure it's clean and put it in the dry waste bin."
Does office paper go in the recycling bin?,"Yes, office paper is recyclable. Make sure it's clean and put it in the dry waste bin."
Are office papers recyclable?,"Yes, office paper is recyclable. Make sure it's clean and put it in the dry waste bin."
Should I recycle office paper?,"Yes, office paper is recyclable. Make sure it's clean and put it in the dry waste bin."
Can office paper be recycled?,"Yes, office paper is recyclable. Make sure it's clean and put it in the dry waste bin."
Is the office paper meant for recycling?,"Yes, office paper is recyclable. Make sure it's clean and put it in the dry waste bin."
Do you recycle office paper?,"Yes, office paper is recyclable. Make sure it's clean and put it in the dry waste bin."
Is detergent bottle recyclable?,"Yes, detergent bottle is recyclable. Make sure it's clean and put it in the dry waste bin."
Can I recycle detergent bottle?,"Yes, detergent bottle is recyclable. Make sure it's clean and put it in the dry waste bin."
Does detergent bottle go in the recycling bin?,"Yes, detergent bottle is recyclable. Make sure it's clean and put it in the dry waste bin."
Are detergent bottles recyclable?,"Yes, detergent bottle is recyclable. Make sure it's clean and put it in the dry waste bin."
Should I recycle detergent bottle?,"Yes, detergent bottle is recyclable. Make sure it's clean and put it in the dry waste bin."
Can detergent bottle be recycled?,"Yes, detergent bottle is recyclable. Make sure it's clean and put it in the dry waste bin."
Is the detergent bottle meant for recycling?,"Yes, detergent bottle is recyclable. Make sure it's clean and put it in the dry waste bin."
Do you recycle detergent bottle?,"Yes, detergent bottle is recyclable. Make sure it's clean and put it in the dry waste bin."
Is broken glass recyclable?,"Yes, broken glass is recyclable. Make sure it's clean and put it in the dry waste bin."
Can I recycle broken glass?,"Yes, broken glass is recyclable. Make sure it's clean and put it in the dry waste bin."
Does broken glass go in the recycling bin?,"Yes, broken glass is recyclable. Make sure it's clean and put it in the dry waste bin."
Are broken glasss recyclable?,"Yes, broken glass is recyclable. Make sure it's clean and put it in the dry waste bin."
Should I recycle broken glass?,"Yes, broken glass is recyclable. Make sure it's clean and put it in the dry waste bin."
Can broken glass be recycled?,"Yes, broken glass is recyclable. Make sure it's clean and put it in the dry waste bin."
Is the broken glass meant for recycling?,"Yes, broken glass is recyclable. Make sure it's clean and put it in the dry waste bin."
Do you recycle broken glass?,"Yes, broken glass is recyclable. Make sure it's clean and put it in the dry waste bin."
Is plastic cup recyclable?,"Yes, plastic cup is recyclable. Make sure it's clean and put it in the dry waste bin."
Can I recycle plastic cup?,"Yes, plastic cup is recyclable. Make sure it's clean and put it in the dry waste bin."
Does plastic cup go in the recycling bin?,"Yes, plastic cup is recyclable. Make sure it's clean and put it in the dry waste bin."
Are plastic cups recyclable?,"Yes, plastic cup is recyclable. Make sure it's clean and put it in the dry waste bin."
Should I recycle plastic cup?,"Yes, plastic cup is recyclable. Make sure it's clean and put it in the dry waste bin."
Can plastic cup be recycled?,"Yes, plastic cup is recyclable. Make sure it's clean and put it in the dry waste bin."
Is the plastic cup meant for recycling?,"Yes, plastic cup is recyclable. Make sure it's clean and put it in the dry waste bin."
Do you recycle plastic cup?,"Yes, plastic cup is recyclable. Make sure it's clean and put it in the dry waste bin."
Is metal lid recyclable?,"Yes, metal lid is recyclable. Make sure it's clean and put it in the dry waste bin."
Can I recycle metal lid?,"Yes, metal lid is recyclable. Make sure it's clean and put it in the dry waste bin."
Does metal lid go in the recycling bin?,"Yes, metal lid is recyclable. Make sure it's clean and put it in the dry waste bin."
Are metal lids recyclable?,"Yes, metal lid is recyclable. Make sure it's clean and put it in the dry waste bin."
Should I recycle metal lid?,"Yes, metal lid is recyclable. Make sure it's clean and put it in the dry waste bin."
Can metal lid be recycled?,"Yes, metal lid is recyclable. Make sure it's clean and put it in the dry waste bin."
Is the metal lid meant for recycling?,"Yes, metal lid is recyclable. Make sure it's clean and put it in the dry waste bin."
Do you recycle metal lid?,"Yes, metal lid is recyclable. Make sure it's clean and put it in the dry waste bin."
Is cookie box recyclable?,"Yes, cookie box is recyclable. Make sure it's clean and put it in the dry waste bin."
Can I recycle cookie box?,"Yes, cookie box is recyclable. Make sure it's clean and put it in the dry waste bin."
Does cookie box go in the recycling bin?,"Yes, cookie box is recyclable. Make sure it's clean and put it in the dry waste bin."
Are cookie boxs recyclable?,"Yes, cookie box is recyclable. Make sure it's clean and put it in the dry waste bin."
Should I recycle cookie box?,"Yes, cookie box is recyclable. Make sure it's clean and put it in the dry waste bin."
Can cookie box be recycled?,"Yes, cookie box is recyclable. Make sure it's clean and put it in the dry waste bin."
Is the cookie box meant for recycling?,"Yes, cookie box is recyclable. Make sure it's clean and put it in the dry waste bin."
Do you recycle cookie box?,"Yes, cookie box is recyclable. Make sure it's clean and put it in the dry waste bin."
Is apple core recyclable?,"No, apple core is not recyclable. However, it is compostable! Place it in the wet waste or compost bin."
Can I recycle apple core?,"No, apple core is not recyclable. However, it is compostable! Place it in the wet waste or compost bin."
Does apple core go in the recycling bin?,"No, apple core is not recyclable. However, it is compostable! Place it in the wet waste or compost bin."
Are apple cores recyclable?,"No, apple core is not recyclable. However, it is compostable! Place it in the wet waste or compost bin."
Should I recycle apple core?,"No, apple core is not recyclable. However, it is compostable! Place it in the wet waste or compost bin."
Can apple core be recycled?,"No, apple core is not recyclable. However, it is compostable! Place it in the wet waste or compost bin."
Is the apple core meant for recycling?,"No, apple core is not recyclable. However, it is compostable! Place it in the wet waste or compost bin."
Do you recycle apple core?,"No, apple core is not recyclable. However, it is compostable! Place it in the wet waste or compost bin."
Is banana peel recyclable?,"No, banana peel is not recyclable. However, it is compostable! Place it in the wet waste or compost bin."
Can I recycle banana peel?,"No, banana peel is not recyclable. However, it is compostable! Place it in the wet waste or compost bin."
Does banana peel go in the recycling bin?,"No, banana peel is not recyclable. However, it is compostable! Place it in the wet waste or compost bin."
Are banana peels recyclable?,"No, banana peel is not recyclable. However, it is compostable! Place it in the wet waste or compost bin."
Should I recycle banana peel?,"No, banana peel is not recyclable. However, it is compostable! Place it in the wet waste or compost bin."
Can banana peel be recycled?,"No, banana peel is not recyclable. However, it is compostable! Place it in the wet waste or compost bin."
Is the banana peel meant for recycling?,"No, banana peel is not recyclable. However, it is compostable! Place it in the wet waste or compost bin."
Do you recycle banana peel?,"No, banana peel is not recyclable. However, it is compostable! Place it in the wet waste or compost bin."
Is coffee grounds recyclable?,"No, coffee grounds is not recyclable. However, it is compostable! Place it in the wet waste or compost bin."
Can I recycle coffee grounds?,"No, coffee grounds is not recyclable. However, it is compostable! Place it in the wet waste or compost bin."
Does coffee grounds go in the recycling bin?,"No, coffee grounds is not recyclable. However, it is compostable! Place it in the wet waste or compost bin."
Are coffee groundss recyclable?,"No, coffee grounds is not recyclable. However, it is compostable! Place it in the wet waste or compost bin."
Should I recycle coffee grounds?,"No, coffee grounds is not recyclable. However, it is compostable! Place it in the wet waste or compost bin."
Can coffee grounds be recycled?,"No, coffee grounds is not recyclable. However, it is compostable! Place it in the wet waste or compost bin."
Is the coffee grounds meant for recycling?,"No, coffee grounds is not recyclable. However, it is compostable! Place it in the wet waste or compost bin."
Do you recycle coffee grounds?,"No, coffee grounds is not recyclable. However, it is compostable! Place it in the wet waste or compost bin."
Is tea bags recyclable?,"No, tea bags is not recyclable. However, it is compostable! Place it in the wet waste or compost bin."
Can I recycle tea bags?,"No, tea bags is not recyclable. However, it is compostable! Place it in the wet waste or compost bin."
Does tea bags go in the recycling bin?,"No, tea bags is not recyclable. However, it is compostable! Place it in the wet waste or compost bin."
Are tea bagss recyclable?,"No, tea bags is not recyclable. However, it is compostable! Place it in the wet waste or compost bin."
Should I recycle tea bags?,"No, tea bags is not recyclable. However, it is compostable! Place it in the wet waste or compost bin."
Can tea bags be recycled?,"No, tea bags is not recyclable. However, it is compostable! Place it in the wet waste or compost bin."
Is the tea bags meant for recycling?,"No, tea bags is not recyclable. However, it is compostable! Place it in the wet waste or compost bin."
Do you recycle tea bags?,"No, tea bags is not recyclable. However, it is compostable! Place it in the wet waste or compost bin."
Is eggshells recyclable?,"No, eggshells is not recyclable. However, it is compostable! Place it in the wet waste or compost bin."
Can I recycle eggshells?,"No, eggshells is not recyclable. However, it is compostable! Place it in the wet waste or compost bin."
Does eggshells go in the recycling bin?,"No, eggshells is not recyclable. However, it is compostable! Place it in the wet waste or compost bin."
Are eggshellss recyclable?,"No, eggshells is not recyclable. However, it is compostable! Place it in the wet waste or compost bin."
Should I recycle eggshells?,"No, eggshells is not recyclable. However, it is compostable! Place it in the wet waste or compost bin."
Can eggshells be recycled?,"No, eggshells is not recyclable. However, it is compostable! Place it in the wet waste or compost bin."
Is the eggshells meant for recycling?,"No, eggshells is not recyclable. However, it is compostable! Place it in the wet waste or compost bin."
Do you recycle eggshells?,"No, eggshells is not recyclable. However, it is compostable! Place it in the wet waste or compost bin."
Is leftover rice recyclable?,"No, leftover rice is not recyclable. However, it is compostable! Place it in the wet waste or compost bin."
Can I recycle leftover rice?,"No, leftover rice is not recyclable. However, it is compostable! Place it in the wet waste or compost bin."
Does leftover rice go in the recycling bin?,"No, leftover rice is not recyclable. However, it is compostable! Place it in the wet waste or compost bin."
Are leftover rices recyclable?,"No, leftover rice is not recyclable. However, it is compostable! Place it in the wet waste or compost bin."
Should I recycle leftover rice?,"No, leftover rice is not recyclable. However, it is compostable! Place it in the wet waste or compost bin."
Can leftover rice be recycled?,"No, leftover rice is not recyclable. However, it is compostable! Place it in the wet waste or compost bin."
Is the leftover rice meant for recycling?,"No, leftover rice is not recyclable. However, it is compostable! Place it in the wet waste or compost bin."
Do you recycle leftover rice?,"No, leftover rice is not recyclable. However, it is compostable! Place it in the wet waste or compost bin."
Is chicken bones recyclable?,"No, chicken bones is not recyclable. However, it is compostable! Place it in the wet waste or compost bin."
Can I recycle chicken bones?,"No, chicken bones is not recyclable. However, it is compostable! Place it in the wet waste or compost bin."
Does chicken bones go in the recycling bin?,"No, chicken bones is not recyclable. However, it is compostable! Place it in the wet waste or compost bin."
Are chicken boness recyclable?,"No, chicken bones is not recyclable. However, it is compostable! Place it in the wet waste or compost bin."
Should I recycle chicken bones?,"No, chicken bones is not recyclable. However, it is compostable! Place it in the wet waste or compost bin."
Can chicken bones be recycled?,"No, chicken bones is not recyclable. However, it is compostable! Place it in the wet waste or compost bin."
Is the chicken bones meant for recycling?,"No, chicken bones is not recyclable. However, it is compostable! Place it in the wet waste or compost bin."
Do you recycle chicken bones?,"No, chicken bones is not recyclable. However, it is compostable! Place it in the wet waste or compost bin."
Is vegetable scraps recyclable?,"No, vegetable scraps is not recyclable. However, it is compostable! Place it in the wet waste or compost bin."
Can I recycle vegetable scraps?,"No, vegetable scraps is not recyclable. However, it is compostable! Place it in the wet waste or compost bin."
Does vegetable scraps go in the recycling bin?,"No, vegetable scraps is not recyclable. However, it is compostable! Place it in the wet waste or compost bin."
Are vegetable scrapss recyclable?,"No, vegetable scraps is not recyclable. However, it is compostable! Place it in the wet waste or compost bin."
Should I recycle vegetable scraps?,"No, vegetable scraps is not recyclable. However, it is compostable! Place it in the wet waste or compost bin."
Can vegetable scraps be recycled?,"No, vegetable scraps is not recyclable. However, it is compostable! Place it in the wet waste or compost bin."
Is the vegetable scraps meant for recycling?,"No, vegetable scraps is not recyclable. However, it is compostable! Place it in the wet waste or compost bin."
Do you recycle vegetable scraps?,"No, vegetable scraps is not recyclable. However, it is compostable! Place it in the wet waste or compost bin."
Is spoiled milk recyclable?,"No, spoiled milk is not recyclable. However, it is compostable! Place it in the wet waste or compost bin."
Can I recycle spoiled milk?,"No, spoiled milk is not recyclable. However, it is compostable! Place it in the wet waste or compost bin."
Does spoiled milk go in the recycling bin?,"No, spoiled milk is not recyclable. However, it is compostable! Place it in the wet waste or compost bin."
Are spoiled milks recyclable?,"No, spoiled milk is not recyclable. However, it is compostable! Place it in the wet waste or compost bin."
Should I recycle spoiled milk?,"No, spoiled milk is not recyclable. However, it is compostable! Place it in the wet waste or compost bin."
Can spoiled milk be recycled?,"No, spoiled milk is not recyclable. However, it is compostable! Place it in the wet waste or compost bin."
Is the spoiled milk meant for recycling?,"No, spoiled milk is not recyclable. However, it is compostable! Place it in the wet waste or compost bin."
Do you recycle spoiled milk?,"No, spoiled milk is not recyclable. However, it is compostable! Place it in the wet waste or compost bin."
Is rotten tomatoes recyclable?,"No, rotten tomatoes is not recyclable. However, it is compostable! Place it in the wet waste or compost bin."
Can I recycle rotten tomatoes?,"No, rotten tomatoes is not recyclable. However, it is compostable! Place it in the wet waste or compost bin."
Does rotten tomatoes go in the recycling bin?,"No, rotten tomatoes is not recyclable. However, it is compostable! Place it in the wet waste or compost bin."
Are rotten tomatoess recyclable?,"No, rotten tomatoes is not recyclable. However, it is compostable! Place it in the wet waste or compost bin."
Should I recycle rotten tomatoes?,"No, rotten tomatoes is not recyclable. However, it is compostable! Place it in the wet waste or compost bin."
Can rotten tomatoes be recycled?,"No, rotten tomatoes is not recyclable. However, it is compostable! Place it in the wet waste or compost bin."
Is the rotten tomatoes meant for recycling?,"No, rotten tomatoes is not recyclable. However, it is compostable! Place it in the wet waste or compost bin."
Do you recycle rotten tomatoes?,"No, rotten tomatoes is not recyclable. However, it is compostable! Place it in the wet waste or compost bin."
Is grass clippings recyclable?,"No, grass clippings is not recyclable. However, it is compostable! Place it in the wet waste or compost bin."
Can I recycle grass clippings?,"No, grass clippings is not recyclable. However, it is compostable! Place it in the wet waste or compost bin."
Does grass clippings go in the recycling bin?,"No, grass clippings is not recyclable. However, it is compostable! Place it in the wet waste or compost bin."
Are grass clippingss recyclable?,"No, grass clippings is not recyclable. However, it is compostable! Place it in the wet waste or compost bin."
Should I recycle grass clippings?,"No, grass clippings is not recyclable. However, it is compostable! Place it in the wet waste or compost bin."
Can grass clippings be recycled?,"No, grass clippings is not recyclable. However, it is compostable! Place it in the wet waste or compost bin."
Is the grass clippings meant for recycling?,"No, grass clippings is not recyclable. However, it is compostable! Place it in the wet waste or compost bin."
Do you recycle grass clippings?,"No, grass clippings is not recyclable. However, it is compostable! Place it in the wet waste or compost bin."
Is orange peel recyclable?,"No, orange peel is not recyclable. However, it is compostable! Place it in the wet waste or compost bin."
Can I recycle orange peel?,"No, orange peel is not recyclable. However, it is compostable! Place it in the wet waste or compost bin."
Does orange peel go in the recycling bin?,"No, orange peel is not recyclable. However, it is compostable! Place it in the wet waste or compost bin."
Are orange peels recyclable?,"No, orange peel is not recyclable. However, it is compostable! Place it in the wet waste or compost bin."
Should I recycle orange peel?,"No, orange peel is not recyclable. However, it is compostable! Place it in the wet waste or compost bin."
Can orange peel be recycled?,"No, orange peel is not recyclable. However, it is compostable! Place it in the wet waste or compost bin."
Is the orange peel meant for recycling?,"No, orange peel is not recyclable. However, it is compostable! Place it in the wet waste or compost bin."
Do you recycle orange peel?,"No, orange peel is not recyclable. However, it is compostable! Place it in the wet waste or compost bin."
Is potato skins recyclable?,"No, potato skins is not recyclable. However, it is compostable! Place it in the wet waste or compost bin."
Can I recycle potato skins?,"No, potato skins is not recyclable. However, it is compostable! Place it in the wet waste or compost bin."
Does potato skins go in the recycling bin?,"No, potato skins is not recyclable. However, it is compostable! Place it in the wet waste or compost bin."
Are potato skinss recyclable?,"No, potato skins is not recyclable. However, it is compostable! Place it in the wet waste or compost bin."
Should I recycle potato skins?,"No, potato skins is not recyclable. However, it is compostable! Place it in the wet waste or compost bin."
Can potato skins be recycled?,"No, potato skins is not recyclable. However, it is compostable! Place it in the wet waste or compost bin."
Is the potato skins meant for recycling?,"No, potato skins is not recyclable. However, it is compostable! Place it in the wet waste or compost bin."
Do you recycle potato skins?,"No, potato skins is not recyclable. However, it is compostable! Place it in the wet waste or compost bin."
Is rotten meat recyclable?,"No, rotten meat is not recyclable. However, it is compostable! Place it in the wet waste or compost bin."
Can I recycle rotten meat?,"No, rotten meat is not recyclable. However, it is compostable! Place it in the wet waste or compost bin."
Does rotten meat go in the recycling bin?,"No, rotten meat is not recyclable. However, it is compostable! Place it in the wet waste or compost bin."
Are rotten meats recyclable?,"No, rotten meat is not recyclable. However, it is compostable! Place it in the wet waste or compost bin."
Should I recycle rotten meat?,"No, rotten meat is not recyclable. However, it is compostable! Place it in the wet waste or compost bin."
Can rotten meat be recycled?,"No, rotten meat is not recyclable. However, it is compostable! Place it in the wet waste or compost bin."
Is the rotten meat meant for recycling?,"No, rotten meat is not recyclable. However, it is compostable! Place it in the wet waste or compost bin."
Do you recycle rotten meat?,"No, rotten meat is not recyclable. However, it is compostable! Place it in the wet waste or compost bin."
Is fish bones recyclable?,"No, fish bones is not recyclable. However, it is compostable! Place it in the wet waste or compost bin."
Can I recycle fish bones?,"No, fish bones is not recyclable. However, it is compostable! Place it in the wet waste or compost bin."
Does fish bones go in the recycling bin?,"No, fish bones is not recyclable. However, it is compostable! Place it in the wet waste or compost bin."
Are fish boness recyclable?,"No, fish bones is not recyclable. However, it is compostable! Place it in the wet waste or compost bin."
Should I recycle fish bones?,"No, fish bones is not recyclable. However, it is compostable! Place it in the wet waste or compost bin."
Can fish bones be recycled?,"No, fish bones is not recyclable. However, it is compostable! Place it in the wet waste or compost bin."
Is the fish bones meant for recycling?,"No, fish bones is not recyclable. However, it is compostable! Place it in the wet waste or compost bin."
Do you recycle fish bones?,"No, fish bones is not recyclable. However, it is compostable! Place it in the wet waste or compost bin."
Is dead leaves recyclable?,"No, dead leaves is not recyclable. However, it is compostable! Place it in the wet waste or compost bin."
Can I recycle dead leaves?,"No, dead leaves is not recyclable. However, it is compostable! Place it in the wet waste or compost bin."
Does dead leaves go in the recycling bin?,"No, dead leaves is not recyclable. However, it is compostable! Place it in the wet waste or compost bin."
Are dead leavess recyclable?,"No, dead leaves is not recyclable. However, it is compostable! Place it in the wet waste or compost bin."
Should I recycle dead leaves?,"No, dead leaves is not recyclable. However, it is compostable! Place it in the wet waste or compost bin."
Can dead leaves be recycled?,"No, dead leaves is not recyclable. However, it is compostable! Place it in the wet waste or compost bin."
Is the dead leaves meant for recycling?,"No, dead leaves is not recyclable. However, it is compostable! Place it in the wet waste or compost bin."
Do you recycle dead leaves?,"No, dead leaves is not recyclable. However, it is compostable! Place it in the wet waste or compost bin."
Is flower petals recyclable?,"No, flower petals is not recyclable. However, it is compostable! Place it in the wet waste or compost bin."
Can I recycle flower petals?,"No, flower petals is not recyclable. However, it is compostable! Place it in the wet waste or compost bin."
Does flower petals go in the recycling bin?,"No, flower petals is not recyclable. However, it is compostable! Place it in the wet waste or compost bin."
Are flower petalss recyclable?,"No, flower petals is not recyclable. However, it is compostable! Place it in the wet waste or compost bin."
Should I recycle flower petals?,"No, flower petals is not recyclable. However, it is compostable! Place it in the wet waste or compost bin."
Can flower petals be recycled?,"No, flower petals is not recyclable. However, it is compostable! Place it in the wet waste or compost bin."
Is the flower petals meant for recycling?,"No, flower petals is not recyclable. However, it is compostable! Place it in the wet waste or compost bin."
Do you recycle flower petals?,"No, flower petals is not recyclable. However, it is compostable! Place it in the wet waste or compost bin."
Is carrot peels recyclable?,"No, carrot peels is not recyclable. However, it is compostable! Place it in the wet waste or compost bin."
Can I recycle carrot peels?,"No, carrot peels is not recyclable. However, it is compostable! Place it in the wet waste or compost bin."
Does carrot peels go in the recycling bin?,"No, carrot peels is not recyclable. However, it is compostable! Place it in the wet waste or compost bin."
Are carrot peelss recyclable?,"No, carrot peels is not recyclable. However, it is compostable! Place it in the wet waste or compost bin."
Should I recycle carrot peels?,"No, carrot peels is not recyclable. However, it is compostable! Place it in the wet waste or compost bin."
Can carrot peels be recycled?,"No, carrot peels is not recyclable. However, it is compostable! Place it in the wet waste or compost bin."
Is the carrot peels meant for recycling?,"No, carrot peels is not recyclable. However, it is compostable! Place it in the wet waste or compost bin."
Do you recycle carrot peels?,"No, carrot peels is not recyclable. However, it is compostable! Place it in the wet waste or compost bin."
Is bread crusts recyclable?,"No, bread crusts is not recyclable. However, it is compostable! Place it in the wet waste or compost bin."
Can I recycle bread crusts?,"No, bread crusts is not recyclable. However, it is compostable! Place it in the wet waste or compost bin."
Does bread crusts go in the recycling bin?,"No, bread crusts is not recyclable. However, it is compostable! Place it in the wet waste or compost bin."
Are bread crustss recyclable?,"No, bread crusts is not recyclable. However, it is compostable! Place it in the wet waste or compost bin."
Should I recycle bread crusts?,"No, bread crusts is not recyclable. However, it is compostable! Place it in the wet waste or compost bin."
Can bread crusts be recycled?,"No, bread crusts is not recyclable. However, it is compostable! Place it in the wet waste or compost bin."
Is the bread crusts meant for recycling?,"No, bread crusts is not recyclable. However, it is compostable! Place it in the wet waste or compost bin."
Do you recycle bread crusts?,"No, bread crusts is not recyclable. However, it is compostable! Place it in the wet waste or compost bin."
Is onion skins recyclable?,"No, onion skins is not recyclable. However, it is compostable! Place it in the wet waste or compost bin."
Can I recycle onion skins?,"No, onion skins is not recyclable. However, it is compostable! Place it in the wet waste or compost bin."
Does onion skins go in the recycling bin?,"No, onion skins is not recyclable. However, it is compostable! Place it in the wet waste or compost bin."
Are onion skinss recyclable?,"No, onion skins is not recyclable. However, it is compostable! Place it in the wet waste or compost bin."
Should I recycle onion skins?,"No, onion skins is not recyclable. However, it is compostable! Place it in the wet waste or compost bin."
Can onion skins be recycled?,"No, onion skins is not recyclable. However, it is compostable! Place it in the wet waste or compost bin."
Is the onion skins meant for recycling?,"No, onion skins is not recyclable. However, it is compostable! Place it in the wet waste or compost bin."
Do you recycle onion skins?,"No, onion skins is not recyclable. However, it is compostable! Place it in the wet waste or compost bin."
Is leftover pasta recyclable?,"No, leftover pasta is not recyclable. However, it is compostable! Place it in the wet waste or compost bin."
Can I recycle leftover pasta?,"No, leftover pasta is not recyclable. However, it is compostable! Place it in the wet waste or compost bin."
Does leftover pasta go in the recycling bin?,"No, leftover pasta is not recyclable. However, it is compostable! Place it in the wet waste or compost bin."
Are leftover pastas recyclable?,"No, leftover pasta is not recyclable. However, it is compostable! Place it in the wet waste or compost bin."
Should I recycle leftover pasta?,"No, leftover pasta is not recyclable. However, it is compostable! Place it in the wet waste or compost bin."
Can leftover pasta be recycled?,"No, leftover pasta is not recyclable. However, it is compostable! Place it in the wet waste or compost bin."
Is the leftover pasta meant for recycling?,"No, leftover pasta is not recyclable. However, it is compostable! Place it in the wet waste or compost bin."
Do you recycle leftover pasta?,"No, leftover pasta is not recyclable. However, it is compostable! Place it in the wet waste or compost bin."
Is melon rinds recyclable?,"No, melon rinds is not recyclable. However, it is compostable! Place it in the wet waste or compost bin."
Can I recycle melon rinds?,"No, melon rinds is not recyclable. However, it is compostable! Place it in the wet waste or compost bin."
Does melon rinds go in the recycling bin?,"No, melon rinds is not recyclable. However, it is compostable! Place it in the wet waste or compost bin."
Are melon rindss recyclable?,"No, melon rinds is not recyclable. However, it is compostable! Place it in the wet waste or compost bin."
Should I recycle melon rinds?,"No, melon rinds is not recyclable. However, it is compostable! Place it in the wet waste or compost bin."
Can melon rinds be recycled?,"No, melon rinds is not recyclable. However, it is compostable! Place it in the wet waste or compost bin."
Is the melon rinds meant for recycling?,"No, melon rinds is not recyclable. However, it is compostable! Place it in the wet waste or compost bin."
Do you recycle melon rinds?,"No, melon rinds is not recyclable. However, it is compostable! Place it in the wet waste or compost bin."
Someone is dumping at the park.,Please use the 'Report Illegal Dumping' form on your dashboard to securely report the incident at the park so authorities can investigate.
I saw illegal dumping near the park.,Please use the 'Report Illegal Dumping' form on your dashboard to securely report the incident at the park so authorities can investigate.
People are throwing trash in the park.,Please use the 'Report Illegal Dumping' form on your dashboard to securely report the incident at the park so authorities can investigate.
I want to report waste at the park.,Please use the 'Report Illegal Dumping' form on your dashboard to securely report the incident at the park so authorities can investigate.
Please check the park for dumped garbage.,Please use the 'Report Illegal Dumping' form on your dashboard to securely report the incident at the park so authorities can investigate.
Report an incident at the park.,Please use the 'Report Illegal Dumping' form on your dashboard to securely report the incident at the park so authorities can investigate.
There is a huge pile of trash by the park.,Please use the 'Report Illegal Dumping' form on your dashboard to securely report the incident at the park so authorities can investigate.
I found illegal waste near the park.,Please use the 'Report Illegal Dumping' form on your dashboard to securely report the incident at the park so authorities can investigate.
Garbage is piling up at the park.,Please use the 'Report Illegal Dumping' form on your dashboard to securely report the incident at the park so authorities can investigate.
Someone is dumping at the river.,Please use the 'Report Illegal Dumping' form on your dashboard to securely report the incident at the river so authorities can investigate.
I saw illegal dumping near the river.,Please use the 'Report Illegal Dumping' form on your dashboard to securely report the incident at the river so authorities can investigate.
People are throwing trash in the river.,Please use the 'Report Illegal Dumping' form on your dashboard to securely report the incident at the river so authorities can investigate.
I want to report waste at the river.,Please use the 'Report Illegal Dumping' form on your dashboard to securely report the incident at the river so authorities can investigate.
Please check the river for dumped garbage.,Please use the 'Report Illegal Dumping' form on your dashboard to securely report the incident at the river so authorities can investigate.
Report an incident at the river.,Please use the 'Report Illegal Dumping' form on your dashboard to securely report the incident at the river so authorities can investigate.
There is a huge pile of trash by the river.,Please use the 'Report Illegal Dumping' form on your dashboard to securely report the incident at the river so authorities can investigate.
I found illegal waste near the river.,Please use the 'Report Illegal Dumping' form on your dashboard to securely report the incident at the river so authorities can investigate.
Garbage is piling up at the river.,Please use the 'Report Illegal Dumping' form on your dashboard to securely report the incident at the river so authorities can investigate.
Someone is dumping at the street.,Please use the 'Report Illegal Dumping' form on your dashboard to securely report the incident at the street so authorities can investigate.
I saw illegal dumping near the street.,Please use the 'Report Illegal Dumping' form on your dashboard to securely report the incident at the street so authorities can investigate.
People are throwing trash in the street.,Please use the 'Report Illegal Dumping' form on your dashboard to securely report the incident at the street so authorities can investigate.
I want to report waste at the street.,Please use the 'Report Illegal Dumping' form on your dashboard to securely report the incident at the street so authorities can investigate.
Please check the street for dumped garbage.,Please use the 'Report Illegal Dumping' form on your dashboard to securely report the incident at the street so authorities can investigate.
Report an incident at the street.,Please use the 'Report Illegal Dumping' form on your dashboard to securely report the incident at the street so authorities can investigate.
There is a huge pile of trash by the street.,Please use the 'Report Illegal Dumping' form on your dashboard to securely report the incident at the street so authorities can investigate.
I found illegal waste near the street.,Please use the 'Report Illegal Dumping' form on your dashboard to securely report the incident at the street so authorities can investigate.
Garbage is piling up at the street.,Please use the 'Report Illegal Dumping' form on your dashboard to securely report the incident at the street so authorities can investigate.
Someone is dumping at the highway.,Please use the 'Report Illegal Dumping' form on your dashboard to securely report the incident at the highway so authorities can investigate.
I saw illegal dumping near the highway.,Please use the 'Report Illegal Dumping' form on your dashboard to securely report the incident at the highway so authorities can investigate.
People are throwing trash in the highway.,Please use the 'Report Illegal Dumping' form on your dashboard to securely report the incident at the highway so authorities can investigate.
I want to report waste at the highway.,Please use the 'Report Illegal Dumping' form on your dashboard to securely report the incident at the highway so authorities can investigate.
Please check the highway for dumped garbage.,Please use the 'Report Illegal Dumping' form on your dashboard to securely report the incident at the highway so authorities can investigate.
Report an incident at the highway.,Please use the 'Report Illegal Dumping' form on your dashboard to securely report the incident at the highway so authorities can investigate.
There is a huge pile of trash by the highway.,Please use the 'Report Illegal Dumping' form on your dashboard to securely report the incident at the highway so authorities can investigate.
I found illegal waste near the highway.,Please use the 'Report Illegal Dumping' form on your dashboard to securely report the incident at the highway so authorities can investigate.
Garbage is piling up at the highway.,Please use the 'Report Illegal Dumping' form on your dashboard to securely report the incident at the highway so authorities can investigate.
Someone is dumping at the alley.,Please use the 'Report Illegal Dumping' form on your dashboard to securely report the incident at the alley so authorities can investigate.
I saw illegal dumping near the alley.,Please use the 'Report Illegal Dumping' form on your dashboard to securely report the incident at the alley so authorities can investigate.
People are throwing trash in the alley.,Please use the 'Report Illegal Dumping' form on your dashboard to securely report the incident at the alley so authorities can investigate.
I want to report waste at the alley.,Please use the 'Report Illegal Dumping' form on your dashboard to securely report the incident at the alley so authorities can investigate.
Please check the alley for dumped garbage.,Please use the 'Report Illegal Dumping' form on your dashboard to securely report the incident at the alley so authorities can investigate.
Report an incident at the alley.,Please use the 'Report Illegal Dumping' form on your dashboard to securely report the incident at the alley so authorities can investigate.
There is a huge pile of trash by the alley.,Please use the 'Report Illegal Dumping' form on your dashboard to securely report the incident at the alley so authorities can investigate.
I found illegal waste near the alley.,Please use the 'Report Illegal Dumping' form on your dashboard to securely report the incident at the alley so authorities can investigate.
Garbage is piling up at the alley.,Please use the 'Report Illegal Dumping' form on your dashboard to securely report the incident at the alley so authorities can investigate.
Someone is dumping at the forest.,Please use the 'Report Illegal Dumping' form on your dashboard to securely report the incident at the forest so authorities can investigate.
I saw illegal dumping near the forest.,Please use the 'Report Illegal Dumping' form on your dashboard to securely report the incident at the forest so authorities can investigate.
People are throwing trash in the forest.,Please use the 'Report Illegal Dumping' form on your dashboard to securely report the incident at the forest so authorities can investigate.
I want to report waste at the forest.,Please use the 'Report Illegal Dumping' form on your dashboard to securely report the incident at the forest so authorities can investigate.
Please check the forest for dumped garbage.,Please use the 'Report Illegal Dumping' form on your dashboard to securely report the incident at the forest so authorities can investigate.
Report an incident at the forest.,Please use the 'Report Illegal Dumping' form on your dashboard to securely report the incident at the forest so authorities can investigate.
There is a huge pile of trash by the forest.,Please use the 'Report Illegal Dumping' form on your dashboard to securely report the incident at the forest so authorities can investigate.
I found illegal waste near the forest.,Please use the 'Report Illegal Dumping' form on your dashboard to securely report the incident at the forest so authorities can investigate.
Garbage is piling up at the forest.,Please use the 'Report Illegal Dumping' form on your dashboard to securely report the incident at the forest so authorities can investigate.
Someone is dumping at the empty lot.,Please use the 'Report Illegal Dumping' form on your dashboard to securely report the incident at the empty lot so authorities can investigate.
I saw illegal dumping near the empty lot.,Please use the 'Report Illegal Dumping' form on your dashboard to securely report the incident at the empty lot so authorities can investigate.
People are throwing trash in the empty lot.,Please use the 'Report Illegal Dumping' form on your dashboard to securely report the incident at the empty lot so authorities can investigate.
I want to report waste at the empty lot.,Please use the 'Report Illegal Dumping' form on your dashboard to securely report the incident at the empty lot so authorities can investigate.
Please check the empty lot for dumped garbage.,Please use the 'Report Illegal Dumping' form on your dashboard to securely report the incident at the empty lot so authorities can investigate.
Report an incident at the empty lot.,Please use the 'Report Illegal Dumping' form on your dashboard to securely report the incident at the empty lot so authorities can investigate.
There is a huge pile of trash by the empty lot.,Please use the 'Report Illegal Dumping' form on your dashboard to securely report the incident at the empty lot so authorities can investigate.
I found illegal waste near the empty lot.,Please use the 'Report Illegal Dumping' form on your dashboard to securely report the incident at the empty lot so authorities can investigate.
Garbage is piling up at the empty lot.,Please use the 'Report Illegal Dumping' form on your dashboard to securely report the incident at the empty lot so authorities can investigate.
Someone is dumping at the backyard.,Please use the 'Report Illegal Dumping' form on your dashboard to securely report the incident at the backyard so authorities can investigate.
I saw illegal dumping near the backyard.,Please use the 'Report Illegal Dumping' form on your dashboard to securely report the incident at the backyard so authorities can investigate.
People are throwing trash in the backyard.,Please use the 'Report Illegal Dumping' form on your dashboard to securely report the incident at the backyard so authorities can investigate.
I want to report waste at the backyard.,Please use the 'Report Illegal Dumping' form on your dashboard to securely report the incident at the backyard so authorities can investigate.
Please check the backyard for dumped garbage.,Please use the 'Report Illegal Dumping' form on your dashboard to securely report the incident at the backyard so authorities can investigate.
Report an incident at the backyard.,Please use the 'Report Illegal Dumping' form on your dashboard to securely report the incident at the backyard so authorities can investigate.
There is a huge pile of trash by the backyard.,Please use the 'Report Illegal Dumping' form on your dashboard to securely report the incident at the backyard so authorities can investigate.
I found illegal waste near the backyard.,Please use the 'Report Illegal Dumping' form on your dashboard to securely report the incident at the backyard so authorities can investigate.
Garbage is piling up at the backyard.,Please use the 'Report Illegal Dumping' form on your dashboard to securely report the incident at the backyard so authorities can investigate.
Someone is dumping at the construction site.,Please use the 'Report Illegal Dumping' form on your dashboard to securely report the incident at the construction site so authorities can investigate.
I saw illegal dumping near the construction site.,Please use the 'Report Illegal Dumping' form on your dashboard to securely report the incident at the construction site so authorities can investigate.
People are throwing trash in the construction site.,Please use the 'Report Illegal Dumping' form on your dashboard to securely report the incident at the construction site so authorities can investigate.
I want to report waste at the construction site.,Please use the 'Report Illegal Dumping' form on your dashboard to securely report the incident at the construction site so authorities can investigate.
Please check the construction site for dumped garbage.,Please use the 'Report Illegal Dumping' form on your dashboard to securely report the incident at the construction site so authorities can investigate.
Report an incident at the construction site.,Please use the 'Report Illegal Dumping' form on your dashboard to securely report the incident at the construction site so authorities can investigate.
There is a huge pile of trash by the construction site.,Please use the 'Report Illegal Dumping' form on your dashboard to securely report the incident at the construction site so authorities can investigate.
I found illegal waste near the construction site.,Please use the 'Report Illegal Dumping' form on your dashboard to securely report the incident at the construction site so authorities can investigate.
Garbage is piling up at the construction site.,Please use the 'Report Illegal Dumping' form on your dashboard to securely report the incident at the construction site so authorities can investigate.
Someone is dumping at the beach.,Please use the 'Report Illegal Dumping' form on your dashboard to securely report the incident at the beach so authorities can investigate.
I saw illegal dumping near the beach.,Please use the 'Report Illegal Dumping' form on your dashboard to securely report the incident at the beach so authorities can investigate.
People are throwing trash in the beach.,Please use the 'Report Illegal Dumping' form on your dashboard to securely report the incident at the beach so authorities can investigate.
I want to report waste at the beach.,Please use the 'Report Illegal Dumping' form on your dashboard to securely report the incident at the beach so authorities can investigate.
Please check the beach for dumped garbage.,Please use the 'Report Illegal Dumping' form on your dashboard to securely report the incident at the beach so authorities can investigate.
Report an incident at the beach.,Please use the 'Report Illegal Dumping' form on your dashboard to securely report the incident at the beach so authorities can investigate.
There is a huge pile of trash by the beach.,Please use the 'Report Illegal Dumping' form on your dashboard to securely report the incident at the beach so authorities can investigate.
I found illegal waste near the beach.,Please use the 'Report Illegal Dumping' form on your dashboard to securely report the incident at the beach so authorities can investigate.
Garbage is piling up at the beach.,Please use the 'Report Illegal Dumping' form on your dashboard to securely report the incident at the beach so authorities can investigate.
Someone is dumping at the lake.,Please use the 'Report Illegal Dumping' form on your dashboard to securely report the incident at the lake so authorities can investigate.
I saw illegal dumping near the lake.,Please use the 'Report Illegal Dumping' form on your dashboard to securely report the incident at the lake so authorities can investigate.
People are throwing trash in the lake.,Please use the 'Report Illegal Dumping' form on your dashboard to securely report the incident at the lake so authorities can investigate.
I want to report waste at the lake.,Please use the 'Report Illegal Dumping' form on your dashboard to securely report the incident at the lake so authorities can investigate.
Please check the lake for dumped garbage.,Please use the 'Report Illegal Dumping' form on your dashboard to securely report the incident at the lake so authorities can investigate.
Report an incident at the lake.,Please use the 'Report Illegal Dumping' form on your dashboard to securely report the incident at the lake so authorities can investigate.
There is a huge pile of trash by the lake.,Please use the 'Report Illegal Dumping' form on your dashboard to securely report the incident at the lake so authorities can investigate.
I found illegal waste near the lake.,Please use the 'Report Illegal Dumping' form on your dashboard to securely report the incident at the lake so authorities can investigate.
Garbage is piling up at the lake.,Please use the 'Report Illegal Dumping' form on your dashboard to securely report the incident at the lake so authorities can investigate.
Someone is dumping at the parking lot.,Please use the 'Report Illegal Dumping' form on your dashboard to securely report the incident at the parking lot so authorities can investigate.
I saw illegal dumping near the parking lot.,Please use the 'Report Illegal Dumping' form on your dashboard to securely report the incident at the parking lot so authorities can investigate.
People are throwing trash in the parking lot.,Please use the 'Report Illegal Dumping' form on your dashboard to securely report the incident at the parking lot so authorities can investigate.
I want to report waste at the parking lot.,Please use the 'Report Illegal Dumping' form on your dashboard to securely report the incident at the parking lot so authorities can investigate.
Please check the parking lot for dumped garbage.,Please use the 'Report Illegal Dumping' form on your dashboard to securely report the incident at the parking lot so authorities can investigate.
Report an incident at the parking lot.,Please use the 'Report Illegal Dumping' form on your dashboard to securely report the incident at the parking lot so authorities can investigate.
There is a huge pile of trash by the parking lot.,Please use the 'Report Illegal Dumping' form on your dashboard to securely report the incident at the parking lot so authorities can investigate.
I found illegal waste near the parking lot.,Please use the 'Report Illegal Dumping' form on your dashboard to securely report the incident at the parking lot so authorities can investigate.
Garbage is piling up at the parking lot.,Please use the 'Report Illegal Dumping' form on your dashboard to securely report the incident at the parking lot so authorities can investigate.
Someone is dumping at the school.,Please use the 'Report Illegal Dumping' form on your dashboard to securely report the incident at the school so authorities can investigate.
I saw illegal dumping near the school.,Please use the 'Report Illegal Dumping' form on your dashboard to securely report the incident at the school so authorities can investigate.
People are throwing trash in the school.,Please use the 'Report Illegal Dumping' form on your dashboard to securely report the incident at the school so authorities can investigate.
I want to report waste at the school.,Please use the 'Report Illegal Dumping' form on your dashboard to securely report the incident at the school so authorities can investigate.
Please check the school for dumped garbage.,Please use the 'Report Illegal Dumping' form on your dashboard to securely report the incident at the school so authorities can investigate.
Report an incident at the school.,Please use the 'Report Illegal Dumping' form on your dashboard to securely report the incident at the school so authorities can investigate.
There is a huge pile of trash by the school.,Please use the 'Report Illegal Dumping' form on your dashboard to securely report the incident at the school so authorities can investigate.
I found illegal waste near the school.,Please use the 'Report Illegal Dumping' form on your dashboard to securely report the incident at the school so authorities can investigate.
Garbage is piling up at the school.,Please use the 'Report Illegal Dumping' form on your dashboard to securely report the incident at the school so authorities can investigate.
Someone is dumping at the hospital.,Please use the 'Report Illegal Dumping' form on your dashboard to securely report the incident at the hospital so authorities can investigate.
I saw illegal dumping near the hospital.,Please use the 'Report Illegal Dumping' form on your dashboard to securely report the incident at the hospital so authorities can investigate.
People are throwing trash in the hospital.,Please use the 'Report Illegal Dumping' form on your dashboard to securely report the incident at the hospital so authorities can investigate.
I want to report waste at the hospital.,Please use the 'Report Illegal Dumping' form on your dashboard to securely report the incident at the hospital so authorities can investigate.
Please check the hospital for dumped garbage.,Please use the 'Report Illegal Dumping' form on your dashboard to securely report the incident at the hospital so authorities can investigate.
Report an incident at the hospital.,Please use the 'Report Illegal Dumping' form on your dashboard to securely report the incident at the hospital so authorities can investigate.
There is a huge pile of trash by the hospital.,Please use the 'Report Illegal Dumping' form on your dashboard to securely report the incident at the hospital so authorities can investigate.
I found illegal waste near the hospital.,Please use the 'Report Illegal Dumping' form on your dashboard to securely report the incident at the hospital so authorities can investigate.
Garbage is piling up at the hospital.,Please use the 'Report Illegal Dumping' form on your dashboard to securely report the incident at the hospital so authorities can investigate.
Someone is dumping at the supermarket.,Please use the 'Report Illegal Dumping' form on your dashboard to securely report the incident at the supermarket so authorities can investigate.
I saw illegal dumping near the supermarket.,Please use the 'Report Illegal Dumping' form on your dashboard to securely report the incident at the supermarket so authorities can investigate.
People are throwing trash in the supermarket.,Please use the 'Report Illegal Dumping' form on your dashboard to securely report the incident at the supermarket so authorities can investigate.
I want to report waste at the supermarket.,Please use the 'Report Illegal Dumping' form on your dashboard to securely report the incident at the supermarket so authorities can investigate.
Please check the supermarket for dumped garbage.,Please use the 'Report Illegal Dumping' form on your dashboard to securely report the incident at the supermarket so authorities can investigate.
Report an incident at the supermarket.,Please use the 'Report Illegal Dumping' form on your dashboard to securely report the incident at the supermarket so authorities can investigate.
There is a huge pile of trash by the supermarket.,Please use the 'Report Illegal Dumping' form on your dashboard to securely report the incident at the supermarket so authorities can investigate.
I found illegal waste near the supermarket.,Please use the 'Report Illegal Dumping' form on your dashboard to securely report the incident at the supermarket so authorities can investigate.
Garbage is piling up at the supermarket.,Please use the 'Report Illegal Dumping' form on your dashboard to securely report the incident at the supermarket so authorities can investigate.
Someone is dumping at the bus stop.,Please use the 'Report Illegal Dumping' form on your dashboard to securely report the incident at the bus stop so authorities can investigate.
I saw illegal dumping near the bus stop.,Please use the 'Report Illegal Dumping' form on your dashboard to securely report the incident at the bus stop so authorities can investigate.
People are throwing trash in the bus stop.,Please use the 'Report Illegal Dumping' form on your dashboard to securely report the incident at the bus stop so authorities can investigate.
I want to report waste at the bus stop.,Please use the 'Report Illegal Dumping' form on your dashboard to securely report the incident at the bus stop so authorities can investigate.
Please check the bus stop for dumped garbage.,Please use the 'Report Illegal Dumping' form on your dashboard to securely report the incident at the bus stop so authorities can investigate.
Report an incident at the bus stop.,Please use the 'Report Illegal Dumping' form on your dashboard to securely report the incident at the bus stop so authorities can investigate.
There is a huge pile of trash by the bus stop.,Please use the 'Report Illegal Dumping' form on your dashboard to securely report the incident at the bus stop so authorities can investigate.
I found illegal waste near the bus stop.,Please use the 'Report Illegal Dumping' form on your dashboard to securely report the incident at the bus stop so authorities can investigate.
Garbage is piling up at the bus stop.,Please use the 'Report Illegal Dumping' form on your dashboard to securely report the incident at the bus stop so authorities can investigate.
Hi,Hello! I'm your Waste Management Assistant. How can I help you today?
Hello,Hello! I'm your Waste Management Assistant. How can I help you today?
Hey,Hello! I'm your Waste Management Assistant. How can I help you today?
Greetings,Hello! I'm your Waste Management Assistant. How can I help you today?
Good morning,Hello! I'm your Waste Management Assistant. How can I help you today?
Good afternoon,Hello! I'm your Waste Management Assistant. How can I help you today?
Good evening,Hello! I'm your Waste Management Assistant. How can I help you today?
Yo,Hello! I'm your Waste Management Assistant. How can I help you today?
Sup,Hello! I'm your Waste Management Assistant. How can I help you today?
Hi there,Hello! I'm your Waste Management Assistant. How can I help you today?
Hello bot,Hello! I'm your Waste Management Assistant. How can I help you today?
How are you?,I'm doing great! How can I assist you with waste management today?
Are you real?,I'm a Virtual AI Assistant designed to help with Dump Surveillance!
Tell me a joke,Why did the recycling bin go to the party? Because it wanted to get smashed!
What's up,Just monitoring the system and ready to help you!
Are you a human?,"Nope, I'm an AI."
I love you,I love a clean environment too! Keep recycling!
Can you help me?,Absolutely. Ask me about disposing of items or using the dashboard.
Where do I throw my old plastic bottle?,You should place old plastic bottle in the dry/recyclable waste bin.
How do I dispose of a old plastic bottle?,You should place old plastic bottle in the dry/recyclable waste bin.
Can I throw away old plastic bottle in the trash?,You should place old plastic bottle in the dry/recyclable waste bin.
Which bin does old plastic bottle go into?,You should place old plastic bottle in the dry/recyclable waste bin.
Is it okay to throw old plastic bottle here?,You should place old plastic bottle in the dry/recyclable waste bin.
Where do I throw my old cardboard?,You should place old cardboard in the dry/recyclable waste bin.
How do I dispose of a old cardboard?,You should place old cardboard in the dry/recyclable waste bin.
Can I throw away old cardboard in the trash?,You should place old cardboard in the dry/recyclable waste bin.
Which bin does old cardboard go into?,You should place old cardboard in the dry/recyclable waste bin.
Is it okay to throw old cardboard here?,You should place old cardboard in the dry/recyclable waste bin.
Where do I throw my old newspaper?,You should place old newspaper in the dry/recyclable waste bin.
How do I dispose of a old newspaper?,You should place old newspaper in the dry/recyclable waste bin.
Can I throw away old newspaper in the trash?,You should place old newspaper in the dry/recyclable waste bin.
Which bin does old newspaper go into?,You should place old newspaper in the dry/recyclable waste bin.
Is it okay to throw old newspaper here?,You should place old newspaper in the dry/recyclable waste bin.
Where do I throw my old magazine?,You should place old magazine in the dry/recyclable waste bin.
How do I dispose of a old magazine?,You should place old magazine in the dry/recyclable waste bin.
Can I throw away old magazine in the trash?,You should place old magazine in the dry/recyclable waste bin.
Which bin does old magazine go into?,You should place old magazine in the dry/recyclable waste bin.
Is it okay to throw old magazine here?,You should place old magazine in the dry/recyclable waste bin.
Where do I throw my old glass jar?,You should place old glass jar in the dry/recyclable waste bin.
How do I dispose of a old glass jar?,You should place old glass jar in the dry/recyclable waste bin.
Can I throw away old glass jar in the trash?,You should place old glass jar in the dry/recyclable waste bin.
Which bin does old glass jar go into?,You should place old glass jar in the dry/recyclable waste bin.
Is it okay to throw old glass jar here?,You should place old glass jar in the dry/recyclable waste bin.
Where do I throw my old tin can?,You should place old tin can in the dry/recyclable waste bin.
How do I dispose of a old tin can?,You should place old tin can in the dry/recyclable waste bin.
Can I throw away old tin can in the trash?,You should place old tin can in the dry/recyclable waste bin.
Which bin does old tin can go into?,You should place old tin can in the dry/recyclable waste bin.
Is it okay to throw old tin can here?,You should place old tin can in the dry/recyclable waste bin.
Where do I throw my old aluminum foil?,You should place old aluminum foil in the dry/recyclable waste bin.
How do I dispose of a old aluminum foil?,You should place old aluminum foil in the dry/recyclable waste bin.
Can I throw away old aluminum foil in the trash?,You should place old aluminum foil in the dry/recyclable waste bin.
Which bin does old aluminum foil go into?,You should place old aluminum foil in the dry/recyclable waste bin.
Is it okay to throw old aluminum foil here?,You should place old aluminum foil in the dry/recyclable waste bin.
Where do I throw my old shampoo bottle?,You should place old shampoo bottle in the dry/recyclable waste bin.
How do I dispose of a old shampoo bottle?,You should place old shampoo bottle in the dry/recyclable waste bin.
Can I throw away old shampoo bottle in the trash?,You should place old shampoo bottle in the dry/recyclable waste bin.
Which bin does old shampoo bottle go into?,You should place old shampoo bottle in the dry/recyclable waste bin.
Is it okay to throw old shampoo bottle here?,You should place old shampoo bottle in the dry/recyclable waste bin.
Where do I throw my old milk carton?,You should place old milk carton in the dry/recyclable waste bin.
How do I dispose of a old milk carton?,You should place old milk carton in the dry/recyclable waste bin.
Can I throw away old milk carton in the trash?,You should place old milk carton in the dry/recyclable waste bin.
Which bin does old milk carton go into?,You should place old milk carton in the dry/recyclable waste bin.
Is it okay to throw old milk carton here?,You should place old milk carton in the dry/recyclable waste bin.
Where do I throw my old empty deodorant?,You should place old empty deodorant in the dry/recyclable waste bin.
How do I dispose of a old empty deodorant?,You should place old empty deodorant in the dry/recyclable waste bin.
Can I throw away old empty deodorant in the trash?,You should place old empty deodorant in the dry/recyclable waste bin.
Which bin does old empty deodorant go into?,You should place old empty deodorant in the dry/recyclable waste bin.
Is it okay to throw old empty deodorant here?,You should place old empty deodorant in the dry/recyclable waste bin.
Where do I throw my used plastic bottle?,You should place used plastic bottle in the dry/recyclable waste bin.
How do I dispose of a used plastic bottle?,You should place used plastic bottle in the dry/recyclable waste bin.
Can I throw away used plastic bottle in the trash?,You should place used plastic bottle in the dry/recyclable waste bin.
Which bin does used plastic bottle go into?,You should place used plastic bottle in the dry/recyclable waste bin.
Is it okay to throw used plastic bottle here?,You should place used plastic bottle in the dry/recyclable waste bin.
Where do I throw my used cardboard?,You should place used cardboard in the dry/recyclable waste bin.
How do I dispose of a used cardboard?,You should place used cardboard in the dry/recyclable waste bin.
Can I throw away used cardboard in the trash?,You should place used cardboard in the dry/recyclable waste bin.
Which bin does used cardboard go into?,You should place used cardboard in the dry/recyclable waste bin.
Is it okay to throw used cardboard here?,You should place used cardboard in the dry/recyclable waste bin.
Where do I throw my used newspaper?,You should place used newspaper in the dry/recyclable waste bin.
How do I dispose of a used newspaper?,You should place used newspaper in the dry/recyclable waste bin.
Can I throw away used newspaper in the trash?,You should place used newspaper in the dry/recyclable waste bin.
Which bin does used newspaper go into?,You should place used newspaper in the dry/recyclable waste bin.
Is it okay to throw used newspaper here?,You should place used newspaper in the dry/recyclable waste bin.
Where do I throw my used magazine?,You should place used magazine in the dry/recyclable waste bin.
How do I dispose of a used magazine?,You should place used magazine in the dry/recyclable waste bin.
Can I throw away used magazine in the trash?,You should place used magazine in the dry/recyclable waste bin.
Which bin does used magazine go into?,You should place used magazine in the dry/recyclable waste bin.
Is it okay to throw used magazine here?,You should place used magazine in the dry/recyclable waste bin.
Where do I throw my used glass jar?,You should place used glass jar in the dry/recyclable waste bin.
How do I dispose of a used glass jar?,You should place used glass jar in the dry/recyclable waste bin.
Can I throw away used glass jar in the trash?,You should place used glass jar in the dry/recyclable waste bin.
Which bin does used glass jar go into?,You should place used glass jar in the dry/recyclable waste bin.
Is it okay to throw used glass jar here?,You should place used glass jar in the dry/recyclable waste bin.
Where do I throw my used tin can?,You should place used tin can in the dry/recyclable waste bin.
How do I dispose of a used tin can?,You should place used tin can in the dry/recyclable waste bin.
Can I throw away used tin can in the trash?,You should place used tin can in the dry/recyclable waste bin.
Which bin does used tin can go into?,You should place used tin can in the dry/recyclable waste bin.
Is it okay to throw used tin can here?,You should place used tin can in the dry/recyclable waste bin.
Where do I throw my used aluminum foil?,You should place used aluminum foil in the dry/recyclable waste bin.
How do I dispose of a used aluminum foil?,You should place used aluminum foil in the dry/recyclable waste bin.
Can I throw away used aluminum foil in the trash?,You should place used aluminum foil in the dry/recyclable waste bin.
Which bin does used aluminum foil go into?,You should place used aluminum foil in the dry/recyclable waste bin.
Is it okay to throw used aluminum foil here?,You should place used aluminum foil in the dry/recyclable waste bin.
Where do I throw my used shampoo bottle?,You should place used shampoo bottle in the dry/recyclable waste bin.
How do I dispose of a used shampoo bottle?,You should place used shampoo bottle in the dry/recyclable waste bin.
Can I throw away used shampoo bottle in the trash?,You should place used shampoo bottle in the dry/recyclable waste bin.
Which bin does used shampoo bottle go into?,You should place used shampoo bottle in the dry/recyclable waste bin.
Is it okay to throw used shampoo bottle here?,You should place used shampoo bottle in the dry/recyclable waste bin.
Where do I throw my used milk carton?,You should place used milk carton in the dry/recyclable waste bin.
How do I dispose of a used milk carton?,You should place used milk carton in the dry/recyclable waste bin.
Can I throw away used milk carton in the trash?,You should place used milk carton in the dry/recyclable waste bin.
Which bin does used milk carton go into?,You should place used milk carton in the dry/recyclable waste bin.
Is it okay to throw used milk carton here?,You should place used milk carton in the dry/recyclable waste bin.
Where do I throw my used empty deodorant?,You should place used empty deodorant in the dry/recyclable waste bin.
How do I dispose of a used empty deodorant?,You should place used empty deodorant in the dry/recyclable waste bin.
Can I throw away used empty deodorant in the trash?,You should place used empty deodorant in the dry/recyclable waste bin.
Which bin does used empty deodorant go into?,You should place used empty deodorant in the dry/recyclable waste bin.
Is it okay to throw used empty deodorant here?,You should place used empty deodorant in the dry/recyclable waste bin.
Where do I throw my empty plastic bottle?,You should place empty plastic bottle in the dry/recyclable waste bin.
How do I dispose of a empty plastic bottle?,You should place empty plastic bottle in the dry/recyclable waste bin.
Can I throw away empty plastic bottle in the trash?,You should place empty plastic bottle in the dry/recyclable waste bin.
Which bin does empty plastic bottle go into?,You should place empty plastic bottle in the dry/recyclable waste bin.
Is it okay to throw empty plastic bottle here?,You should place empty plastic bottle in the dry/recyclable waste bin.
Where do I throw my empty cardboard?,You should place empty cardboard in the dry/recyclable waste bin.
How do I dispose of a empty cardboard?,You should place empty cardboard in the dry/recyclable waste bin.
Can I throw away empty cardboard in the trash?,You should place empty cardboard in the dry/recyclable waste bin.
Which bin does empty cardboard go into?,You should place empty cardboard in the dry/recyclable waste bin.
Is it okay to throw empty cardboard here?,You should place empty cardboard in the dry/recyclable waste bin.
Where do I throw my empty newspaper?,You should place empty newspaper in the dry/recyclable waste bin.
How do I dispose of a empty newspaper?,You should place empty newspaper in the dry/recyclable waste bin.
Can I throw away empty newspaper in the trash?,You should place empty newspaper in the dry/recyclable waste bin.
Which bin does empty newspaper go into?,You should place empty newspaper in the dry/recyclable waste bin.
Is it okay to throw empty newspaper here?,You should place empty newspaper in the dry/recyclable waste bin.
Where do I throw my empty magazine?,You should place empty magazine in the dry/recyclable waste bin.
How do I dispose of a empty magazine?,You should place empty magazine in the dry/recyclable waste bin.
Can I throw away empty magazine in the trash?,You should place empty magazine in the dry/recyclable waste bin.
Which bin does empty magazine go into?,You should place empty magazine in the dry/recyclable waste bin.
Is it okay to throw empty magazine here?,You should place empty magazine in the dry/recyclable waste bin.
Where do I throw my empty glass jar?,You should place empty glass jar in the dry/recyclable waste bin.
How do I dispose of a empty glass jar?,You should place empty glass jar in the dry/recyclable waste bin.
Can I throw away empty glass jar in the trash?,You should place empty glass jar in the dry/recyclable waste bin.
Which bin does empty glass jar go into?,You should place empty glass jar in the dry/recyclable waste bin.
Is it okay to throw empty glass jar here?,You should place empty glass jar in the dry/recyclable waste bin.
Where do I throw my empty tin can?,You should place empty tin can in the dry/recyclable waste bin.
How do I dispose of a empty tin can?,You should place empty tin can in the dry/recyclable waste bin.
Can I throw away empty tin can in the trash?,You should place empty tin can in the dry/recyclable waste bin.
Which bin does empty tin can go into?,You should place empty tin can in the dry/recyclable waste bin.
Is it okay to throw empty tin can here?,You should place empty tin can in the dry/recyclable waste bin.
Where do I throw my empty aluminum foil?,You should place empty aluminum foil in the dry/recyclable waste bin.
How do I dispose of a empty aluminum foil?,You should place empty aluminum foil in the dry/recyclable waste bin.
Can I throw away empty aluminum foil in the trash?,You should place empty aluminum foil in the dry/recyclable waste bin.
Which bin does empty aluminum foil go into?,You should place empty aluminum foil in the dry/recyclable waste bin.
Is it okay to throw empty aluminum foil here?,You should place empty aluminum foil in the dry/recyclable waste bin.
Where do I throw my empty shampoo bottle?,You should place empty shampoo bottle in the dry/recyclable waste bin.
How do I dispose of a empty shampoo bottle?,You should place empty shampoo bottle in the dry/recyclable waste bin.
Can I throw away empty shampoo bottle in the trash?,You should place empty shampoo bottle in the dry/recyclable waste bin.
Which bin does empty shampoo bottle go into?,You should place empty shampoo bottle in the dry/recyclable waste bin.
Is it okay to throw empty shampoo bottle here?,You should place empty shampoo bottle in the dry/recyclable waste bin.
Where do I throw my empty milk carton?,You should place empty milk carton in the dry/recyclable waste bin.
How do I dispose of a empty milk carton?,You should place empty milk carton in the dry/recyclable waste bin.
Can I throw away empty milk carton in the trash?,You should place empty milk carton in the dry/recyclable waste bin.
Which bin does empty milk carton go into?,You should place empty milk carton in the dry/recyclable waste bin.
Is it okay to throw empty milk carton here?,You should place empty milk carton in the dry/recyclable waste bin.
Where do I throw my empty empty deodorant?,You should place empty empty deodorant in the dry/recyclable waste bin.
How do I dispose of a empty empty deodorant?,You should place empty empty deodorant in the dry/recyclable waste bin.
Can I throw away empty empty deodorant in the trash?,You should place empty empty deodorant in the dry/recyclable waste bin.
Which bin does empty empty deodorant go into?,You should place empty empty deodorant in the dry/recyclable waste bin.
Is it okay to throw empty empty deodorant here?,You should place empty empty deodorant in the dry/recyclable waste bin.
Where do I throw my dirty plastic bottle?,You should place dirty plastic bottle in the dry/recyclable waste bin.
How do I dispose of a dirty plastic bottle?,You should place dirty plastic bottle in the dry/recyclable waste bin.
Can I throw away dirty plastic bottle in the trash?,You should place dirty plastic bottle in the dry/recyclable waste bin.
Which bin does dirty plastic bottle go into?,You should place dirty plastic bottle in the dry/recyclable waste bin.
Is it okay to throw dirty plastic bottle here?,You should place dirty plastic bottle in the dry/recyclable waste bin.
Where do I throw my dirty cardboard?,You should place dirty cardboard in the dry/recyclable waste bin.
How do I dispose of a dirty cardboard?,You should place dirty cardboard in the dry/recyclable waste bin.
Can I throw away dirty cardboard in the trash?,You should place dirty cardboard in the dry/recyclable waste bin.
Which bin does dirty cardboard go into?,You should place dirty cardboard in the dry/recyclable waste bin.
Is it okay to throw dirty cardboard here?,You should place dirty cardboard in the dry/recyclable waste bin.
Where do I throw my dirty newspaper?,You should place dirty newspaper in the dry/recyclable waste bin.
How do I dispose of a dirty newspaper?,You should place dirty newspaper in the dry/recyclable waste bin.
Can I throw away dirty newspaper in the trash?,You should place dirty newspaper in the dry/recyclable waste bin.
Which bin does dirty newspaper go into?,You should place dirty newspaper in the dry/recyclable waste bin.
Is it okay to throw dirty newspaper here?,You should place dirty newspaper in the dry/recyclable waste bin.
Where do I throw my dirty magazine?,You should place dirty magazine in the dry/recyclable waste bin.
How do I dispose of a dirty magazine?,You should place dirty magazine in the dry/recyclable waste bin.
Can I throw away dirty magazine in the trash?,You should place dirty magazine in the dry/recyclable waste bin.
Which bin does dirty magazine go into?,You should place dirty magazine in the dry/recyclable waste bin.
Is it okay to throw dirty magazine here?,You should place dirty magazine in the dry/recyclable waste bin.
Where do I throw my dirty glass jar?,You should place dirty glass jar in the dry/recyclable waste bin.
How do I dispose of a dirty glass jar?,You should place dirty glass jar in the dry/recyclable waste bin.
Can I throw away dirty glass jar in the trash?,You should place dirty glass jar in the dry/recyclable waste bin.
Which bin does dirty glass jar go into?,You should place dirty glass jar in the dry/recyclable waste bin.
Is it okay to throw dirty glass jar here?,You should place dirty glass jar in the dry/recyclable waste bin.
Where do I throw my dirty tin can?,You should place dirty tin can in the dry/recyclable waste bin.
How do I dispose of a dirty tin can?,You should place dirty tin can in the dry/recyclable waste bin.
Can I throw away dirty tin can in the trash?,You should place dirty tin can in the dry/recyclable waste bin.
Which bin does dirty tin can go into?,You should place dirty tin can in the dry/recyclable waste bin.
Is it okay to throw dirty tin can here?,You should place dirty tin can in the dry/recyclable waste bin.
Where do I throw my dirty aluminum foil?,You should place dirty aluminum foil in the dry/recyclable waste bin.
How do I dispose of a dirty aluminum foil?,You should place dirty aluminum foil in the dry/recyclable waste bin.
Can I throw away dirty aluminum foil in the trash?,You should place dirty aluminum foil in the dry/recyclable waste bin.
Which bin does dirty aluminum foil go into?,You should place dirty aluminum foil in the dry/recyclable waste bin.
Is it okay to throw dirty aluminum foil here?,You should place dirty aluminum foil in the dry/recyclable waste bin.
Where do I throw my dirty shampoo bottle?,You should place dirty shampoo bottle in the dry/recyclable waste bin.
How do I dispose of a dirty shampoo bottle?,You should place dirty shampoo bottle in the dry/recyclable waste bin.
Can I throw away dirty shampoo bottle in the trash?,You should place dirty shampoo bottle in the dry/recyclable waste bin.
Which bin does dirty shampoo bottle go into?,You should place dirty shampoo bottle in the dry/recyclable waste bin.
Is it okay to throw dirty shampoo bottle here?,You should place dirty shampoo bottle in the dry/recyclable waste bin.
Where do I throw my dirty milk carton?,You should place dirty milk carton in the dry/recyclable waste bin.
How do I dispose of a dirty milk carton?,You should place dirty milk carton in the dry/recyclable waste bin.
Can I throw away dirty milk carton in the trash?,You should place dirty milk carton in the dry/recyclable waste bin.
Which bin does dirty milk carton go into?,You should place dirty milk carton in the dry/recyclable waste bin.
Is it okay to throw dirty milk carton here?,You should place dirty milk carton in the dry/recyclable waste bin.
Where do I throw my dirty empty deodorant?,You should place dirty empty deodorant in the dry/recyclable waste bin.
How do I dispose of a dirty empty deodorant?,You should place dirty empty deodorant in the dry/recyclable waste bin.
Can I throw away dirty empty deodorant in the trash?,You should place dirty empty deodorant in the dry/recyclable waste bin.
Which bin does dirty empty deodorant go into?,You should place dirty empty deodorant in the dry/recyclable waste bin.
Is it okay to throw dirty empty deodorant here?,You should place dirty empty deodorant in the dry/recyclable waste bin.
Where do I throw my clean plastic bottle?,You should place clean plastic bottle in the dry/recyclable waste bin.
How do I dispose of a clean plastic bottle?,You should place clean plastic bottle in the dry/recyclable waste bin.
Can I throw away clean plastic bottle in the trash?,You should place clean plastic bottle in the dry/recyclable waste bin.
Which bin does clean plastic bottle go into?,You should place clean plastic bottle in the dry/recyclable waste bin.
Is it okay to throw clean plastic bottle here?,You should place clean plastic bottle in the dry/recyclable waste bin.
Where do I throw my clean cardboard?,You should place clean cardboard in the dry/recyclable waste bin.
How do I dispose of a clean cardboard?,You should place clean cardboard in the dry/recyclable waste bin.
Can I throw away clean cardboard in the trash?,You should place clean cardboard in the dry/recyclable waste bin.
Which bin does clean cardboard go into?,You should place clean cardboard in the dry/recyclable waste bin.
Is it okay to throw clean cardboard here?,You should place clean cardboard in the dry/recyclable waste bin.
Where do I throw my clean newspaper?,You should place clean newspaper in the dry/recyclable waste bin.
How do I dispose of a clean newspaper?,You should place clean newspaper in the dry/recyclable waste bin.
Can I throw away clean newspaper in the trash?,You should place clean newspaper in the dry/recyclable waste bin.
Which bin does clean newspaper go into?,You should place clean newspaper in the dry/recyclable waste bin.
Is it okay to throw clean newspaper here?,You should place clean newspaper in the dry/recyclable waste bin.
Where do I throw my clean magazine?,You should place clean magazine in the dry/recyclable waste bin.
How do I dispose of a clean magazine?,You should place clean magazine in the dry/recyclable waste bin.
Can I throw away clean magazine in the trash?,You should place clean magazine in the dry/recyclable waste bin.
Which bin does clean magazine go into?,You should place clean magazine in the dry/recyclable waste bin.
Is it okay to throw clean magazine here?,You should place clean magazine in the dry/recyclable waste bin.
Where do I throw my clean glass jar?,You should place clean glass jar in the dry/recyclable waste bin.
How do I dispose of a clean glass jar?,You should place clean glass jar in the dry/recyclable waste bin.
Can I throw away clean glass jar in the trash?,You should place clean glass jar in the dry/recyclable waste bin.
Which bin does clean glass jar go into?,You should place clean glass jar in the dry/recyclable waste bin.
Is it okay to throw clean glass jar here?,You should place clean glass jar in the dry/recyclable waste bin.
Where do I throw my clean tin can?,You should place clean tin can in the dry/recyclable waste bin.
How do I dispose of a clean tin can?,You should place clean tin can in the dry/recyclable waste bin.
Can I throw away clean tin can in the trash?,You should place clean tin can in the dry/recyclable waste bin.
Which bin does clean tin can go into?,You should place clean tin can in the dry/recyclable waste bin.
Is it okay to throw clean tin can here?,You should place clean tin can in the dry/recyclable waste bin.
Where do I throw my clean aluminum foil?,You should place clean aluminum foil in the dry/recyclable waste bin.
How do I dispose of a clean aluminum foil?,You should place clean aluminum foil in the dry/recyclable waste bin.
Can I throw away clean aluminum foil in the trash?,You should place clean aluminum foil in the dry/recyclable waste bin.
Which bin does clean aluminum foil go into?,You should place clean aluminum foil in the dry/recyclable waste bin.
Is it okay to throw clean aluminum foil here?,You should place clean aluminum foil in the dry/recyclable waste bin.
Where do I throw my clean shampoo bottle?,You should place clean shampoo bottle in the dry/recyclable waste bin.
How do I dispose of a clean shampoo bottle?,You should place clean shampoo bottle in the dry/recyclable waste bin.
Can I throw away clean shampoo bottle in the trash?,You should place clean shampoo bottle in the dry/recyclable waste bin.
Which bin does clean shampoo bottle go into?,You should place clean shampoo bottle in the dry/recyclable waste bin.
Is it okay to throw clean shampoo bottle here?,You should place clean shampoo bottle in the dry/recyclable waste bin.
Where do I throw my clean milk carton?,You should place clean milk carton in the dry/recyclable waste bin.
How do I dispose of a clean milk carton?,You should place clean milk carton in the dry/recyclable waste bin.
Can I throw away clean milk carton in the trash?,You should place clean milk carton in the dry/recyclable waste bin.
Which bin does clean milk carton go into?,You should place clean milk carton in the dry/recyclable waste bin.
Is it okay to throw clean milk carton here?,You should place clean milk carton in the dry/recyclable waste bin.
Where do I throw my clean empty deodorant?,You should place clean empty deodorant in the dry/recyclable waste bin.
How do I dispose of a clean empty deodorant?,You should place clean empty deodorant in the dry/recyclable waste bin.
Can I throw away clean empty deodorant in the trash?,You should place clean empty deodorant in the dry/recyclable waste bin.
Which bin does clean empty deodorant go into?,You should place clean empty deodorant in the dry/recyclable waste bin.
Is it okay to throw clean empty deodorant here?,You should place clean empty deodorant in the dry/recyclable waste bin.
Where do I throw my large plastic bottle?,You should place large plastic bottle in the dry/recyclable waste bin.
How do I dispose of a large plastic bottle?,You should place large plastic bottle in the dry/recyclable waste bin.
Can I throw away large plastic bottle in the trash?,You should place large plastic bottle in the dry/recyclable waste bin.
Which bin does large plastic bottle go into?,You should place large plastic bottle in the dry/recyclable waste bin.
Is it okay to throw large plastic bottle here?,You should place large plastic bottle in the dry/recyclable waste bin.
Where do I throw my large cardboard?,You should place large cardboard in the dry/recyclable waste bin.
How do I dispose of a large cardboard?,You should place large cardboard in the dry/recyclable waste bin.
Can I throw away large cardboard in the trash?,You should place large cardboard in the dry/recyclable waste bin.
Which bin does large cardboard go into?,You should place large cardboard in the dry/recyclable waste bin.
Is it okay to throw large cardboard here?,You should place large cardboard in the dry/recyclable waste bin.
Where do I throw my large newspaper?,You should place large newspaper in the dry/recyclable waste bin.
How do I dispose of a large newspaper?,You should place large newspaper in the dry/recyclable waste bin.
Can I throw away large newspaper in the trash?,You should place large newspaper in the dry/recyclable waste bin.
Which bin does large newspaper go into?,You should place large newspaper in the dry/recyclable waste bin.
Is it okay to throw large newspaper here?,You should place large newspaper in the dry/recyclable waste bin.
Where do I throw my large magazine?,You should place large magazine in the dry/recyclable waste bin.
How do I dispose of a large magazine?,You should place large magazine in the dry/recyclable waste bin.
Can I throw away large magazine in the trash?,You should place large magazine in the dry/recyclable waste bin.
Which bin does large magazine go into?,You should place large magazine in the dry/recyclable waste bin.
Is it okay to throw large magazine here?,You should place large magazine in the dry/recyclable waste bin.
Where do I throw my large glass jar?,You should place large glass jar in the dry/recyclable waste bin.
How do I dispose of a large glass jar?,You should place large glass jar in the dry/recyclable waste bin.
Can I throw away large glass jar in the trash?,You should place large glass jar in the dry/recyclable waste bin.
Which bin does large glass jar go into?,You should place large glass jar in the dry/recyclable waste bin.
Is it okay to throw large glass jar here?,You should place large glass jar in the dry/recyclable waste bin.
Where do I throw my large tin can?,You should place large tin can in the dry/recyclable waste bin.
How do I dispose of a large tin can?,You should place large tin can in the dry/recyclable waste bin.
Can I throw away large tin can in the trash?,You should place large tin can in the dry/recyclable waste bin.
Which bin does large tin can go into?,You should place large tin can in the dry/recyclable waste bin.
Is it okay to throw large tin can here?,You should place large tin can in the dry/recyclable waste bin.
Where do I throw my large aluminum foil?,You should place large aluminum foil in the dry/recyclable waste bin.
How do I dispose of a large aluminum foil?,You should place large aluminum foil in the dry/recyclable waste bin.
Can I throw away large aluminum foil in the trash?,You should place large aluminum foil in the dry/recyclable waste bin.
Which bin does large aluminum foil go into?,You should place large aluminum foil in the dry/recyclable waste bin.
Is it okay to throw large aluminum foil here?,You should place large aluminum foil in the dry/recyclable waste bin.
Where do I throw my large shampoo bottle?,You should place large shampoo bottle in the dry/recyclable waste bin.
How do I dispose of a large shampoo bottle?,You should place large shampoo bottle in the dry/recyclable waste bin.
Can I throw away large shampoo bottle in the trash?,You should place large shampoo bottle in the dry/recyclable waste bin.
Which bin does large shampoo bottle go into?,You should place large shampoo bottle in the dry/recyclable waste bin.
Is it okay to throw large shampoo bottle here?,You should place large shampoo bottle in the dry/recyclable waste bin.
Where do I throw my large milk carton?,You should place large milk carton in the dry/recyclable waste bin.
How do I dispose of a large milk carton?,You should place large milk carton in the dry/recyclable waste bin.
Can I throw away large milk carton in the trash?,You should place large milk carton in the dry/recyclable waste bin.
Which bin does large milk carton go into?,You should place large milk carton in the dry/recyclable waste bin.
Is it okay to throw large milk carton here?,You should place large milk carton in the dry/recyclable waste bin.
Where do I throw my large empty deodorant?,You should place large empty deodorant in the dry/recyclable waste bin.
How do I dispose of a large empty deodorant?,You should place large empty deodorant in the dry/recyclable waste bin.
Can I throw away large empty deodorant in the trash?,You should place large empty deodorant in the dry/recyclable waste bin.
Which bin does large empty deodorant go into?,You should place large empty deodorant in the dry/recyclable waste bin.
Is it okay to throw large empty deodorant here?,You should place large empty deodorant in the dry/recyclable waste bin.
Where do I throw my small plastic bottle?,You should place small plastic bottle in the dry/recyclable waste bin.
How do I dispose of a small plastic bottle?,You should place small plastic bottle in the dry/recyclable waste bin.
Can I throw away small plastic bottle in the trash?,You should place small plastic bottle in the dry/recyclable waste bin.
Which bin does small plastic bottle go into?,You should place small plastic bottle in the dry/recyclable waste bin.
Is it okay to throw small plastic bottle here?,You should place small plastic bottle in the dry/recyclable waste bin.
Where do I throw my small cardboard?,You should place small cardboard in the dry/recyclable waste bin.
How do I dispose of a small cardboard?,You should place small cardboard in the dry/recyclable waste bin.
Can I throw away small cardboard in the trash?,You should place small cardboard in the dry/recyclable waste bin.
Which bin does small cardboard go into?,You should place small cardboard in the dry/recyclable waste bin.
Is it okay to throw small cardboard here?,You should place small cardboard in the dry/recyclable waste bin.
Where do I throw my small newspaper?,You should place small newspaper in the dry/recyclable waste bin.
How do I dispose of a small newspaper?,You should place small newspaper in the dry/recyclable waste bin.
Can I throw away small newspaper in the trash?,You should place small newspaper in the dry/recyclable waste bin.
Which bin does small newspaper go into?,You should place small newspaper in the dry/recyclable waste bin.
Is it okay to throw small newspaper here?,You should place small newspaper in the dry/recyclable waste bin.
Where do I throw my small magazine?,You should place small magazine in the dry/recyclable waste bin.
How do I dispose of a small magazine?,You should place small magazine in the dry/recyclable waste bin.
Can I throw away small magazine in the trash?,You should place small magazine in the dry/recyclable waste bin.
Which bin does small magazine go into?,You should place small magazine in the dry/recyclable waste bin.
Is it okay to throw small magazine here?,You should place small magazine in the dry/recyclable waste bin.
Where do I throw my small glass jar?,You should place small glass jar in the dry/recyclable waste bin.
How do I dispose of a small glass jar?,You should place small glass jar in the dry/recyclable waste bin.
Can I throw away small glass jar in the trash?,You should place small glass jar in the dry/recyclable waste bin.
Which bin does small glass jar go into?,You should place small glass jar in the dry/recyclable waste bin.
Is it okay to throw small glass jar here?,You should place small glass jar in the dry/recyclable waste bin.
Where do I throw my small tin can?,You should place small tin can in the dry/recyclable waste bin.
How do I dispose of a small tin can?,You should place small tin can in the dry/recyclable waste bin.
Can I throw away small tin can in the trash?,You should place small tin can in the dry/recyclable waste bin.
Which bin does small tin can go into?,You should place small tin can in the dry/recyclable waste bin.
Is it okay to throw small tin can here?,You should place small tin can in the dry/recyclable waste bin.
Where do I throw my small aluminum foil?,You should place small aluminum foil in the dry/recyclable waste bin.
How do I dispose of a small aluminum foil?,You should place small aluminum foil in the dry/recyclable waste bin.
Can I throw away small aluminum foil in the trash?,You should place small aluminum foil in the dry/recyclable waste bin.
Which bin does small aluminum foil go into?,You should place small aluminum foil in the dry/recyclable waste bin.
Is it okay to throw small aluminum foil here?,You should place small aluminum foil in the dry/recyclable waste bin.
Where do I throw my small shampoo bottle?,You should place small shampoo bottle in the dry/recyclable waste bin.
How do I dispose of a small shampoo bottle?,You should place small shampoo bottle in the dry/recyclable waste bin.
Can I throw away small shampoo bottle in the trash?,You should place small shampoo bottle in the dry/recyclable waste bin.
Which bin does small shampoo bottle go into?,You should place small shampoo bottle in the dry/recyclable waste bin.
Is it okay to throw small shampoo bottle here?,You should place small shampoo bottle in the dry/recyclable waste bin.
Where do I throw my small milk carton?,You should place small milk carton in the dry/recyclable waste bin.
How do I dispose of a small milk carton?,You should place small milk carton in the dry/recyclable waste bin.
Can I throw away small milk carton in the trash?,You should place small milk carton in the dry/recyclable waste bin.
Which bin does small milk carton go into?,You should place small milk carton in the dry/recyclable waste bin.
Is it okay to throw small milk carton here?,You should place small milk carton in the dry/recyclable waste bin.
Where do I throw my small empty deodorant?,You should place small empty deodorant in the dry/recyclable waste bin.
How do I dispose of a small empty deodorant?,You should place small empty deodorant in the dry/recyclable waste bin.
Can I throw away small empty deodorant in the trash?,You should place small empty deodorant in the dry/recyclable waste bin.
Which bin does small empty deodorant go into?,You should place small empty deodorant in the dry/recyclable waste bin.
Is it okay to throw small empty deodorant here?,You should place small empty deodorant in the dry/recyclable waste bin.
Where do I throw my spoiled apple core?,spoiled apple core should be placed in the wet/organic waste bin for composting.
How do I dispose of a spoiled apple core?,spoiled apple core should be placed in the wet/organic waste bin for composting.
Can I throw away spoiled apple core in the trash?,spoiled apple core should be placed in the wet/organic waste bin for composting.
Which bin does spoiled apple core go into?,spoiled apple core should be placed in the wet/organic waste bin for composting.
Is it okay to throw spoiled apple core here?,spoiled apple core should be placed in the wet/organic waste bin for composting.
Where do I throw my spoiled banana peel?,spoiled banana peel should be placed in the wet/organic waste bin for composting.
How do I dispose of a spoiled banana peel?,spoiled banana peel should be placed in the wet/organic waste bin for composting.
Can I throw away spoiled banana peel in the trash?,spoiled banana peel should be placed in the wet/organic waste bin for composting.
Which bin does spoiled banana peel go into?,spoiled banana peel should be placed in the wet/organic waste bin for composting.
Is it okay to throw spoiled banana peel here?,spoiled banana peel should be placed in the wet/organic waste bin for composting.
Where do I throw my spoiled coffee grounds?,spoiled coffee grounds should be placed in the wet/organic waste bin for composting.
How do I dispose of a spoiled coffee grounds?,spoiled coffee grounds should be placed in the wet/organic waste bin for composting.
Can I throw away spoiled coffee grounds in the trash?,spoiled coffee grounds should be placed in the wet/organic waste bin for composting.
Which bin does spoiled coffee grounds go into?,spoiled coffee grounds should be placed in the wet/organic waste bin for composting.
Is it okay to throw spoiled coffee grounds here?,spoiled coffee grounds should be placed in the wet/organic waste bin for composting.
Where do I throw my spoiled tea bags?,spoiled tea bags should be placed in the wet/organic waste bin for composting.
How do I dispose of a spoiled tea bags?,spoiled tea bags should be placed in the wet/organic waste bin for composting.
Can I throw away spoiled tea bags in the trash?,spoiled tea bags should be placed in the wet/organic waste bin for composting.
Which bin does spoiled tea bags go into?,spoiled tea bags should be placed in the wet/organic waste bin for composting.
Is it okay to throw spoiled tea bags here?,spoiled tea bags should be placed in the wet/organic waste bin for composting.
Where do I throw my spoiled eggshells?,spoiled eggshells should be placed in the wet/organic waste bin for composting.
How do I dispose of a spoiled eggshells?,spoiled eggshells should be placed in the wet/organic waste bin for composting.
Can I throw away spoiled eggshells in the trash?,spoiled eggshells should be placed in the wet/organic waste bin for composting.
Which bin does spoiled eggshells go into?,spoiled eggshells should be placed in the wet/organic waste bin for composting.
Is it okay to throw spoiled eggshells here?,spoiled eggshells should be placed in the wet/organic waste bin for composting.
Where do I throw my spoiled leftover rice?,spoiled leftover rice should be placed in the wet/organic waste bin for composting.
How do I dispose of a spoiled leftover rice?,spoiled leftover rice should be placed in the wet/organic waste bin for composting.
Can I throw away spoiled leftover rice in the trash?,spoiled leftover rice should be placed in the wet/organic waste bin for composting.
Which bin does spoiled leftover rice go into?,spoiled leftover rice should be placed in the wet/organic waste bin for composting.
Is it okay to throw spoiled leftover rice here?,spoiled leftover rice should be placed in the wet/organic waste bin for composting.
Where do I throw my spoiled chicken bones?,spoiled chicken bones should be placed in the wet/organic waste bin for composting.
How do I dispose of a spoiled chicken bones?,spoiled chicken bones should be placed in the wet/organic waste bin for composting.
Can I throw away spoiled chicken bones in the trash?,spoiled chicken bones should be placed in the wet/organic waste bin for composting.
Which bin does spoiled chicken bones go into?,spoiled chicken bones should be placed in the wet/organic waste bin for composting.
Is it okay to throw spoiled chicken bones here?,spoiled chicken bones should be placed in the wet/organic waste bin for composting.
Where do I throw my spoiled vegetable scraps?,spoiled vegetable scraps should be placed in the wet/organic waste bin for composting.
How do I dispose of a spoiled vegetable scraps?,spoiled vegetable scraps should be placed in the wet/organic waste bin for composting.
Can I throw away spoiled vegetable scraps in the trash?,spoiled vegetable scraps should be placed in the wet/organic waste bin for composting.
Which bin does spoiled vegetable scraps go into?,spoiled vegetable scraps should be placed in the wet/organic waste bin for composting.
Is it okay to throw spoiled vegetable scraps here?,spoiled vegetable scraps should be placed in the wet/organic waste bin for composting.
Where do I throw my spoiled spoiled milk?,spoiled spoiled milk should be placed in the wet/organic waste bin for composting.
How do I dispose of a spoiled spoiled milk?,spoiled spoiled milk should be placed in the wet/organic waste bin for composting.
Can I throw away spoiled spoiled milk in the trash?,spoiled spoiled milk should be placed in the wet/organic waste bin for composting.
Which bin does spoiled spoiled milk go into?,spoiled spoiled milk should be placed in the wet/organic waste bin for composting.
Is it okay to throw spoiled spoiled milk here?,spoiled spoiled milk should be placed in the wet/organic waste bin for composting.
Where do I throw my spoiled rotten tomatoes?,spoiled rotten tomatoes should be placed in the wet/organic waste bin for composting.
How do I dispose of a spoiled rotten tomatoes?,spoiled rotten tomatoes should be placed in the wet/organic waste bin for composting.
Can I throw away spoiled rotten tomatoes in the trash?,spoiled rotten tomatoes should be placed in the wet/organic waste bin for composting.
Which bin does spoiled rotten tomatoes go into?,spoiled rotten tomatoes should be placed in the wet/organic waste bin for composting.
Is it okay to throw spoiled rotten tomatoes here?,spoiled rotten tomatoes should be placed in the wet/organic waste bin for composting.
Where do I throw my rotten apple core?,rotten apple core should be placed in the wet/organic waste bin for composting.
How do I dispose of a rotten apple core?,rotten apple core should be placed in the wet/organic waste bin for composting.
Can I throw away rotten apple core in the trash?,rotten apple core should be placed in the wet/organic waste bin for composting.
Which bin does rotten apple core go into?,rotten apple core should be placed in the wet/organic waste bin for composting.
Is it okay to throw rotten apple core here?,rotten apple core should be placed in the wet/organic waste bin for composting.
Where do I throw my rotten banana peel?,rotten banana peel should be placed in the wet/organic waste bin for composting.
How do I dispose of a rotten banana peel?,rotten banana peel should be placed in the wet/organic waste bin for composting.
Can I throw away rotten banana peel in the trash?,rotten banana peel should be placed in the wet/organic waste bin for composting.
Which bin does rotten banana peel go into?,rotten banana peel should be placed in the wet/organic waste bin for composting.
Is it okay to throw rotten banana peel here?,rotten banana peel should be placed in the wet/organic waste bin for composting.
Where do I throw my rotten coffee grounds?,rotten coffee grounds should be placed in the wet/organic waste bin for composting.
How do I dispose of a rotten coffee grounds?,rotten coffee grounds should be placed in the wet/organic waste bin for composting.
Can I throw away rotten coffee grounds in the trash?,rotten coffee grounds should be placed in the wet/organic waste bin for composting.
Which bin does rotten coffee grounds go into?,rotten coffee grounds should be placed in the wet/organic waste bin for composting.
Is it okay to throw rotten coffee grounds here?,rotten coffee grounds should be placed in the wet/organic waste bin for composting.
Where do I throw my rotten tea bags?,rotten tea bags should be placed in the wet/organic waste bin for composting.
How do I dispose of a rotten tea bags?,rotten tea bags should be placed in the wet/organic waste bin for composting.
Can I throw away rotten tea bags in the trash?,rotten tea bags should be placed in the wet/organic waste bin for composting.
Which bin does rotten tea bags go into?,rotten tea bags should be placed in the wet/organic waste bin for composting.
Is it okay to throw rotten tea bags here?,rotten tea bags should be placed in the wet/organic waste bin for composting.
Where do I throw my rotten eggshells?,rotten eggshells should be placed in the wet/organic waste bin for composting.
How do I dispose of a rotten eggshells?,rotten eggshells should be placed in the wet/organic waste bin for composting.
Can I throw away rotten eggshells in the trash?,rotten eggshells should be placed in the wet/organic waste bin for composting.
Which bin does rotten eggshells go into?,rotten eggshells should be placed in the wet/organic waste bin for composting.
Is it okay to throw rotten eggshells here?,rotten eggshells should be placed in the wet/organic waste bin for composting.
Where do I throw my rotten leftover rice?,rotten leftover rice should be placed in the wet/organic waste bin for composting.
How do I dispose of a rotten leftover rice?,rotten leftover rice should be placed in the wet/organic waste bin for composting.
Can I throw away rotten leftover rice in the trash?,rotten leftover rice should be placed in the wet/organic waste bin for composting.
Which bin does rotten leftover rice go into?,rotten leftover rice should be placed in the wet/organic waste bin for composting.
Is it okay to throw rotten leftover rice here?,rotten leftover rice should be placed in the wet/organic waste bin for composting.
Where do I throw my rotten chicken bones?,rotten chicken bones should be placed in the wet/organic waste bin for composting.
How do I dispose of a rotten chicken bones?,rotten chicken bones should be placed in the wet/organic waste bin for composting.
Can I throw away rotten chicken bones in the trash?,rotten chicken bones should be placed in the wet/organic waste bin for composting.
Which bin does rotten chicken bones go into?,rotten chicken bones should be placed in the wet/organic waste bin for composting.
Is it okay to throw rotten chicken bones here?,rotten chicken bones should be placed in the wet/organic waste bin for composting.
Where do I throw my rotten vegetable scraps?,rotten vegetable scraps should be placed in the wet/organic waste bin for composting.
How do I dispose of a rotten vegetable scraps?,rotten vegetable scraps should be placed in the wet/organic waste bin for composting.
Can I throw away rotten vegetable scraps in the trash?,rotten vegetable scraps should be placed in the wet/organic waste bin for composting.
Which bin does rotten vegetable scraps go into?,rotten vegetable scraps should be placed in the wet/organic waste bin for composting.
Is it okay to throw rotten vegetable scraps here?,rotten vegetable scraps should be placed in the wet/organic waste bin for composting.
Where do I throw my rotten spoiled milk?,rotten spoiled milk should be placed in the wet/organic waste bin for composting.
How do I dispose of a rotten spoiled milk?,rotten spoiled milk should be placed in the wet/organic waste bin for composting.
Can I throw away rotten spoiled milk in the trash?,rotten spoiled milk should be placed in the wet/organic waste bin for composting.
Which bin does rotten spoiled milk go into?,rotten spoiled milk should be placed in the wet/organic waste bin for composting.
Is it okay to throw rotten spoiled milk here?,rotten spoiled milk should be placed in the wet/organic waste bin for composting.
Where do I throw my rotten rotten tomatoes?,rotten rotten tomatoes should be placed in the wet/organic waste bin for composting.
How do I dispose of a rotten rotten tomatoes?,rotten rotten tomatoes should be placed in the wet/organic waste bin for composting.
Can I throw away rotten rotten tomatoes in the trash?,rotten rotten tomatoes should be placed in the wet/organic waste bin for composting.
Which bin does rotten rotten tomatoes go into?,rotten rotten tomatoes should be placed in the wet/organic waste bin for composting.
Is it okay to throw rotten rotten tomatoes here?,rotten rotten tomatoes should be placed in the wet/organic waste bin for composting.
Where do I throw my fresh apple core?,fresh apple core should be placed in the wet/organic waste bin for composting.
How do I dispose of a fresh apple core?,fresh apple core should be placed in the wet/organic waste bin for composting.
Can I throw away fresh apple core in the trash?,fresh apple core should be placed in the wet/organic waste bin for composting.
Which bin does fresh apple core go into?,fresh apple core should be placed in the wet/organic waste bin for composting.
Is it okay to throw fresh apple core here?,fresh apple core should be placed in the wet/organic waste bin for composting.
Where do I throw my fresh banana peel?,fresh banana peel should be placed in the wet/organic waste bin for composting.
How do I dispose of a fresh banana peel?,fresh banana peel should be placed in the wet/organic waste bin for composting.
Can I throw away fresh banana peel in the trash?,fresh banana peel should be placed in the wet/organic waste bin for composting.
Which bin does fresh banana peel go into?,fresh banana peel should be placed in the wet/organic waste bin for composting.
Is it okay to throw fresh banana peel here?,fresh banana peel should be placed in the wet/organic waste bin for composting.
Where do I throw my fresh coffee grounds?,fresh coffee grounds should be placed in the wet/organic waste bin for composting.
How do I dispose of a fresh coffee grounds?,fresh coffee grounds should be placed in the wet/organic waste bin for composting.
Can I throw away fresh coffee grounds in the trash?,fresh coffee grounds should be placed in the wet/organic waste bin for composting.
Which bin does fresh coffee grounds go into?,fresh coffee grounds should be placed in the wet/organic waste bin for composting.
Is it okay to throw fresh coffee grounds here?,fresh coffee grounds should be placed in the wet/organic waste bin for composting.
Where do I throw my fresh tea bags?,fresh tea bags should be placed in the wet/organic waste bin for composting.
How do I dispose of a fresh tea bags?,fresh tea bags should be placed in the wet/organic waste bin for composting.
Can I throw away fresh tea bags in the trash?,fresh tea bags should be placed in the wet/organic waste bin for composting.
Which bin does fresh tea bags go into?,fresh tea bags should be placed in the wet/organic waste bin for composting.
Is it okay to throw fresh tea bags here?,fresh tea bags should be placed in the wet/organic waste bin for composting.
Where do I throw my fresh eggshells?,fresh eggshells should be placed in the wet/organic waste bin for composting.
How do I dispose of a fresh eggshells?,fresh eggshells should be placed in the wet/organic waste bin for composting.
Can I throw away fresh eggshells in the trash?,fresh eggshells should be placed in the wet/organic waste bin for composting.
Which bin does fresh eggshells go into?,fresh eggshells should be placed in the wet/organic waste bin for composting.
Is it okay to throw fresh eggshells here?,fresh eggshells should be placed in the wet/organic waste bin for composting.
Where do I throw my fresh leftover rice?,fresh leftover rice should be placed in the wet/organic waste bin for composting.
How do I dispose of a fresh leftover rice?,fresh leftover rice should be placed in the wet/organic waste bin for composting.
Can I throw away fresh leftover rice in the trash?,fresh leftover rice should be placed in the wet/organic waste bin for composting.
Which bin does fresh leftover rice go into?,fresh leftover rice should be placed in the wet/organic waste bin for composting.
Is it okay to throw fresh leftover rice here?,fresh leftover rice should be placed in the wet/organic waste bin for composting.
Where do I throw my fresh chicken bones?,fresh chicken bones should be placed in the wet/organic waste bin for composting.
How do I dispose of a fresh chicken bones?,fresh chicken bones should be placed in the wet/organic waste bin for composting.
Can I throw away fresh chicken bones in the trash?,fresh chicken bones should be placed in the wet/organic waste bin for composting.
Which bin does fresh chicken bones go into?,fresh chicken bones should be placed in the wet/organic waste bin for composting.
Is it okay to throw fresh chicken bones here?,fresh chicken bones should be placed in the wet/organic waste bin for composting.
Where do I throw my fresh vegetable scraps?,fresh vegetable scraps should be placed in the wet/organic waste bin for composting.
How do I dispose of a fresh vegetable scraps?,fresh vegetable scraps should be placed in the wet/organic waste bin for composting.
Can I throw away fresh vegetable scraps in the trash?,fresh vegetable scraps should be placed in the wet/organic waste bin for composting.
Which bin does fresh vegetable scraps go into?,fresh vegetable scraps should be placed in the wet/organic waste bin for composting.
Is it okay to throw fresh vegetable scraps here?,fresh vegetable scraps should be placed in the wet/organic waste bin for composting.
Where do I throw my fresh spoiled milk?,fresh spoiled milk should be placed in the wet/organic waste bin for composting.
How do I dispose of a fresh spoiled milk?,fresh spoiled milk should be placed in the wet/organic waste bin for composting.
Can I throw away fresh spoiled milk in the trash?,fresh spoiled milk should be placed in the wet/organic waste bin for composting.
Which bin does fresh spoiled milk go into?,fresh spoiled milk should be placed in the wet/organic waste bin for composting.
Is it okay to throw fresh spoiled milk here?,fresh spoiled milk should be placed in the wet/organic waste bin for composting.
Where do I throw my fresh rotten tomatoes?,fresh rotten tomatoes should be placed in the wet/organic waste bin for composting.
How do I dispose of a fresh rotten tomatoes?,fresh rotten tomatoes should be placed in the wet/organic waste bin for composting.
Can I throw away fresh rotten tomatoes in the trash?,fresh rotten tomatoes should be placed in the wet/organic waste bin for composting.
Which bin does fresh rotten tomatoes go into?,fresh rotten tomatoes should be placed in the wet/organic waste bin for composting.
Is it okay to throw fresh rotten tomatoes here?,fresh rotten tomatoes should be placed in the wet/organic waste bin for composting.
Where do I throw my smelly apple core?,smelly apple core should be placed in the wet/organic waste bin for composting.
How do I dispose of a smelly apple core?,smelly apple core should be placed in the wet/organic waste bin for composting.
Can I throw away smelly apple core in the trash?,smelly apple core should be placed in the wet/organic waste bin for composting.
Which bin does smelly apple core go into?,smelly apple core should be placed in the wet/organic waste bin for composting.
Is it okay to throw smelly apple core here?,smelly apple core should be placed in the wet/organic waste bin for composting.
Where do I throw my smelly banana peel?,smelly banana peel should be placed in the wet/organic waste bin for composting.
How do I dispose of a smelly banana peel?,smelly banana peel should be placed in the wet/organic waste bin for composting.
Can I throw away smelly banana peel in the trash?,smelly banana peel should be placed in the wet/organic waste bin for composting.
Which bin does smelly banana peel go into?,smelly banana peel should be placed in the wet/organic waste bin for composting.
Is it okay to throw smelly banana peel here?,smelly banana peel should be placed in the wet/organic waste bin for composting.
Where do I throw my smelly coffee grounds?,smelly coffee grounds should be placed in the wet/organic waste bin for composting.
How do I dispose of a smelly coffee grounds?,smelly coffee grounds should be placed in the wet/organic waste bin for composting.
Can I throw away smelly coffee grounds in the trash?,smelly coffee grounds should be placed in the wet/organic waste bin for composting.
Which bin does smelly coffee grounds go into?,smelly coffee grounds should be placed in the wet/organic waste bin for composting.
Is it okay to throw smelly coffee grounds here?,smelly coffee grounds should be placed in the wet/organic waste bin for composting.
Where do I throw my smelly tea bags?,smelly tea bags should be placed in the wet/organic waste bin for composting.
How do I dispose of a smelly tea bags?,smelly tea bags should be placed in the wet/organic waste bin for composting.
Can I throw away smelly tea bags in the trash?,smelly tea bags should be placed in the wet/organic waste bin for composting.
Which bin does smelly tea bags go into?,smelly tea bags should be placed in the wet/organic waste bin for composting.
Is it okay to throw smelly tea bags here?,smelly tea bags should be placed in the wet/organic waste bin for composting.
Where do I throw my smelly eggshells?,smelly eggshells should be placed in the wet/organic waste bin for composting.
How do I dispose of a smelly eggshells?,smelly eggshells should be placed in the wet/organic waste bin for composting.
Can I throw away smelly eggshells in the trash?,smelly eggshells should be placed in the wet/organic waste bin for composting.
Which bin does smelly eggshells go into?,smelly eggshells should be placed in the wet/organic waste bin for composting.
Is it okay to throw smelly eggshells here?,smelly eggshells should be placed in the wet/organic waste bin for composting.
Where do I throw my smelly leftover rice?,smelly leftover rice should be placed in the wet/organic waste bin for composting.
How do I dispose of a smelly leftover rice?,smelly leftover rice should be placed in the wet/organic waste bin for composting.
Can I throw away smelly leftover rice in the trash?,smelly leftover rice should be placed in the wet/organic waste bin for composting.
Which bin does smelly leftover rice go into?,smelly leftover rice should be placed in the wet/organic waste bin for composting.
Is it okay to throw smelly leftover rice here?,smelly leftover rice should be placed in the wet/organic waste bin for composting.
Where do I throw my smelly chicken bones?,smelly chicken bones should be placed in the wet/organic waste bin for composting.
How do I dispose of a smelly chicken bones?,smelly chicken bones should be placed in the wet/organic waste bin for composting.
Can I throw away smelly chicken bones in the trash?,smelly chicken bones should be placed in the wet/organic waste bin for composting.
Which bin does smelly chicken bones go into?,smelly chicken bones should be placed in the wet/organic waste bin for composting.
Is it okay to throw smelly chicken bones here?,smelly chicken bones should be placed in the wet/organic waste bin for composting.
Where do I throw my smelly vegetable scraps?,smelly vegetable scraps should be placed in the wet/organic waste bin for composting.
How do I dispose of a smelly vegetable scraps?,smelly vegetable scraps should be placed in the wet/organic waste bin for composting.
Can I throw away smelly vegetable scraps in the trash?,smelly vegetable scraps should be placed in the wet/organic waste bin for composting.
Which bin does smelly vegetable scraps go into?,smelly vegetable scraps should be placed in the wet/organic waste bin for composting.
Is it okay to throw smelly vegetable scraps here?,smelly vegetable scraps should be placed in the wet/organic waste bin for composting.
Where do I throw my smelly spoiled milk?,smelly spoiled milk should be placed in the wet/organic waste bin for composting.
How do I dispose of a smelly spoiled milk?,smelly spoiled milk should be placed in the wet/organic waste bin for composting.
Can I throw away smelly spoiled milk in the trash?,smelly spoiled milk should be placed in the wet/organic waste bin for composting.
Which bin does smelly spoiled milk go into?,smelly spoiled milk should be placed in the wet/organic waste bin for composting.
Is it okay to throw smelly spoiled milk here?,smelly spoiled milk should be placed in the wet/organic waste bin for composting.
Where do I throw my smelly rotten tomatoes?,smelly rotten tomatoes should be placed in the wet/organic waste bin for composting.
How do I dispose of a smelly rotten tomatoes?,smelly rotten tomatoes should be placed in the wet/organic waste bin for composting.
Can I throw away smelly rotten tomatoes in the trash?,smelly rotten tomatoes should be placed in the wet/organic waste bin for composting.
Which bin does smelly rotten tomatoes go into?,smelly rotten tomatoes should be placed in the wet/organic waste bin for composting.
Is it okay to throw smelly rotten tomatoes here?,smelly rotten tomatoes should be placed in the wet/organic waste bin for composting.
Where do I throw my leftover apple core?,leftover apple core should be placed in the wet/organic waste bin for composting.
How do I dispose of a leftover apple core?,leftover apple core should be placed in the wet/organic waste bin for composting.
Can I throw away leftover apple core in the trash?,leftover apple core should be placed in the wet/organic waste bin for composting.
Which bin does leftover apple core go into?,leftover apple core should be placed in the wet/organic waste bin for composting.
Is it okay to throw leftover apple core here?,leftover apple core should be placed in the wet/organic waste bin for composting.
Where do I throw my leftover banana peel?,leftover banana peel should be placed in the wet/organic waste bin for composting.
How do I dispose of a leftover banana peel?,leftover banana peel should be placed in the wet/organic waste bin for composting.
Can I throw away leftover banana peel in the trash?,leftover banana peel should be placed in the wet/organic waste bin for composting.
Which bin does leftover banana peel go into?,leftover banana peel should be placed in the wet/organic waste bin for composting.
Is it okay to throw leftover banana peel here?,leftover banana peel should be placed in the wet/organic waste bin for composting.
Where do I throw my leftover coffee grounds?,leftover coffee grounds should be placed in the wet/organic waste bin for composting.
How do I dispose of a leftover coffee grounds?,leftover coffee grounds should be placed in the wet/organic waste bin for composting.
Can I throw away leftover coffee grounds in the trash?,leftover coffee grounds should be placed in the wet/organic waste bin for composting.
Which bin does leftover coffee grounds go into?,leftover coffee grounds should be placed in the wet/organic waste bin for composting.
Is it okay to throw leftover coffee grounds here?,leftover coffee grounds should be placed in the wet/organic waste bin for composting.
Where do I throw my leftover tea bags?,leftover tea bags should be placed in the wet/organic waste bin for composting.
How do I dispose of a leftover tea bags?,leftover tea bags should be placed in the wet/organic waste bin for composting.
Can I throw away leftover tea bags in the trash?,leftover tea bags should be placed in the wet/organic waste bin for composting.
Which bin does leftover tea bags go into?,leftover tea bags should be placed in the wet/organic waste bin for composting.
Is it okay to throw leftover tea bags here?,leftover tea bags should be placed in the wet/organic waste bin for composting.
Where do I throw my leftover eggshells?,leftover eggshells should be placed in the wet/organic waste bin for composting.
How do I dispose of a leftover eggshells?,leftover eggshells should be placed in the wet/organic waste bin for composting.
Can I throw away leftover eggshells in the trash?,leftover eggshells should be placed in the wet/organic waste bin for composting.
Which bin does leftover eggshells go into?,leftover eggshells should be placed in the wet/organic waste bin for composting.
Is it okay to throw leftover eggshells here?,leftover eggshells should be placed in the wet/organic waste bin for composting.
Where do I throw my leftover leftover rice?,leftover leftover rice should be placed in the wet/organic waste bin for composting.
How do I dispose of a leftover leftover rice?,leftover leftover rice should be placed in the wet/organic waste bin for composting.
Can I throw away leftover leftover rice in the trash?,leftover leftover rice should be placed in the wet/organic waste bin for composting.
Which bin does leftover leftover rice go into?,leftover leftover rice should be placed in the wet/organic waste bin for composting.
Is it okay to throw leftover leftover rice here?,leftover leftover rice should be placed in the wet/organic waste bin for composting.
Where do I throw my leftover chicken bones?,leftover chicken bones should be placed in the wet/organic waste bin for composting.
How do I dispose of a leftover chicken bones?,leftover chicken bones should be placed in the wet/organic waste bin for composting.
Can I throw away leftover chicken bones in the trash?,leftover chicken bones should be placed in the wet/organic waste bin for composting.
Which bin does leftover chicken bones go into?,leftover chicken bones should be placed in the wet/organic waste bin for composting.
Is it okay to throw leftover chicken bones here?,leftover chicken bones should be placed in the wet/organic waste bin for composting.
Where do I throw my leftover vegetable scraps?,leftover vegetable scraps should be placed in the wet/organic waste bin for composting.
How do I dispose of a leftover vegetable scraps?,leftover vegetable scraps should be placed in the wet/organic waste bin for composting.
Can I throw away leftover vegetable scraps in the trash?,leftover vegetable scraps should be placed in the wet/organic waste bin for composting.
Which bin does leftover vegetable scraps go into?,leftover vegetable scraps should be placed in the wet/organic waste bin for composting.
Is it okay to throw leftover vegetable scraps here?,leftover vegetable scraps should be placed in the wet/organic waste bin for composting.
Where do I throw my leftover spoiled milk?,leftover spoiled milk should be placed in the wet/organic waste bin for composting.
How do I dispose of a leftover spoiled milk?,leftover spoiled milk should be placed in the wet/organic waste bin for composting.
Can I throw away leftover spoiled milk in the trash?,leftover spoiled milk should be placed in the wet/organic waste bin for composting.
Which bin does leftover spoiled milk go into?,leftover spoiled milk should be placed in the wet/organic waste bin for composting.
Is it okay to throw leftover spoiled milk here?,leftover spoiled milk should be placed in the wet/organic waste bin for composting.
Where do I throw my leftover rotten tomatoes?,leftover rotten tomatoes should be placed in the wet/organic waste bin for composting.
How do I dispose of a leftover rotten tomatoes?,leftover rotten tomatoes should be placed in the wet/organic waste bin for composting.
Can I throw away leftover rotten tomatoes in the trash?,leftover rotten tomatoes should be placed in the wet/organic waste bin for composting.
Which bin does leftover rotten tomatoes go into?,leftover rotten tomatoes should be placed in the wet/organic waste bin for composting.
Is it okay to throw leftover rotten tomatoes here?,leftover rotten tomatoes should be placed in the wet/organic waste bin for composting.
Near the park is very dirty,Please use the dashboard to report the area around the park.
Clean up the park,Authorities will dispatch a crew to the park if a report is submitted!
Near the river is very dirty,Please use the dashboard to report the area around the river.
Clean up the river,Authorities will dispatch a crew to the river if a report is submitted!
Near the street is very dirty,Please use the dashboard to report the area around the street.
Clean up the street,Authorities will dispatch a crew to the street if a report is submitted!
Near the highway is very dirty,Please use the dashboard to report the area around the highway.
Clean up the highway,Authorities will dispatch a crew to the highway if a report is submitted!
Near the alley is very dirty,Please use the dashboard to report the area around the alley.
Clean up the alley,Authorities will dispatch a crew to the alley if a report is submitted!
Near the forest is very dirty,Please use the dashboard to report the area around the forest.
Clean up the forest,Authorities will dispatch a crew to the forest if a report is submitted!
Near the empty lot is very dirty,Please use the dashboard to report the area around the empty lot.
Clean up the empty lot,Authorities will dispatch a crew to the empty lot if a report is submitted!
Near the backyard is very dirty,Please use the dashboard to report the area around the backyard.
Clean up the backyard,Authorities will dispatch a crew to the backyard if a report is submitted!
Near the construction site is very dirty,Please use the dashboard to report the area around the construction site.
Clean up the construction site,Authorities will dispatch a crew to the construction site if a report is submitted!
Near the beach is very dirty,Please use the dashboard to report the area around the beach.
Clean up the beach,Authorities will dispatch a crew to the beach if a report is submitted!
Near the lake is very dirty,Please use the dashboard to report the area around the lake.
Clean up the lake,Authorities will dispatch a crew to the lake if a report is submitted!
Near the parking lot is very dirty,Please use the dashboard to report the area around the parking lot.
Clean up the parking lot,Authorities will dispatch a crew to the parking lot if a report is submitted!
Near the school is very dirty,Please use the dashboard to report the area around the school.
Clean up the school,Authorities will dispatch a crew to the school if a report is submitted!
Near the hospital is very dirty,Please use the dashboard to report the area around the hospital.
Clean up the hospital,Authorities will dispatch a crew to the hospital if a report is submitted!
Near the supermarket is very dirty,Please use the dashboard to report the area around the supermarket.
Clean up the supermarket,Authorities will dispatch a crew to the supermarket if a report is submitted!
Near the bus stop is very dirty,Please use the dashboard to report the area around the bus stop.
Clean up the bus stop,Authorities will dispatch a crew to the bus stop if a report is submitted!
Question about plastic cup 3fa550,"To dispose of plastic cup, please use the dry waste recycling bin."
Question about magazine 945554,"To dispose of magazine, please use the dry waste recycling bin."
Question about beer can 910fb3,"To dispose of beer can, please use the dry waste recycling bin."
Question about tin can 6b39fa,"To dispose of tin can, please use the dry waste recycling bin."
Question about cereal box e52e13,"To dispose of cereal box, please use the dry waste recycling bin."
Question about plastic container 1af0f2,"To dispose of plastic container, please use the dry waste recycling bin."
Question about shampoo bottle 161435,"To dispose of shampoo bottle, please use the dry waste recycling bin."
Question about tin can e79715,"To dispose of tin can, please use the dry waste recycling bin."
Question about metal lid 217e43,"To dispose of metal lid, please use the dry waste recycling bin."
Question about beer can 5bf21a,"To dispose of beer can, please use the dry waste recycling bin."
Question about soda can bb730d,"To dispose of soda can, please use the dry waste recycling bin."
Question about beer can 904545,"To dispose of beer can, please use the dry waste recycling bin."
Question about empty deodorant 4b744a,"To dispose of empty deodorant, please use the dry waste recycling bin."
Question about wrapping paper 422753,"To dispose of wrapping paper, please use the dry waste recycling bin."
Question about plastic cup e43fea,"To dispose of plastic cup, please use the dry waste recycling bin."
Question about shampoo bottle cadee1,"To dispose of shampoo bottle, please use the dry waste recycling bin."
Question about plastic cup 016d51,"To dispose of plastic cup, please use the dry waste recycling bin."
Question about shampoo bottle 34ca1f,"To dispose of shampoo bottle, please use the dry waste recycling bin."
Question about plastic cup 47c7ec,"To dispose of plastic cup, please use the dry waste recycling bin."
Question about pizza box (clean) d0ef5e,"To dispose of pizza box (clean), please use the dry waste recycling bin."
Question about aluminum foil 7cb8a5,"To dispose of aluminum foil, please use the dry waste recycling bin."
Question about wine bottle 257b77,"To dispose of wine bottle, please use the dry waste recycling bin."
Question about junk mail 1118ea,"To dispose of junk mail, please use the dry waste recycling bin."
Question about empty deodorant 7e357e,"To dispose of empty deodorant, please use the dry waste recycling bin."
Question about office paper 5d7bc2,"To dispose of office paper, please use the dry waste recycling bin."
Question about tin can 9a5537,"To dispose of tin can, please use the dry waste recycling bin."
Question about cardboard 5a5ed1,"To dispose of cardboard, please use the dry waste recycling bin."
Question about office paper e97dd8,"To dispose of office paper, please use the dry waste recycling bin."
Question about metal lid b86b47,"To dispose of metal lid, please use the dry waste recycling bin."
Question about milk carton 2434d1,"To dispose of milk carton, please use the dry waste recycling bin."
Question about aluminum foil 60d77c,"To dispose of aluminum foil, please use the dry waste recycling bin."
Question about cereal box a202e3,"To dispose of cereal box, please use the dry waste recycling bin."
Question about milk carton 463986,"To dispose of milk carton, please use the dry waste recycling bin."
Question about cookie box 7c99b3,"To dispose of cookie box, please use the dry waste recycling bin."
Question about cardboard fc4176,"To dispose of cardboard, please use the dry waste recycling bin."
Question about wine bottle eedaa5,"To dispose of wine bottle, please use the dry waste recycling bin."
Question about soda can 212fa4,"To dispose of soda can, please use the dry waste recycling bin."
Question about pizza box (clean) a7e628,"To dispose of pizza box (clean), please use the dry waste recycling bin."
Question about broken glass 345bcb,"To dispose of broken glass, please use the dry waste recycling bin."
Question about glass jar 96d509,"To dispose of glass jar, please use the dry waste recycling bin."
Question about empty deodorant ae0764,"To dispose of empty deodorant, please use the dry waste recycling bin."
Question about plastic container 00c28e,"To dispose of plastic container, please use the dry waste recycling bin."
Question about broken glass adfcf8,"To dispose of broken glass, please use the dry waste recycling bin."
Question about aluminum foil 48d2b4,"To dispose of aluminum foil, please use the dry waste recycling bin."
Question about detergent bottle 3ff63f,"To dispose of detergent bottle, please use the dry waste recycling bin."
Question about magazine 7eec2d,"To dispose of magazine, please use the dry waste recycling bin."
Question about office paper 0bb93a,"To dispose of office paper, please use the dry waste recycling bin."
Question about plastic bottle e2bf07,"To dispose of plastic bottle, please use the dry waste recycling bin."
Question about plastic container 51449d,"To dispose of plastic container, please use the dry waste recycling bin."
Question about plastic cup e72d98,"To dispose of plastic cup, please use the dry waste recycling bin."
Question about empty deodorant d77c42,"To dispose of empty deodorant, please use the dry waste recycling bin."
Question about aluminum foil fded0b,"To dispose of aluminum foil, please use the dry waste recycling bin."
Question about pizza box (clean) aa2bf5,"To dispose of pizza box (clean), please use the dry waste recycling bin."
Question about milk carton 7443f2,"To dispose of milk carton, please use the dry waste recycling bin."
Question about cookie box 7e8526,"To dispose of cookie box, please use the dry waste recycling bin."
Question about detergent bottle b03b1f,"To dispose of detergent bottle, please use the dry waste recycling bin."
Question about shampoo bottle 64fe2d,"To dispose of shampoo bottle, please use the dry waste recycling bin."
Question about wrapping paper 524b60,"To dispose of wrapping paper, please use the dry waste recycling bin."
Question about soda can 5b97fc,"To dispose of soda can, please use the dry waste recycling bin."
Question about metal lid 3bb339,"To dispose of metal lid, please use the dry waste recycling bin."
Question about plastic cup e2e01a,"To dispose of plastic cup, please use the dry waste recycling bin."
Question about milk carton 8ef510,"To dispose of milk carton, please use the dry waste recycling bin."
Question about magazine 23c6f8,"To dispose of magazine, please use the dry waste recycling bin."
Question about paper bag 563ff7,"To dispose of paper bag, please use the dry waste recycling bin."
Question about newspaper 45bf40,"To dispose of newspaper, please use the dry waste recycling bin."
Question about cookie box 6c41f2,"To dispose of cookie box, please use the dry waste recycling bin."
Question about pizza box (clean) 8ab58b,"To dispose of pizza box (clean), please use the dry waste recycling bin."
Question about newspaper be82d5,"To dispose of newspaper, please use the dry waste recycling bin."
Question about metal lid 9b6ca7,"To dispose of metal lid, please use the dry waste recycling bin."
Question about cereal box ff34ea,"To dispose of cereal box, please use the dry waste recycling bin."
Question about cardboard 96b35a,"To dispose of cardboard, please use the dry waste recycling bin."
Question about shampoo bottle 06d2e0,"To dispose of shampoo bottle, please use the dry waste recycling bin."
Question about soda can bb0d89,"To dispose of soda can, please use the dry waste recycling bin."
Question about metal lid 876493,"To dispose of metal lid, please use the dry waste recycling bin."
Question about cardboard e98bb9,"To dispose of cardboard, please use the dry waste recycling bin."
Question about beer can fa7059,"To dispose of beer can, please use the dry waste recycling bin."
Question about plastic container 5ee0d2,"To dispose of plastic container, please use the dry waste recycling bin."
Question about milk carton f56214,"To dispose of milk carton, please use the dry waste recycling bin."
Question about shampoo bottle e2857f,"To dispose of shampoo bottle, please use the dry waste recycling bin."
Question about paper bag dfac1c,"To dispose of paper bag, please use the dry waste recycling bin."
Question about aluminum foil 170287,"To dispose of aluminum foil, please use the dry waste recycling bin."
Question about shampoo bottle bc6110,"To dispose of shampoo bottle, please use the dry waste recycling bin."
Question about cardboard 175c1f,"To dispose of cardboard, please use the dry waste recycling bin."
Question about wine bottle b4edb2,"To dispose of wine bottle, please use the dry waste recycling bin."
Question about soda can 239cbd,"To dispose of soda can, please use the dry waste recycling bin."
Question about beer can 89afb6,"To dispose of beer can, please use the dry waste recycling bin."
Question about plastic cup 726bd4,"To dispose of plastic cup, please use the dry waste recycling bin."
Question about metal lid e17840,"To dispose of metal lid, please use the dry waste recycling bin."
Question about cereal box 3bac00,"To dispose of cereal box, please use the dry waste recycling bin."
Question about plastic bottle 33f342,"To dispose of plastic bottle, please use the dry waste recycling bin."
Question about detergent bottle 4ee4f0,"To dispose of detergent bottle, please use the dry waste recycling bin."
Question about cookie box ce15bb,"To dispose of cookie box, please use the dry waste recycling bin."
Question about empty deodorant cf50af,"To dispose of empty deodorant, please use the dry waste recycling bin."
Question about broken glass 942ed7,"To dispose of broken glass, please use the dry waste recycling bin."
Question about cookie box 6a7725,"To dispose of cookie box, please use the dry waste recycling bin."
Question about milk carton 156913,"To dispose of milk carton, please use the dry waste recycling bin."
Question about broken glass 638519,"To dispose of broken glass, please use the dry waste recycling bin."
Question about office paper ec4283,"To dispose of office paper, please use the dry waste recycling bin."
Question about cereal box a9b97c,"To dispose of cereal box, please use the dry waste recycling bin."
Question about pizza box (clean) 41e68c,"To dispose of pizza box (clean), please use the dry waste recycling bin."
Question about junk mail 610746,"To dispose of junk mail, please use the dry waste recycling bin."
Question about magazine 5a7745,"To dispose of magazine, please use the dry waste recycling bin."
Question about aluminum foil 54055b,"To dispose of aluminum foil, please use the dry waste recycling bin."
Question about soda can d4d9db,"To dispose of soda can, please use the dry waste recycling bin."
Question about pizza box (clean) 413a28,"To dispose of pizza box (clean), please use the dry waste recycling bin."
Question about office paper 12e74e,"To dispose of office paper, please use the dry waste recycling bin."
Question about cookie box a5d8cc,"To dispose of cookie box, please use the dry waste recycling bin."
Question about wrapping paper bf4de5,"To dispose of wrapping paper, please use the dry waste recycling bin."
Question about empty deodorant 960194,"To dispose of empty deodorant, please use the dry waste recycling bin."
Question about aluminum foil c6df77,"To dispose of aluminum foil, please use the dry waste recycling bin."
Question about glass jar 6c08f8,"To dispose of glass jar, please use the dry waste recycling bin."
Question about plastic container c0ffc1,"To dispose of plastic container, please use the dry waste recycling bin."
Question about cereal box bb9d05,"To dispose of cereal box, please use the dry waste recycling bin."
Question about newspaper 29f456,"To dispose of newspaper, please use the dry waste recycling bin."
Question about cardboard a09229,"To dispose of cardboard, please use the dry waste recycling bin."
Question about glass jar fcfcf7,"To dispose of glass jar, please use the dry waste recycling bin."
Question about tin can eb9604,"To dispose of tin can, please use the dry waste recycling bin."
Question about empty deodorant 95c5fb,"To dispose of empty deodorant, please use the dry waste recycling bin."
Question about glass jar eec5dd,"To dispose of glass jar, please use the dry waste recycling bin."
Question about tin can 75715a,"To dispose of tin can, please use the dry waste recycling bin."
Question about cookie box bdd676,"To dispose of cookie box, please use the dry waste recycling bin."
Question about metal lid 168b2d,"To dispose of metal lid, please use the dry waste recycling bin."
Question about soda can 3394ef,"To dispose of soda can, please use the dry waste recycling bin."
Question about milk carton 98eefd,"To dispose of milk carton, please use the dry waste recycling bin."
Question about milk carton 808de0,"To dispose of milk carton, please use the dry waste recycling bin."
Question about wine bottle 26050b,"To dispose of wine bottle, please use the dry waste recycling bin."
Question about shampoo bottle cabda0,"To dispose of shampoo bottle, please use the dry waste recycling bin."
Question about soda can 85f0b9,"To dispose of soda can, please use the dry waste recycling bin."
Question about detergent bottle 1a1ee4,"To dispose of detergent bottle, please use the dry waste recycling bin."
Question about wine bottle 81173e,"To dispose of wine bottle, please use the dry waste recycling bin."
Question about plastic bottle bebddc,"To dispose of plastic bottle, please use the dry waste recycling bin."
Question about magazine a1aca5,"To dispose of magazine, please use the dry waste recycling bin."
Question about magazine 7ae8a9,"To dispose of magazine, please use the dry waste recycling bin."
Question about wine bottle 20dc9d,"To dispose of wine bottle, please use the dry waste recycling bin."
Question about cereal box 67ea28,"To dispose of cereal box, please use the dry waste recycling bin."
Question about pizza box (clean) e126b2,"To dispose of pizza box (clean), please use the dry waste recycling bin."
Question about wine bottle c451c2,"To dispose of wine bottle, please use the dry waste recycling bin."
Question about milk carton 4d410a,"To dispose of milk carton, please use the dry waste recycling bin."
Question about broken glass 0229ba,"To dispose of broken glass, please use the dry waste recycling bin."
Question about newspaper 6b96bf,"To dispose of newspaper, please use the dry waste recycling bin."
Question about wine bottle 8cefb2,"To dispose of wine bottle, please use the dry waste recycling bin."
Question about beer can ebd2aa,"To dispose of beer can, please use the dry waste recycling bin."
Question about aluminum foil 681e0d,"To dispose of aluminum foil, please use the dry waste recycling bin."
Question about aluminum foil d0a657,"To dispose of aluminum foil, please use the dry waste recycling bin."
Question about detergent bottle b315dd,"To dispose of detergent bottle, please use the dry waste recycling bin."
Question about pizza box (clean) 9944d2,"To dispose of pizza box (clean), please use the dry waste recycling bin."
Question about cookie box 309a9a,"To dispose of cookie box, please use the dry waste recycling bin."
Question about shampoo bottle 55d610,"To dispose of shampoo bottle, please use the dry waste recycling bin."
Question about office paper 3b57f7,"To dispose of office paper, please use the dry waste recycling bin."
Question about paper bag 561fd8,"To dispose of paper bag, please use the dry waste recycling bin."
Question about broken glass fc4fef,"To dispose of broken glass, please use the dry waste recycling bin."
Question about junk mail 1b39c3,"To dispose of junk mail, please use the dry waste recycling bin."
Question about office paper a54fb9,"To dispose of office paper, please use the dry waste recycling bin."
Question about glass jar 475174,"To dispose of glass jar, please use the dry waste recycling bin."
Question about wine bottle 097b3d,"To dispose of wine bottle, please use the dry waste recycling bin."
Question about office paper 21fff9,"To dispose of office paper, please use the dry waste recycling bin."
Question about magazine b03315,"To dispose of magazine, please use the dry waste recycling bin."
Question about plastic container 607d92,"To dispose of plastic container, please use the dry waste recycling bin."
Question about pizza box (clean) f6c19e,"To dispose of pizza box (clean), please use the dry waste recycling bin."
Question about pizza box (clean) 1dd38a,"To dispose of pizza box (clean), please use the dry waste recycling bin."
Question about milk carton a5e6cb,"To dispose of milk carton, please use the dry waste recycling bin."
Question about shampoo bottle 960e79,"To dispose of shampoo bottle, please use the dry waste recycling bin."
Question about wine bottle 7c8805,"To dispose of wine bottle, please use the dry waste recycling bin."
Question about cookie box 08b305,"To dispose of cookie box, please use the dry waste recycling bin."
Question about broken glass cff2fc,"To dispose of broken glass, please use the dry waste recycling bin."
Question about empty deodorant 98a59c,"To dispose of empty deodorant, please use the dry waste recycling bin."
Question about metal lid f7f8c2,"To dispose of metal lid, please use the dry waste recycling bin."
Question about soda can 963ac8,"To dispose of soda can, please use the dry waste recycling bin."
Question about office paper 3ed661,"To dispose of office paper, please use the dry waste recycling bin."
Question about aluminum foil ddc05b,"To dispose of aluminum foil, please use the dry waste recycling bin."
Question about junk mail 4ebdc0,"To dispose of junk mail, please use the dry waste recycling bin."
Question about aluminum foil 0d17be,"To dispose of aluminum foil, please use the dry waste recycling bin."
Question about broken glass de47d0,"To dispose of broken glass, please use the dry waste recycling bin."
Question about glass jar 418635,"To dispose of glass jar, please use the dry waste recycling bin."
Question about aluminum foil 153c76,"To dispose of aluminum foil, please use the dry waste recycling bin."
Question about milk carton 0b2e6d,"To dispose of milk carton, please use the dry waste recycling bin."
Question about wine bottle e662da,"To dispose of wine bottle, please use the dry waste recycling bin."
Question about paper bag 2e540a,"To dispose of paper bag, please use the dry waste recycling bin."
Question about milk carton e907bc,"To dispose of milk carton, please use the dry waste recycling bin."
Question about metal lid 7e2980,"To dispose of metal lid, please use the dry waste recycling bin."
Question about junk mail 6ccfe0,"To dispose of junk mail, please use the dry waste recycling bin."
Question about newspaper d48ffc,"To dispose of newspaper, please use the dry waste recycling bin."
Question about cardboard 4c646d,"To dispose of cardboard, please use the dry waste recycling bin."
Question about junk mail bb6ab8,"To dispose of junk mail, please use the dry waste recycling bin."
Question about wrapping paper c8032b,"To dispose of wrapping paper, please use the dry waste recycling bin."
Question about metal lid 8cee42,"To dispose of metal lid, please use the dry waste recycling bin."
Question about junk mail 5222d9,"To dispose of junk mail, please use the dry waste recycling bin."
Question about metal lid 06965a,"To dispose of metal lid, please use the dry waste recycling bin."
Question about junk mail 581bb8,"To dispose of junk mail, please use the dry waste recycling bin."
Question about beer can d90b01,"To dispose of beer can, please use the dry waste recycling bin."
Question about plastic cup 7254ef,"To dispose of plastic cup, please use the dry waste recycling bin."
Question about junk mail 82a607,"To dispose of junk mail, please use the dry waste recycling bin."
Question about cardboard 7f55d4,"To dispose of cardboard, please use the dry waste recycling bin."
Question about glass jar 58fe14,"To dispose of glass jar, please use the dry waste recycling bin."
Question about plastic bottle babd78,"To dispose of plastic bottle, please use the dry waste recycling bin."
Question about broken glass d8df1e,"To dispose of broken glass, please use the dry waste recycling bin."
Question about soda can 9b448b,"To dispose of soda can, please use the dry waste recycling bin."
Question about wrapping paper c0ac10,"To dispose of wrapping paper, please use the dry waste recycling bin."
Question about pizza box (clean) 310834,"To dispose of pizza box (clean), please use the dry waste recycling bin."
Question about newspaper 49d7b5,"To dispose of newspaper, please use the dry waste recycling bin."
Question about cookie box b67c91,"To dispose of cookie box, please use the dry waste recycling bin."
Question about wine bottle 09b4aa,"To dispose of wine bottle, please use the dry waste recycling bin."
Question about empty deodorant 51a98a,"To dispose of empty deodorant, please use the dry waste recycling bin."
Question about wine bottle 0e2ab6,"To dispose of wine bottle, please use the dry waste recycling bin."
Question about plastic bottle ce1cce,"To dispose of plastic bottle, please use the dry waste recycling bin."
Question about plastic cup 44bcd4,"To dispose of plastic cup, please use the dry waste recycling bin."
Question about milk carton 464608,"To dispose of milk carton, please use the dry waste recycling bin."
Question about cereal box edd1a4,"To dispose of cereal box, please use the dry waste recycling bin."
Question about paper bag ada2b0,"To dispose of paper bag, please use the dry waste recycling bin."
Question about junk mail b1c3ab,"To dispose of junk mail, please use the dry waste recycling bin."
Question about plastic container ae2b7a,"To dispose of plastic container, please use the dry waste recycling bin."
Question about pizza box (clean) c1fd22,"To dispose of pizza box (clean), please use the dry waste recycling bin."
Question about tin can 3cc312,"To dispose of tin can, please use the dry waste recycling bin."
Question about plastic bottle 4a9389,"To dispose of plastic bottle, please use the dry waste recycling bin."
Question about milk carton 8bb221,"To dispose of milk carton, please use the dry waste recycling bin."
Question about metal lid 9139b2,"To dispose of metal lid, please use the dry waste recycling bin."
Question about wine bottle 4e9242,"To dispose of wine bottle, please use the dry waste recycling bin."
Question about shampoo bottle be4888,"To dispose of shampoo bottle, please use the dry waste recycling bin."
Question about broken glass e91c88,"To dispose of broken glass, please use the dry waste recycling bin."
Question about pizza box (clean) 3940b3,"To dispose of pizza box (clean), please use the dry waste recycling bin."
Question about milk carton 1ebd98,"To dispose of milk carton, please use the dry waste recycling bin."
Question about milk carton b03d15,"To dispose of milk carton, please use the dry waste recycling bin."
Question about pizza box (clean) 62edaf,"To dispose of pizza box (clean), please use the dry waste recycling bin."
Question about cookie box d365ef,"To dispose of cookie box, please use the dry waste recycling bin."
Question about tin can 94f7a5,"To dispose of tin can, please use the dry waste recycling bin."
Question about empty deodorant f8a7a9,"To dispose of empty deodorant, please use the dry waste recycling bin."
Question about aluminum foil 6f6e07,"To dispose of aluminum foil, please use the dry waste recycling bin."
Question about soda can 413ac9,"To dispose of soda can, please use the dry waste recycling bin."
Question about cookie box 768f81,"To dispose of cookie box, please use the dry waste recycling bin."
Question about plastic bottle 11c96a,"To dispose of plastic bottle, please use the dry waste recycling bin."
Question about newspaper 3590dc,"To dispose of newspaper, please use the dry waste recycling bin."
Question about plastic cup 08a316,"To dispose of plastic cup, please use the dry waste recycling bin."
Question about magazine c045d4,"To dispose of magazine, please use the dry waste recycling bin."
Question about cardboard bb2da4,"To dispose of cardboard, please use the dry waste recycling bin."
Question about metal lid cde1ce,"To dispose of metal lid, please use the dry waste recycling bin."
Question about cookie box fa9d65,"To dispose of cookie box, please use the dry waste recycling bin."
Question about paper bag 0e52b8,"To dispose of paper bag, please use the dry waste recycling bin."
Question about detergent bottle fbfeb9,"To dispose of detergent bottle, please use the dry waste recycling bin."
Question about detergent bottle 0eeb56,"To dispose of detergent bottle, please use the dry waste recycling bin."
Question about beer can 97e410,"To dispose of beer can, please use the dry waste recycling bin."
Question about magazine 0dfefb,"To dispose of magazine, please use the dry waste recycling bin."
Question about junk mail 1ec763,"To dispose of junk mail, please use the dry waste recycling bin."
Question about empty deodorant 7c79d1,"To dispose of empty deodorant, please use the dry waste recycling bin."
Question about milk carton 2e9995,"To dispose of milk carton, please use the dry waste recycling bin."
Question about magazine b26d1b,"To dispose of magazine, please use the dry waste recycling bin."
Question about wrapping paper 66a2d4,"To dispose of wrapping paper, please use the dry waste recycling bin."
Question about cookie box 8172c1,"To dispose of cookie box, please use the dry waste recycling bin."
Question about tin can 39437f,"To dispose of tin can, please use the dry waste recycling bin."
Question about glass jar 09e49d,"To dispose of glass jar, please use the dry waste recycling bin."
Question about beer can 08bf4b,"To dispose of beer can, please use the dry waste recycling bin."
Question about detergent bottle 9c8aa9,"To dispose of detergent bottle, please use the dry waste recycling bin."
Question about broken glass 597477,"To dispose of broken glass, please use the dry waste recycling bin."
Question about pizza box (clean) 833ae7,"To dispose of pizza box (clean), please use the dry waste recycling bin."
Question about empty deodorant 03ba15,"To dispose of empty deodorant, please use the dry waste recycling bin."
Question about aluminum foil 6589c7,"To dispose of aluminum foil, please use the dry waste recycling bin."
Question about beer can 4cfd0e,"To dispose of beer can, please use the dry waste recycling bin."
Question about broken glass 13c788,"To dispose of broken glass, please use the dry waste recycling bin."
Question about soda can cf3a01,"To dispose of soda can, please use the dry waste recycling bin."
Question about newspaper 5fecc1,"To dispose of newspaper, please use the dry waste recycling bin."
Question about empty deodorant 1ef9fa,"To dispose of empty deodorant, please use the dry waste recycling bin."
Question about cereal box b2ef7f,"To dispose of cereal box, please use the dry waste recycling bin."
Question about milk carton e80369,"To dispose of milk carton, please use the dry waste recycling bin."
Question about detergent bottle 660281,"To dispose of detergent bottle, please use the dry waste recycling bin."
Question about detergent bottle 3c049b,"To dispose of detergent bottle, please use the dry waste recycling bin."
Question about tin can 14cc8a,"To dispose of tin can, please use the dry waste recycling bin."
Question about paper bag 706cc8,"To dispose of paper bag, please use the dry waste recycling bin."
Question about cardboard b40b52,"To dispose of cardboard, please use the dry waste recycling bin."
Question about aluminum foil eb08b4,"To dispose of aluminum foil, please use the dry waste recycling bin."
Question about cereal box 94d0dd,"To dispose of cereal box, please use the dry waste recycling bin."
Question about broken glass 8ebe71,"To dispose of broken glass, please use the dry waste recycling bin."
Question about paper bag bbcc64,"To dispose of paper bag, please use the dry waste recycling bin."
Question about plastic container 251ed2,"To dispose of plastic container, please use the dry waste recycling bin."
Question about wine bottle ea94e0,"To dispose of wine bottle, please use the dry waste recycling bin."
Question about cereal box 3ebb97,"To dispose of cereal box, please use the dry waste recycling bin."
Question about paper bag 852bc9,"To dispose of paper bag, please use the dry waste recycling bin."
Question about shampoo bottle f4c71b,"To dispose of shampoo bottle, please use the dry waste recycling bin."
Question about milk carton b0d978,"To dispose of milk carton, please use the dry waste recycling bin."
Question about cereal box 99f6e5,"To dispose of cereal box, please use the dry waste recycling bin."
Question about aluminum foil edfae1,"To dispose of aluminum foil, please use the dry waste recycling bin."
Question about empty deodorant 5c5b96,"To dispose of empty deodorant, please use the dry waste recycling bin."
Question about metal lid 909725,"To dispose of metal lid, please use the dry waste recycling bin."
Question about cardboard 79f9da,"To dispose of cardboard, please use the dry waste recycling bin."
Question about shampoo bottle 0edb1f,"To dispose of shampoo bottle, please use the dry waste recycling bin."
Question about metal lid 0faa19,"To dispose of metal lid, please use the dry waste recycling bin."
Question about newspaper 4de9f6,"To dispose of newspaper, please use the dry waste recycling bin."
Question about detergent bottle ef9971,"To dispose of detergent bottle, please use the dry waste recycling bin."
Question about paper bag e5a8ac,"To dispose of paper bag, please use the dry waste recycling bin."
Question about aluminum foil 9100a1,"To dispose of aluminum foil, please use the dry waste recycling bin."
Question about empty deodorant 2dd1cb,"To dispose of empty deodorant, please use the dry waste recycling bin."
Question about soda can ec10ca,"To dispose of soda can, please use the dry waste recycling bin."
Question about office paper bfcd69,"To dispose of office paper, please use the dry waste recycling bin."
Question about newspaper 2950a2,"To dispose of newspaper, please use the dry waste recycling bin."
Question about tin can 950827,"To dispose of tin can, please use the dry waste recycling bin."
Question about aluminum foil 7caefa,"To dispose of aluminum foil, please use the dry waste recycling bin."
Question about wrapping paper 29377f,"To dispose of wrapping paper, please use the dry waste recycling bin."
Question about junk mail bc7bac,"To dispose of junk mail, please use the dry waste recycling bin."
Question about soda can 2e119d,"To dispose of soda can, please use the dry waste recycling bin."
Question about plastic cup 05c8ab,"To dispose of plastic cup, please use the dry waste recycling bin."
Question about detergent bottle 70a8d4,"To dispose of detergent bottle, please use the dry waste recycling bin."
Question about pizza box (clean) 359177,"To dispose of pizza box (clean), please use the dry waste recycling bin."
Question about cookie box c2c46e,"To dispose of cookie box, please use the dry waste recycling bin."
Question about metal lid 7892bc,"To dispose of metal lid, please use the dry waste recycling bin."
Question about junk mail 4b0e36,"To dispose of junk mail, please use the dry waste recycling bin."
Question about office paper 0a8bca,"To dispose of office paper, please use the dry waste recycling bin."
Question about tin can 997fed,"To dispose of tin can, please use the dry waste recycling bin."
Question about cardboard 583e9f,"To dispose of cardboard, please use the dry waste recycling bin."
Question about cereal box f444dd,"To dispose of cereal box, please use the dry waste recycling bin."
Question about cardboard 4a8b96,"To dispose of cardboard, please use the dry waste recycling bin."
Question about junk mail 36066e,"To dispose of junk mail, please use the dry waste recycling bin."
Question about pizza box (clean) c09353,"To dispose of pizza box (clean), please use the dry waste recycling bin."
Question about newspaper 2d9d58,"To dispose of newspaper, please use the dry waste recycling bin."
Question about pizza box (clean) 6f802b,"To dispose of pizza box (clean), please use the dry waste recycling bin."
Question about plastic cup f7ccf8,"To dispose of plastic cup, please use the dry waste recycling bin."
Question about empty deodorant ee88de,"To dispose of empty deodorant, please use the dry waste recycling bin."
Question about beer can 71d443,"To dispose of beer can, please use the dry waste recycling bin."
Question about soda can 0ba447,"To dispose of soda can, please use the dry waste recycling bin."
Question about empty deodorant 4dd868,"To dispose of empty deodorant, please use the dry waste recycling bin."
Question about plastic cup 7e05f6,"To dispose of plastic cup, please use the dry waste recycling bin."
Question about plastic bottle 7fadd9,"To dispose of plastic bottle, please use the dry waste recycling bin."
Question about metal lid 0021a5,"To dispose of metal lid, please use the dry waste recycling bin."
Question about soda can bd1b45,"To dispose of soda can, please use the dry waste recycling bin."
Question about cardboard 567deb,"To dispose of cardboard, please use the dry waste recycling bin."
Question about shampoo bottle cf17ad,"To dispose of shampoo bottle, please use the dry waste recycling bin."
Question about aluminum foil 0082d4,"To dispose of aluminum foil, please use the dry waste recycling bin."
Question about metal lid 94a568,"To dispose of metal lid, please use the dry waste recycling bin."
Question about office paper ec195f,"To dispose of office paper, please use the dry waste recycling bin."
Question about broken glass f2fdc7,"To dispose of broken glass, please use the dry waste recycling bin."
Question about office paper c17f94,"To dispose of office paper, please use the dry waste recycling bin."
Question about soda can e9a625,"To dispose of soda can, please use the dry waste recycling bin."
Question about wine bottle a78c0f,"To dispose of wine bottle, please use the dry waste recycling bin."
Question about wine bottle d397fb,"To dispose of wine bottle, please use the dry waste recycling bin."
Question about plastic cup 19b603,"To dispose of plastic cup, please use the dry waste recycling bin."
Question about office paper 672cb2,"To dispose of office paper, please use the dry waste recycling bin."
Question about paper bag b75bc0,"To dispose of paper bag, please use the dry waste recycling bin."
Question about paper bag 13c15f,"To dispose of paper bag, please use the dry waste recycling bin."
Question about junk mail cfc752,"To dispose of junk mail, please use the dry waste recycling bin."
Question about plastic container 4d2181,"To dispose of plastic container, please use the dry waste recycling bin."
Question about glass jar 0f701f,"To dispose of glass jar, please use the dry waste recycling bin."
Question about magazine 5fa5e3,"To dispose of magazine, please use the dry waste recycling bin."
Question about cookie box 27278f,"To dispose of cookie box, please use the dry waste recycling bin."
Question about beer can da0d94,"To dispose of beer can, please use the dry waste recycling bin."
Question about wrapping paper 86b7c6,"To dispose of wrapping paper, please use the dry waste recycling bin."
Question about wine bottle 3a880d,"To dispose of wine bottle, please use the dry waste recycling bin."
Question about wine bottle a089fc,"To dispose of wine bottle, please use the dry waste recycling bin."
Question about milk carton a49476,"To dispose of milk carton, please use the dry waste recycling bin."
Question about newspaper 29848c,"To dispose of newspaper, please use the dry waste recycling bin."
Question about plastic cup 3cf89d,"To dispose of plastic cup, please use the dry waste recycling bin."
Question about office paper 0be78c,"To dispose of office paper, please use the dry waste recycling bin."
Question about empty deodorant 713a4d,"To dispose of empty deodorant, please use the dry waste recycling bin."
Question about plastic bottle d85ccc,"To dispose of plastic bottle, please use the dry waste recycling bin."
Question about empty deodorant f1d6d1,"To dispose of empty deodorant, please use the dry waste recycling bin."
Question about magazine b991f4,"To dispose of magazine, please use the dry waste recycling bin."
Question about plastic container fc408f,"To dispose of plastic container, please use the dry waste recycling bin."
Question about detergent bottle 72fd4b,"To dispose of detergent bottle, please use the dry waste recycling bin."
Question about shampoo bottle 5d4fc5,"To dispose of shampoo bottle, please use the dry waste recycling bin."
Question about junk mail 7d2a8a,"To dispose of junk mail, please use the dry waste recycling bin."
Question about detergent bottle 5c9391,"To dispose of detergent bottle, please use the dry waste recycling bin."
Question about wrapping paper e6173f,"To dispose of wrapping paper, please use the dry waste recycling bin."
Question about broken glass 8830d7,"To dispose of broken glass, please use the dry waste recycling bin."
Question about cereal box 6bdf61,"To dispose of cereal box, please use the dry waste recycling bin."
Question about aluminum foil 31ae26,"To dispose of aluminum foil, please use the dry waste recycling bin."
Question about junk mail a26d5c,"To dispose of junk mail, please use the dry waste recycling bin."
Question about pizza box (clean) e81e34,"To dispose of pizza box (clean), please use the dry waste recycling bin."
Question about wrapping paper f69ea1,"To dispose of wrapping paper, please use the dry waste recycling bin."
Question about soda can fbe8b2,"To dispose of soda can, please use the dry waste recycling bin."
Question about office paper a5a688,"To dispose of office paper, please use the dry waste recycling bin."
Question about plastic cup 313e0d,"To dispose of plastic cup, please use the dry waste recycling bin."
Question about aluminum foil 2f01e9,"To dispose of aluminum foil, please use the dry waste recycling bin."
Question about cookie box 2c2547,"To dispose of cookie box, please use the dry waste recycling bin."
Question about cereal box 9be6bb,"To dispose of cereal box, please use the dry waste recycling bin."
Question about tin can ee39e9,"To dispose of tin can, please use the dry waste recycling bin."
Question about glass jar 133219,"To dispose of glass jar, please use the dry waste recycling bin."
Question about detergent bottle 72d552,"To dispose of detergent bottle, please use the dry waste recycling bin."
Question about magazine ca6f3e,"To dispose of magazine, please use the dry waste recycling bin."
Question about wrapping paper f93539,"To dispose of wrapping paper, please use the dry waste recycling bin."
Question about shampoo bottle c1ac74,"To dispose of shampoo bottle, please use the dry waste recycling bin."
Question about office paper 505109,"To dispose of office paper, please use the dry waste recycling bin."
Question about aluminum foil bc0772,"To dispose of aluminum foil, please use the dry waste recycling bin."
Question about junk mail b4755f,"To dispose of junk mail, please use the dry waste recycling bin."
Question about office paper de181b,"To dispose of office paper, please use the dry waste recycling bin."
Question about office paper dd2009,"To dispose of office paper, please use the dry waste recycling bin."
Question about shampoo bottle d23890,"To dispose of shampoo bottle, please use the dry waste recycling bin."
Question about paper bag 3bc666,"To dispose of paper bag, please use the dry waste recycling bin."
Question about pizza box (clean) e337a0,"To dispose of pizza box (clean), please use the dry waste recycling bin."
Question about plastic cup b4ad20,"To dispose of plastic cup, please use the dry waste recycling bin."
Question about wrapping paper ae7486,"To dispose of wrapping paper, please use the dry waste recycling bin."
Question about plastic cup cd4881,"To dispose of plastic cup, please use the dry waste recycling bin."
Question about aluminum foil ed30dc,"To dispose of aluminum foil, please use the dry waste recycling bin."
Question about wine bottle 324fa6,"To dispose of wine bottle, please use the dry waste recycling bin."
Question about tin can 551faf,"To dispose of tin can, please use the dry waste recycling bin."
Question about beer can fdf283,"To dispose of beer can, please use the dry waste recycling bin."
Question about beer can 657ac3,"To dispose of beer can, please use the dry waste recycling bin."
Question about glass jar 1d8d3d,"To dispose of glass jar, please use the dry waste recycling bin."
Question about shampoo bottle f35ffe,"To dispose of shampoo bottle, please use the dry waste recycling bin."
Question about plastic bottle 7a2653,"To dispose of plastic bottle, please use the dry waste recycling bin."
Question about broken glass 975e06,"To dispose of broken glass, please use the dry waste recycling bin."
Question about broken glass 639e37,"To dispose of broken glass, please use the dry waste recycling bin."
Question about glass jar d71646,"To dispose of glass jar, please use the dry waste recycling bin."
Question about paper bag acb3bb,"To dispose of paper bag, please use the dry waste recycling bin."
Question about office paper 3cde6e,"To dispose of office paper, please use the dry waste recycling bin."
Question about office paper 507c9f,"To dispose of office paper, please use the dry waste recycling bin."
Question about paper bag d3c8d0,"To dispose of paper bag, please use the dry waste recycling bin."
Question about empty deodorant e728fe,"To dispose of empty deodorant, please use the dry waste recycling bin."
Question about cereal box ebadd2,"To dispose of cereal box, please use the dry waste recycling bin."
Question about glass jar 3ff96c,"To dispose of glass jar, please use the dry waste recycling bin."
Question about cereal box 49afa4,"To dispose of cereal box, please use the dry waste recycling bin."
Question about shampoo bottle e68829,"To dispose of shampoo bottle, please use the dry waste recycling bin."
Question about plastic bottle c0853b,"To dispose of plastic bottle, please use the dry waste recycling bin."
Question about plastic cup d9c339,"To dispose of plastic cup, please use the dry waste recycling bin."
Question about detergent bottle 2b2656,"To dispose of detergent bottle, please use the dry waste recycling bin."
Question about plastic cup 791251,"To dispose of plastic cup, please use the dry waste recycling bin."
Question about milk carton 7495fd,"To dispose of milk carton, please use the dry waste recycling bin."
Question about plastic cup 209516,"To dispose of plastic cup, please use the dry waste recycling bin."
Question about shampoo bottle 43ccf8,"To dispose of shampoo bottle, please use the dry waste recycling bin."
Question about detergent bottle 4a6d9b,"To dispose of detergent bottle, please use the dry waste recycling bin."
Question about soda can de3797,"To dispose of soda can, please use the dry waste recycling bin."
Question about pizza box (clean) d8a2ae,"To dispose of pizza box (clean), please use the dry waste recycling bin."
Question about shampoo bottle 199f81,"To dispose of shampoo bottle, please use the dry waste recycling bin."
Question about paper bag 495aa1,"To dispose of paper bag, please use the dry waste recycling bin."
Question about tin can 7adfe9,"To dispose of tin can, please use the dry waste recycling bin."
Question about cardboard 54e0ee,"To dispose of cardboard, please use the dry waste recycling bin."
Question about plastic cup 19b4a1,"To dispose of plastic cup, please use the dry waste recycling bin."
Question about magazine 58b014,"To dispose of magazine, please use the dry waste recycling bin."
Question about metal lid 748e50,"To dispose of metal lid, please use the dry waste recycling bin."
Question about cardboard 2fea3a,"To dispose of cardboard, please use the dry waste recycling bin."
Question about beer can 238bb2,"To dispose of beer can, please use the dry waste recycling bin."
Question about glass jar f79fe6,"To dispose of glass jar, please use the dry waste recycling bin."
Question about shampoo bottle fef7cd,"To dispose of shampoo bottle, please use the dry waste recycling bin."
Question about aluminum foil cd0f19,"To dispose of aluminum foil, please use the dry waste recycling bin."
Question about shampoo bottle 5ca582,"To dispose of shampoo bottle, please use the dry waste recycling bin."
Question about paper bag fb19e1,"To dispose of paper bag, please use the dry waste recycling bin."
Question about wine bottle 5ca3e8,"To dispose of wine bottle, please use the dry waste recycling bin."
Question about cardboard 3aa880,"To dispose of cardboard, please use the dry waste recycling bin."
Question about plastic cup 336a1e,"To dispose of plastic cup, please use the dry waste recycling bin."
Question about plastic container 061ede,"To dispose of plastic container, please use the dry waste recycling bin."
Question about cereal box def480,"To dispose of cereal box, please use the dry waste recycling bin."
Question about detergent bottle 89feb6,"To dispose of detergent bottle, please use the dry waste recycling bin."
Question about broken glass b78314,"To dispose of broken glass, please use the dry waste recycling bin."
Question about aluminum foil 1b6f60,"To dispose of aluminum foil, please use the dry waste recycling bin."
Question about broken glass c5d314,"To dispose of broken glass, please use the dry waste recycling bin."
Question about plastic cup 8c45b6,"To dispose of plastic cup, please use the dry waste recycling bin."
Question about cookie box 1e0e6f,"To dispose of cookie box, please use the dry waste recycling bin."
Question about shampoo bottle 6dd808,"To dispose of shampoo bottle, please use the dry waste recycling bin."
Question about cookie box c6c737,"To dispose of cookie box, please use the dry waste recycling bin."
Question about aluminum foil 05db8a,"To dispose of aluminum foil, please use the dry waste recycling bin."
Question about plastic container 2839fc,"To dispose of plastic container, please use the dry waste recycling bin."
Question about office paper 6c6056,"To dispose of office paper, please use the dry waste recycling bin."
Question about cardboard 96d7a1,"To dispose of cardboard, please use the dry waste recycling bin."
Question about plastic bottle 5ddd8c,"To dispose of plastic bottle, please use the dry waste recycling bin."
Question about metal lid fe3dc7,"To dispose of metal lid, please use the dry waste recycling bin."
Question about office paper 55fa34,"To dispose of office paper, please use the dry waste recycling bin."
Question about detergent bottle 1557a1,"To dispose of detergent bottle, please use the dry waste recycling bin."
Question about wrapping paper 3e8d5f,"To dispose of wrapping paper, please use the dry waste recycling bin."
Question about cookie box 37bdc9,"To dispose of cookie box, please use the dry waste recycling bin."
Question about beer can 5d0288,"To dispose of beer can, please use the dry waste recycling bin."
Question about glass jar 44be05,"To dispose of glass jar, please use the dry waste recycling bin."
Question about detergent bottle 99a8e3,"To dispose of detergent bottle, please use the dry waste recycling bin."
Question about plastic bottle 6e0d9f,"To dispose of plastic bottle, please use the dry waste recycling bin."
Question about pizza box (clean) dded3c,"To dispose of pizza box (clean), please use the dry waste recycling bin."
Question about newspaper 286e90,"To dispose of newspaper, please use the dry waste recycling bin."
Question about empty deodorant 71889a,"To dispose of empty deodorant, please use the dry waste recycling bin."
Question about cereal box 149fc8,"To dispose of cereal box, please use the dry waste recycling bin."
Question about plastic container 8eace2,"To dispose of plastic container, please use the dry waste recycling bin."
Question about tin can 552a66,"To dispose of tin can, please use the dry waste recycling bin."
Question about metal lid 5f734f,"To dispose of metal lid, please use the dry waste recycling bin."
Question about aluminum foil 974e78,"To dispose of aluminum foil, please use the dry waste recycling bin."
Question about plastic bottle 4241c6,"To dispose of plastic bottle, please use the dry waste recycling bin."
Question about milk carton e9e27a,"To dispose of milk carton, please use the dry waste recycling bin."
Question about beer can 23ae2c,"To dispose of beer can, please use the dry waste recycling bin."
Question about glass jar 8b42d4,"To dispose of glass jar, please use the dry waste recycling bin."
Question about broken glass a1e01d,"To dispose of broken glass, please use the dry waste recycling bin."
Question about newspaper 112c36,"To dispose of newspaper, please use the dry waste recycling bin."
Question about glass jar ea2d1c,"To dispose of glass jar, please use the dry waste recycling bin."
Question about metal lid 98cbc4,"To dispose of metal lid, please use the dry waste recycling bin."
Question about glass jar c5605b,"To dispose of glass jar, please use the dry waste recycling bin."
Question about paper bag 690357,"To dispose of paper bag, please use the dry waste recycling bin."
Question about pizza box (clean) e0174e,"To dispose of pizza box (clean), please use the dry waste recycling bin."
Question about pizza box (clean) 0678aa,"To dispose of pizza box (clean), please use the dry waste recycling bin."
Question about beer can 5c44cc,"To dispose of beer can, please use the dry waste recycling bin."
Question about broken glass 80448b,"To dispose of broken glass, please use the dry waste recycling bin."
Question about office paper 5e1dcf,"To dispose of office paper, please use the dry waste recycling bin."
Question about junk mail 55aed9,"To dispose of junk mail, please use the dry waste recycling bin."
Question about detergent bottle 9cb3f4,"To dispose of detergent bottle, please use the dry waste recycling bin."
Question about junk mail ff463c,"To dispose of junk mail, please use the dry waste recycling bin."
Question about cardboard 4f1d8a,"To dispose of cardboard, please use the dry waste recycling bin."
Question about pizza box (clean) c7f42d,"To dispose of pizza box (clean), please use the dry waste recycling bin."
Question about soda can b67aed,"To dispose of soda can, please use the dry waste recycling bin."
Question about soda can b9af5c,"To dispose of soda can, please use the dry waste recycling bin."
Question about junk mail f8c072,"To dispose of junk mail, please use the dry waste recycling bin."
Question about plastic bottle 3ab2fe,"To dispose of plastic bottle, please use the dry waste recycling bin."
Question about soda can 6167f0,"To dispose of soda can, please use the dry waste recycling bin."
Question about plastic cup f3e1fd,"To dispose of plastic cup, please use the dry waste recycling bin."
Question about newspaper 3bcf1f,"To dispose of newspaper, please use the dry waste recycling bin."
Question about wine bottle 2c858f,"To dispose of wine bottle, please use the dry waste recycling bin."
Question about cereal box cf2a48,"To dispose of cereal box, please use the dry waste recycling bin."
Question about detergent bottle 08a0eb,"To dispose of detergent bottle, please use the dry waste recycling bin."
Question about detergent bottle 910b07,"To dispose of detergent bottle, please use the dry waste recycling bin."
Question about glass jar f67eda,"To dispose of glass jar, please use the dry waste recycling bin."
Question about cardboard 264aeb,"To dispose of cardboard, please use the dry waste recycling bin."
Question about paper bag 27e020,"To dispose of paper bag, please use the dry waste recycling bin."
Question about tin can ff31ed,"To dispose of tin can, please use the dry waste recycling bin."
Question about aluminum foil 7425bc,"To dispose of aluminum foil, please use the dry waste recycling bin."
Question about aluminum foil 2c8b26,"To dispose of aluminum foil, please use the dry waste recycling bin."
Question about plastic cup 753a2d,"To dispose of plastic cup, please use the dry waste recycling bin."
Question about pizza box (clean) 63273c,"To dispose of pizza box (clean), please use the dry waste recycling bin."
Question about broken glass dbc64a,"To dispose of broken glass, please use the dry waste recycling bin."
Question about newspaper 22330f,"To dispose of newspaper, please use the dry waste recycling bin."
Question about glass jar 8a6aa5,"To dispose of glass jar, please use the dry waste recycling bin."
Question about broken glass cc7379,"To dispose of broken glass, please use the dry waste recycling bin."
Question about paper bag 216a5d,"To dispose of paper bag, please use the dry waste recycling bin."
Question about glass jar 924b34,"To dispose of glass jar, please use the dry waste recycling bin."
Question about aluminum foil 92afac,"To dispose of aluminum foil, please use the dry waste recycling bin."
Question about tin can 8b5f90,"To dispose of tin can, please use the dry waste recycling bin."
Question about office paper d35cc4,"To dispose of office paper, please use the dry waste recycling bin."
Question about junk mail 5c6872,"To dispose of junk mail, please use the dry waste recycling bin."
Question about metal lid 0d45c9,"To dispose of metal lid, please use the dry waste recycling bin."
Question about magazine c6bb49,"To dispose of magazine, please use the dry waste recycling bin."
Question about broken glass 2169fc,"To dispose of broken glass, please use the dry waste recycling bin."
Question about shampoo bottle 74ebe1,"To dispose of shampoo bottle, please use the dry waste recycling bin."
Question about shampoo bottle e711b4,"To dispose of shampoo bottle, please use the dry waste recycling bin."
Question about beer can 241927,"To dispose of beer can, please use the dry waste recycling bin."
Question about detergent bottle 155d8b,"To dispose of detergent bottle, please use the dry waste recycling bin."
Question about broken glass 86474c,"To dispose of broken glass, please use the dry waste recycling bin."
Question about detergent bottle 77e4ba,"To dispose of detergent bottle, please use the dry waste recycling bin."
Question about cereal box a48b04,"To dispose of cereal box, please use the dry waste recycling bin."
Question about cardboard e80d0f,"To dispose of cardboard, please use the dry waste recycling bin."
Question about aluminum foil b84153,"To dispose of aluminum foil, please use the dry waste recycling bin."
Question about junk mail 3b8ebc,"To dispose of junk mail, please use the dry waste recycling bin."
Question about plastic cup 3dbfdd,"To dispose of plastic cup, please use the dry waste recycling bin."
Question about paper bag 27598e,"To dispose of paper bag, please use the dry waste recycling bin."
Question about paper bag 1b6004,"To dispose of paper bag, please use the dry waste recycling bin."
Question about office paper ffba2a,"To dispose of office paper, please use the dry waste recycling bin."
Question about paper bag 889793,"To dispose of paper bag, please use the dry waste recycling bin."
Question about milk carton 4b18fe,"To dispose of milk carton, please use the dry waste recycling bin."
Question about wrapping paper 10325d,"To dispose of wrapping paper, please use the dry waste recycling bin."
Question about broken glass 5b4cc2,"To dispose of broken glass, please use the dry waste recycling bin."
Question about wine bottle 339964,"To dispose of wine bottle, please use the dry waste recycling bin."
Question about plastic bottle 9d1896,"To dispose of plastic bottle, please use the dry waste recycling bin."
Question about cardboard 53a201,"To dispose of cardboard, please use the dry waste recycling bin."
Question about empty deodorant 2fa244,"To dispose of empty deodorant, please use the dry waste recycling bin."
Question about tin can 11df91,"To dispose of tin can, please use the dry waste recycling bin."
Question about wine bottle 8175ae,"To dispose of wine bottle, please use the dry waste recycling bin."
Question about pizza box (clean) eb5bc9,"To dispose of pizza box (clean), please use the dry waste recycling bin."
Question about plastic container 7f60e6,"To dispose of plastic container, please use the dry waste recycling bin."
Question about glass jar 86ae89,"To dispose of glass jar, please use the dry waste recycling bin."
Question about magazine 96702d,"To dispose of magazine, please use the dry waste recycling bin."
Question about plastic bottle fa61a2,"To dispose of plastic bottle, please use the dry waste recycling bin."
Question about beer can 9945e3,"To dispose of beer can, please use the dry waste recycling bin."
Question about detergent bottle f88435,"To dispose of detergent bottle, please use the dry waste recycling bin."
Question about detergent bottle 2e6952,"To dispose of detergent bottle, please use the dry waste recycling bin."
Question about wine bottle 5c3472,"To dispose of wine bottle, please use the dry waste recycling bin."
Question about pizza box (clean) 2a07bd,"To dispose of pizza box (clean), please use the dry waste recycling bin."
Question about cardboard e12b4a,"To dispose of cardboard, please use the dry waste recycling bin."
Question about plastic cup b184c1,"To dispose of plastic cup, please use the dry waste recycling bin."
Question about paper bag 2b2efa,"To dispose of paper bag, please use the dry waste recycling bin."
Question about glass jar 168540,"To dispose of glass jar, please use the dry waste recycling bin."
Question about junk mail 1d188e,"To dispose of junk mail, please use the dry waste recycling bin."
Question about wrapping paper e91a23,"To dispose of wrapping paper, please use the dry waste recycling bin."
Question about aluminum foil 425a41,"To dispose of aluminum foil, please use the dry waste recycling bin."
Question about plastic cup fab0ab,"To dispose of plastic cup, please use the dry waste recycling bin."
Question about plastic cup 545c8a,"To dispose of plastic cup, please use the dry waste recycling bin."
Question about cardboard 23aabf,"To dispose of cardboard, please use the dry waste recycling bin."
Question about aluminum foil ab07dd,"To dispose of aluminum foil, please use the dry waste recycling bin."
Question about paper bag bba525,"To dispose of paper bag, please use the dry waste recycling bin."
Question about detergent bottle a95d82,"To dispose of detergent bottle, please use the dry waste recycling bin."
Question about broken glass f1382b,"To dispose of broken glass, please use the dry waste recycling bin."
Question about aluminum foil 42c86d,"To dispose of aluminum foil, please use the dry waste recycling bin."
Question about newspaper 1dfe52,"To dispose of newspaper, please use the dry waste recycling bin."
Question about paper bag 57e8fe,"To dispose of paper bag, please use the dry waste recycling bin."
Question about plastic cup 3ac58f,"To dispose of plastic cup, please use the dry waste recycling bin."
Question about metal lid 4f4a0f,"To dispose of metal lid, please use the dry waste recycling bin."
Question about wrapping paper 91b608,"To dispose of wrapping paper, please use the dry waste recycling bin."
Question about shampoo bottle 6462f0,"To dispose of shampoo bottle, please use the dry waste recycling bin."
Question about beer can cf071c,"To dispose of beer can, please use the dry waste recycling bin."
Question about metal lid a00f6a,"To dispose of metal lid, please use the dry waste recycling bin."
Question about cereal box 511c78,"To dispose of cereal box, please use the dry waste recycling bin."
Question about cereal box bd5a9c,"To dispose of cereal box, please use the dry waste recycling bin."
Question about junk mail 7f294a,"To dispose of junk mail, please use the dry waste recycling bin."
Question about wrapping paper a5bf35,"To dispose of wrapping paper, please use the dry waste recycling bin."
Question about wrapping paper 87a072,"To dispose of wrapping paper, please use the dry waste recycling bin."
Question about glass jar fdeba0,"To dispose of glass jar, please use the dry waste recycling bin."
Question about wine bottle 2a0442,"To dispose of wine bottle, please use the dry waste recycling bin."
Question about junk mail d41288,"To dispose of junk mail, please use the dry waste recycling bin."
Question about glass jar 318faf,"To dispose of glass jar, please use the dry waste recycling bin."
Question about detergent bottle 7f7140,"To dispose of detergent bottle, please use the dry waste recycling bin."
Question about magazine af35f1,"To dispose of magazine, please use the dry waste recycling bin."
Question about pizza box (clean) d7922d,"To dispose of pizza box (clean), please use the dry waste recycling bin."
Question about aluminum foil 7ff8e8,"To dispose of aluminum foil, please use the dry waste recycling bin."
Question about newspaper 8b98bc,"To dispose of newspaper, please use the dry waste recycling bin."
Question about aluminum foil 198f95,"To dispose of aluminum foil, please use the dry waste recycling bin."
Question about milk carton 6813a4,"To dispose of milk carton, please use the dry waste recycling bin."
Question about plastic cup 9b9794,"To dispose of plastic cup, please use the dry waste recycling bin."
Question about metal lid 0ccffe,"To dispose of metal lid, please use the dry waste recycling bin."
Question about tin can f2bbf9,"To dispose of tin can, please use the dry waste recycling bin."
Question about wine bottle 5d1811,"To dispose of wine bottle, please use the dry waste recycling bin."
Question about cookie box 7f6d1a,"To dispose of cookie box, please use the dry waste recycling bin."
Question about beer can b31c67,"To dispose of beer can, please use the dry waste recycling bin."
Question about cookie box 70b287,"To dispose of cookie box, please use the dry waste recycling bin."
Question about shampoo bottle 30a202,"To dispose of shampoo bottle, please use the dry waste recycling bin."
Question about wine bottle 873b61,"To dispose of wine bottle, please use the dry waste recycling bin."
Question about office paper 2d65f3,"To dispose of office paper, please use the dry waste recycling bin."
Question about shampoo bottle 860c92,"To dispose of shampoo bottle, please use the dry waste recycling bin."
Question about plastic cup 0e1087,"To dispose of plastic cup, please use the dry waste recycling bin."
Question about wine bottle 78036c,"To dispose of wine bottle, please use the dry waste recycling bin."
Question about detergent bottle 5d77b6,"To dispose of detergent bottle, please use the dry waste recycling bin."
Question about junk mail 0943a5,"To dispose of junk mail, please use the dry waste recycling bin."
Question about cookie box 80e5b4,"To dispose of cookie box, please use the dry waste recycling bin."
Question about glass jar 6028db,"To dispose of glass jar, please use the dry waste recycling bin."
Question about magazine 979c65,"To dispose of magazine, please use the dry waste recycling bin."
Question about newspaper d6bb7f,"To dispose of newspaper, please use the dry waste recycling bin."
Question about milk carton fc2e14,"To dispose of milk carton, please use the dry waste recycling bin."
Question about broken glass e6d4c8,"To dispose of broken glass, please use the dry waste recycling bin."
Question about magazine d55f9e,"To dispose of magazine, please use the dry waste recycling bin."
Question about beer can 6beda4,"To dispose of beer can, please use the dry waste recycling bin."
Question about aluminum foil 5b9300,"To dispose of aluminum foil, please use the dry waste recycling bin."
Question about wrapping paper f12ece,"To dispose of wrapping paper, please use the dry waste recycling bin."
Question about beer can db23f5,"To dispose of beer can, please use the dry waste recycling bin."
Question about paper bag 53a708,"To dispose of paper bag, please use the dry waste recycling bin."
Question about plastic bottle b6eafd,"To dispose of plastic bottle, please use the dry waste recycling bin."
Question about beer can 0c30da,"To dispose of beer can, please use the dry waste recycling bin."
Question about pizza box (clean) 169c8f,"To dispose of pizza box (clean), please use the dry waste recycling bin."
Question about magazine d8a323,"To dispose of magazine, please use the dry waste recycling bin."
Question about soda can d21c62,"To dispose of soda can, please use the dry waste recycling bin."
Question about wine bottle c1cf2c,"To dispose of wine bottle, please use the dry waste recycling bin."
Question about glass jar 67171b,"To dispose of glass jar, please use the dry waste recycling bin."
Question about magazine 2a4148,"To dispose of magazine, please use the dry waste recycling bin."
Question about plastic cup e64750,"To dispose of plastic cup, please use the dry waste recycling bin."
Question about plastic container aab0da,"To dispose of plastic container, please use the dry waste recycling bin."
Question about plastic cup 4ca4a9,"To dispose of plastic cup, please use the dry waste recycling bin."
Question about wine bottle 676bff,"To dispose of wine bottle, please use the dry waste recycling bin."
Question about broken glass 23e6c8,"To dispose of broken glass, please use the dry waste recycling bin."
Question about cookie box 7fcf4d,"To dispose of cookie box, please use the dry waste recycling bin."
Question about empty deodorant ec5e5b,"To dispose of empty deodorant, please use the dry waste recycling bin."
Question about paper bag d10e26,"To dispose of paper bag, please use the dry waste recycling bin."
Question about plastic cup b523ee,"To dispose of plastic cup, please use the dry waste recycling bin."
Question about glass jar d4e9c5,"To dispose of glass jar, please use the dry waste recycling bin."
Question about plastic bottle db9e20,"To dispose of plastic bottle, please use the dry waste recycling bin."
Question about newspaper c0f48c,"To dispose of newspaper, please use the dry waste recycling bin."
Question about broken glass 18c3e9,"To dispose of broken glass, please use the dry waste recycling bin."
Question about milk carton d070b3,"To dispose of milk carton, please use the dry waste recycling bin."
Question about detergent bottle c4cdbb,"To dispose of detergent bottle, please use the dry waste recycling bin."
Question about plastic bottle 47156b,"To dispose of plastic bottle, please use the dry waste recycling bin."
Question about wine bottle 5ab8ab,"To dispose of wine bottle, please use the dry waste recycling bin."
Question about milk carton 743440,"To dispose of milk carton, please use the dry waste recycling bin."
Question about soda can dfb398,"To dispose of soda can, please use the dry waste recycling bin."
Question about paper bag 1a4a33,"To dispose of paper bag, please use the dry waste recycling bin."
Question about glass jar 2b75f1,"To dispose of glass jar, please use the dry waste recycling bin."
Question about cereal box b5ecb8,"To dispose of cereal box, please use the dry waste recycling bin."
Question about cardboard 201ef3,"To dispose of cardboard, please use the dry waste recycling bin."
Question about pizza box (clean) 2d937b,"To dispose of pizza box (clean), please use the dry waste recycling bin."
Question about beer can c6a74f,"To dispose of beer can, please use the dry waste recycling bin."
Question about paper bag c16c7e,"To dispose of paper bag, please use the dry waste recycling bin."
Question about metal lid 9c0768,"To dispose of metal lid, please use the dry waste recycling bin."
Question about plastic cup 53f827,"To dispose of plastic cup, please use the dry waste recycling bin."
Question about soda can f33288,"To dispose of soda can, please use the dry waste recycling bin."
Question about wrapping paper cb8e7f,"To dispose of wrapping paper, please use the dry waste recycling bin."
Question about milk carton b912d4,"To dispose of milk carton, please use the dry waste recycling bin."
Question about detergent bottle 7bb871,"To dispose of detergent bottle, please use the dry waste recycling bin."
Question about wine bottle 19027f,"To dispose of wine bottle, please use the dry waste recycling bin."
Question about soda can a1e386,"To dispose of soda can, please use the dry waste recycling bin."
Question about milk carton 3f0a60,"To dispose of milk carton, please use the dry waste recycling bin."
Question about pizza box (clean) 7dd4e6,"To dispose of pizza box (clean), please use the dry waste recycling bin."
Question about glass jar 653ae4,"To dispose of glass jar, please use the dry waste recycling bin."
Question about newspaper 6e3783,"To dispose of newspaper, please use the dry waste recycling bin."
Question about glass jar edaba9,"To dispose of glass jar, please use the dry waste recycling bin."
Question about paper bag e174f1,"To dispose of paper bag, please use the dry waste recycling bin."
Question about cereal box 55adb6,"To dispose of cereal box, please use the dry waste recycling bin."
Question about beer can b09652,"To dispose of beer can, please use the dry waste recycling bin."
Question about glass jar 4cfe3c,"To dispose of glass jar, please use the dry waste recycling bin."
Question about milk carton 5f98f4,"To dispose of milk carton, please use the dry waste recycling bin."
Question about paper bag ddeb1c,"To dispose of paper bag, please use the dry waste recycling bin."
Question about cookie box c9c695,"To dispose of cookie box, please use the dry waste recycling bin."
Question about newspaper 15bd38,"To dispose of newspaper, please use the dry waste recycling bin."
Question about empty deodorant 9df417,"To dispose of empty deodorant, please use the dry waste recycling bin."
Question about soda can 937a8d,"To dispose of soda can, please use the dry waste recycling bin."
Question about tin can b1298b,"To dispose of tin can, please use the dry waste recycling bin."
Question about newspaper abcf75,"To dispose of newspaper, please use the dry waste recycling bin."
Question about wine bottle 2838fd,"To dispose of wine bottle, please use the dry waste recycling bin."
Question about soda can 65ff10,"To dispose of soda can, please use the dry waste recycling bin."
Question about plastic bottle aa91cf,"To dispose of plastic bottle, please use the dry waste recycling bin."
Question about newspaper 517fef,"To dispose of newspaper, please use the dry waste recycling bin."
Question about junk mail bce568,"To dispose of junk mail, please use the dry waste recycling bin."
Question about office paper 30c679,"To dispose of office paper, please use the dry waste recycling bin."
Question about tin can 5b207c,"To dispose of tin can, please use the dry waste recycling bin."
Question about aluminum foil f789e6,"To dispose of aluminum foil, please use the dry waste recycling bin."
Question about junk mail a9e72c,"To dispose of junk mail, please use the dry waste recycling bin."
Question about magazine c58e93,"To dispose of magazine, please use the dry waste recycling bin."
Question about cereal box cdaf50,"To dispose of cereal box, please use the dry waste recycling bin."
Question about plastic bottle 70a1bc,"To dispose of plastic bottle, please use the dry waste recycling bin."
Question about wine bottle 3bcfec,"To dispose of wine bottle, please use the dry waste recycling bin."
Question about plastic cup 70fcea,"To dispose of plastic cup, please use the dry waste recycling bin."
Question about office paper b405eb,"To dispose of office paper, please use the dry waste recycling bin."
Question about magazine eb1bb6,"To dispose of magazine, please use the dry waste recycling bin."
Question about pizza box (clean) 7a33c5,"To dispose of pizza box (clean), please use the dry waste recycling bin."
Question about newspaper df5512,"To dispose of newspaper, please use the dry waste recycling bin."
Question about broken glass 28aa6d,"To dispose of broken glass, please use the dry waste recycling bin."
Question about plastic cup 5a1815,"To dispose of plastic cup, please use the dry waste recycling bin."
Question about broken glass 7783af,"To dispose of broken glass, please use the dry waste recycling bin."
Question about beer can 9e50f9,"To dispose of beer can, please use the dry waste recycling bin."
Question about cookie box bb6704,"To dispose of cookie box, please use the dry waste recycling bin."
Question about paper bag 5bc2c0,"To dispose of paper bag, please use the dry waste recycling bin."
Question about newspaper fb4f17,"To dispose of newspaper, please use the dry waste recycling bin."
Question about pizza box (clean) af7cca,"To dispose of pizza box (clean), please use the dry waste recycling bin."
Question about aluminum foil 9317e1,"To dispose of aluminum foil, please use the dry waste recycling bin."
Question about tin can 85e38c,"To dispose of tin can, please use the dry waste recycling bin."
Question about plastic bottle 23f69b,"To dispose of plastic bottle, please use the dry waste recycling bin."
Question about office paper bbc9f1,"To dispose of office paper, please use the dry waste recycling bin."
Question about plastic container d5865b,"To dispose of plastic container, please use the dry waste recycling bin."
Question about milk carton afbe6f,"To dispose of milk carton, please use the dry waste recycling bin."
Question about magazine 1ee044,"To dispose of magazine, please use the dry waste recycling bin."
Question about wine bottle c8f737,"To dispose of wine bottle, please use the dry waste recycling bin."
Question about paper bag 4f0413,"To dispose of paper bag, please use the dry waste recycling bin."
Question about beer can d365dc,"To dispose of beer can, please use the dry waste recycling bin."
Question about plastic bottle 40c9b9,"To dispose of plastic bottle, please use the dry waste recycling bin."
Question about beer can bbd525,"To dispose of beer can, please use the dry waste recycling bin."
Question about plastic cup a9f9c0,"To dispose of plastic cup, please use the dry waste recycling bin."
Question about glass jar f1de5b,"To dispose of glass jar, please use the dry waste recycling bin."
Question about junk mail 6ceed7,"To dispose of junk mail, please use the dry waste recycling bin."
Question about cookie box b3b5b6,"To dispose of cookie box, please use the dry waste recycling bin."
Question about metal lid fc6e66,"To dispose of metal lid, please use the dry waste recycling bin."
Question about shampoo bottle f47876,"To dispose of shampoo bottle, please use the dry waste recycling bin."
Question about empty deodorant 2172f8,"To dispose of empty deodorant, please use the dry waste recycling bin."
Question about broken glass 8dd42b,"To dispose of broken glass, please use the dry waste recycling bin."
Question about soda can 042775,"To dispose of soda can, please use the dry waste recycling bin."
Question about junk mail 424013,"To dispose of junk mail, please use the dry waste recycling bin."
Question about cookie box 7ae8cc,"To dispose of cookie box, please use the dry waste recycling bin."
Question about detergent bottle f7f8e2,"To dispose of detergent bottle, please use the dry waste recycling bin."
Question about newspaper 6ca084,"To dispose of newspaper, please use the dry waste recycling bin."
Question about broken glass 3aab6f,"To dispose of broken glass, please use the dry waste recycling bin."
Question about cookie box bacff2,"To dispose of cookie box, please use the dry waste recycling bin."
Question about soda can 916e45,"To dispose of soda can, please use the dry waste recycling bin."
Question about cardboard ad45a9,"To dispose of cardboard, please use the dry waste recycling bin."
Question about beer can 1c21e0,"To dispose of beer can, please use the dry waste recycling bin."
Question about paper bag 3fe1d0,"To dispose of paper bag, please use the dry waste recycling bin."
Question about cereal box 685c50,"To dispose of cereal box, please use the dry waste recycling bin."
Question about glass jar 505406,"To dispose of glass jar, please use the dry waste recycling bin."
Question about paper bag 1f5dcc,"To dispose of paper bag, please use the dry waste recycling bin."
Question about plastic container 9a507b,"To dispose of plastic container, please use the dry waste recycling bin."
Question about plastic bottle 4b409f,"To dispose of plastic bottle, please use the dry waste recycling bin."
Question about pizza box (clean) 55a62a,"To dispose of pizza box (clean), please use the dry waste recycling bin."
Question about magazine b01e30,"To dispose of magazine, please use the dry waste recycling bin."
Question about junk mail 83e6bd,"To dispose of junk mail, please use the dry waste recycling bin."
Question about metal lid cd56dc,"To dispose of metal lid, please use the dry waste recycling bin."
Question about office paper 0aa61a,"To dispose of office paper, please use the dry waste recycling bin."
Question about detergent bottle 840dd1,"To dispose of detergent bottle, please use the dry waste recycling bin."
Question about shampoo bottle 19c62a,"To dispose of shampoo bottle, please use the dry waste recycling bin."
Question about milk carton 7e9051,"To dispose of milk carton, please use the dry waste recycling bin."
Question about plastic container f3ad81,"To dispose of plastic container, please use the dry waste recycling bin."
Question about plastic cup 5dc225,"To dispose of plastic cup, please use the dry waste recycling bin."
Question about cookie box b511e9,"To dispose of cookie box, please use the dry waste recycling bin."
Question about wrapping paper 11932c,"To dispose of wrapping paper, please use the dry waste recycling bin."
Question about milk carton ab4749,"To dispose of milk carton, please use the dry waste recycling bin."
Question about wrapping paper 30d8ec,"To dispose of wrapping paper, please use the dry waste recycling bin."
Question about tin can 6c151c,"To dispose of tin can, please use the dry waste recycling bin."
Question about cookie box 7a0fa6,"To dispose of cookie box, please use the dry waste recycling bin."
Question about plastic container dde01f,"To dispose of plastic container, please use the dry waste recycling bin."
Question about soda can e0d31a,"To dispose of soda can, please use the dry waste recycling bin."
Question about paper bag b1aea4,"To dispose of paper bag, please use the dry waste recycling bin."
Question about aluminum foil f7efdc,"To dispose of aluminum foil, please use the dry waste recycling bin."
Question about detergent bottle fbf862,"To dispose of detergent bottle, please use the dry waste recycling bin."
Question about shampoo bottle 7e4ec0,"To dispose of shampoo bottle, please use the dry waste recycling bin."
Question about cookie box 294b11,"To dispose of cookie box, please use the dry waste recycling bin."
Question about glass jar c8e6de,"To dispose of glass jar, please use the dry waste recycling bin."
Question about aluminum foil 876c8e,"To dispose of aluminum foil, please use the dry waste recycling bin."
Question about broken glass 53db8c,"To dispose of broken glass, please use the dry waste recycling bin."
Question about shampoo bottle 2d4002,"To dispose of shampoo bottle, please use the dry waste recycling bin."
Question about empty deodorant 6b21dc,"To dispose of empty deodorant, please use the dry waste recycling bin."
Question about cookie box b16680,"To dispose of cookie box, please use the dry waste recycling bin."
Question about milk carton 79c7f0,"To dispose of milk carton, please use the dry waste recycling bin."
Question about tin can d46f88,"To dispose of tin can, please use the dry waste recycling bin."
Question about magazine a257c4,"To dispose of magazine, please use the dry waste recycling bin."
Question about broken glass 3b3faa,"To dispose of broken glass, please use the dry waste recycling bin."
Question about plastic cup 3c7235,"To dispose of plastic cup, please use the dry waste recycling bin."
Question about metal lid 2e58f9,"To dispose of metal lid, please use the dry waste recycling bin."
Question about office paper 81affb,"To dispose of office paper, please use the dry waste recycling bin."
Question about tin can bba559,"To dispose of tin can, please use the dry waste recycling bin."
Question about shampoo bottle 4715d2,"To dispose of shampoo bottle, please use the dry waste recycling bin."
Question about broken glass 0d6ece,"To dispose of broken glass, please use the dry waste recycling bin."
Question about broken glass d74220,"To dispose of broken glass, please use the dry waste recycling bin."
Question about glass jar b0fcee,"To dispose of glass jar, please use the dry waste recycling bin."
Question about cardboard 64b94f,"To dispose of cardboard, please use the dry waste recycling bin."
Question about plastic cup 881887,"To dispose of plastic cup, please use the dry waste recycling bin."
Question about junk mail 8a7e7e,"To dispose of junk mail, please use the dry waste recycling bin."
Question about empty deodorant ea27ec,"To dispose of empty deodorant, please use the dry waste recycling bin."
Question about cereal box 8641cf,"To dispose of cereal box, please use the dry waste recycling bin."
Question about pizza box (clean) 49a63f,"To dispose of pizza box (clean), please use the dry waste recycling bin."
Question about newspaper 314ec3,"To dispose of newspaper, please use the dry waste recycling bin."
Question about glass jar 294c2d,"To dispose of glass jar, please use the dry waste recycling bin."
Question about beer can 03a60d,"To dispose of beer can, please use the dry waste recycling bin."
Question about plastic container ed48d7,"To dispose of plastic container, please use the dry waste recycling bin."
Question about cereal box 6c2a20,"To dispose of cereal box, please use the dry waste recycling bin."
Question about junk mail 21ae12,"To dispose of junk mail, please use the dry waste recycling bin."
Question about tin can 532583,"To dispose of tin can, please use the dry waste recycling bin."
Question about beer can bf646b,"To dispose of beer can, please use the dry waste recycling bin."
Question about junk mail a53e14,"To dispose of junk mail, please use the dry waste recycling bin."
Question about milk carton 2f221a,"To dispose of milk carton, please use the dry waste recycling bin."
Question about plastic bottle 164cba,"To dispose of plastic bottle, please use the dry waste recycling bin."
Question about junk mail 269fae,"To dispose of junk mail, please use the dry waste recycling bin."
Question about tin can 6add50,"To dispose of tin can, please use the dry waste recycling bin."
Question about glass jar aba619,"To dispose of glass jar, please use the dry waste recycling bin."
Question about plastic bottle 18d5da,"To dispose of plastic bottle, please use the dry waste recycling bin."
Question about plastic container c35fea,"To dispose of plastic container, please use the dry waste recycling bin."
Question about wine bottle d730cd,"To dispose of wine bottle, please use the dry waste recycling bin."
Question about magazine 970189,"To dispose of magazine, please use the dry waste recycling bin."
Question about beer can 738f34,"To dispose of beer can, please use the dry waste recycling bin."
Question about empty deodorant b4c1bc,"To dispose of empty deodorant, please use the dry waste recycling bin."
Question about cardboard e24c89,"To dispose of cardboard, please use the dry waste recycling bin."
Question about office paper d1f1a9,"To dispose of office paper, please use the dry waste recycling bin."
Question about pizza box (clean) 258bf5,"To dispose of pizza box (clean), please use the dry waste recycling bin."
Question about beer can db7e47,"To dispose of beer can, please use the dry waste recycling bin."
Question about shampoo bottle 21c638,"To dispose of shampoo bottle, please use the dry waste recycling bin."
Question about plastic bottle 76ece1,"To dispose of plastic bottle, please use the dry waste recycling bin."
Question about cereal box 9a081d,"To dispose of cereal box, please use the dry waste recycling bin."
Question about office paper fa9208,"To dispose of office paper, please use the dry waste recycling bin."
Question about cookie box 29d15f,"To dispose of cookie box, please use the dry waste recycling bin."
Question about soda can 857a4d,"To dispose of soda can, please use the dry waste recycling bin."
Question about office paper 8a89e5,"To dispose of office paper, please use the dry waste recycling bin."
Question about plastic bottle 2d094e,"To dispose of plastic bottle, please use the dry waste recycling bin."
Question about office paper bb6a00,"To dispose of office paper, please use the dry waste recycling bin."
Question about cardboard 65aad4,"To dispose of cardboard, please use the dry waste recycling bin."
Question about wine bottle efd9a4,"To dispose of wine bottle, please use the dry waste recycling bin."
Question about shampoo bottle 5417f7,"To dispose of shampoo bottle, please use the dry waste recycling bin."
Question about plastic container 093078,"To dispose of plastic container, please use the dry waste recycling bin."
Question about broken glass 3fd7ab,"To dispose of broken glass, please use the dry waste recycling bin."
Question about cookie box 7f92ee,"To dispose of cookie box, please use the dry waste recycling bin."
Question about plastic container 17789c,"To dispose of plastic container, please use the dry waste recycling bin."
Question about office paper a56e35,"To dispose of office paper, please use the dry waste recycling bin."
Question about junk mail f70833,"To dispose of junk mail, please use the dry waste recycling bin."
Question about broken glass 9b5ee1,"To dispose of broken glass, please use the dry waste recycling bin."
Question about cookie box 364ebb,"To dispose of cookie box, please use the dry waste recycling bin."
Question about soda can df0970,"To dispose of soda can, please use the dry waste recycling bin."
Question about aluminum foil ade8c1,"To dispose of aluminum foil, please use the dry waste recycling bin."
Question about milk carton 861e3c,"To dispose of milk carton, please use the dry waste recycling bin."
Question about metal lid de1d59,"To dispose of metal lid, please use the dry waste recycling bin."
Question about pizza box (clean) 8c475c,"To dispose of pizza box (clean), please use the dry waste recycling bin."
Question about paper bag d54dae,"To dispose of paper bag, please use the dry waste recycling bin."
Question about detergent bottle 506f75,"To dispose of detergent bottle, please use the dry waste recycling bin."
Question about tin can df83d9,"To dispose of tin can, please use the dry waste recycling bin."
Question about plastic bottle 1368e8,"To dispose of plastic bottle, please use the dry waste recycling bin."
Question about detergent bottle f20eba,"To dispose of detergent bottle, please use the dry waste recycling bin."
Question about shampoo bottle ebff48,"To dispose of shampoo bottle, please use the dry waste recycling bin."
Question about plastic bottle 203055,"To dispose of plastic bottle, please use the dry waste recycling bin."
Question about wrapping paper 32aeeb,"To dispose of wrapping paper, please use the dry waste recycling bin."
Question about cardboard d718e2,"To dispose of cardboard, please use the dry waste recycling bin."
Question about soda can e10e54,"To dispose of soda can, please use the dry waste recycling bin."
Question about magazine 38c29f,"To dispose of magazine, please use the dry waste recycling bin."
Question about magazine 3c281b,"To dispose of magazine, please use the dry waste recycling bin."
Question about cookie box 57832e,"To dispose of cookie box, please use the dry waste recycling bin."
Question about wrapping paper fc6031,"To dispose of wrapping paper, please use the dry waste recycling bin."
Question about beer can 64539b,"To dispose of beer can, please use the dry waste recycling bin."
Question about cereal box 4780f8,"To dispose of cereal box, please use the dry waste recycling bin."
Question about wrapping paper 1a3b13,"To dispose of wrapping paper, please use the dry waste recycling bin."
Question about soda can 260e4e,"To dispose of soda can, please use the dry waste recycling bin."
Question about shampoo bottle faf805,"To dispose of shampoo bottle, please use the dry waste recycling bin."
Question about pizza box (clean) 974491,"To dispose of pizza box (clean), please use the dry waste recycling bin."
Question about detergent bottle c617d7,"To dispose of detergent bottle, please use the dry waste recycling bin."
Question about shampoo bottle 248531,"To dispose of shampoo bottle, please use the dry waste recycling bin."
Question about empty deodorant cec723,"To dispose of empty deodorant, please use the dry waste recycling bin."
Question about shampoo bottle 25f9e0,"To dispose of shampoo bottle, please use the dry waste recycling bin."
Question about milk carton eef4e9,"To dispose of milk carton, please use the dry waste recycling bin."
Question about aluminum foil 6144f2,"To dispose of aluminum foil, please use the dry waste recycling bin."
Question about aluminum foil 057bf8,"To dispose of aluminum foil, please use the dry waste recycling bin."
Question about magazine bd928b,"To dispose of magazine, please use the dry waste recycling bin."
Question about milk carton 0676a7,"To dispose of milk carton, please use the dry waste recycling bin."
Question about plastic bottle 46a491,"To dispose of plastic bottle, please use the dry waste recycling bin."
Question about soda can 9476dd,"To dispose of soda can, please use the dry waste recycling bin."
Question about junk mail 9ff1bf,"To dispose of junk mail, please use the dry waste recycling bin."
Question about wrapping paper 4acfc8,"To dispose of wrapping paper, please use the dry waste recycling bin."
Question about broken glass 8b3752,"To dispose of broken glass, please use the dry waste recycling bin."
Question about plastic cup 693591,"To dispose of plastic cup, please use the dry waste recycling bin."
Question about cardboard 6256b9,"To dispose of cardboard, please use the dry waste recycling bin."
Question about plastic cup 491cf2,"To dispose of plastic cup, please use the dry waste recycling bin."
Question about magazine f3e56a,"To dispose of magazine, please use the dry waste recycling bin."
Question about beer can 2d6e81,"To dispose of beer can, please use the dry waste recycling bin."
Question about plastic cup 5f2194,"To dispose of plastic cup, please use the dry waste recycling bin."
Question about magazine 9e2468,"To dispose of magazine, please use the dry waste recycling bin."
Question about wrapping paper ce45ad,"To dispose of wrapping paper, please use the dry waste recycling bin."
Question about beer can df0b98,"To dispose of beer can, please use the dry waste recycling bin."
Question about cookie box fc042d,"To dispose of cookie box, please use the dry waste recycling bin."
Question about detergent bottle 4018a3,"To dispose of detergent bottle, please use the dry waste recycling bin."
Question about plastic container 405c62,"To dispose of plastic container, please use the dry waste recycling bin."
Question about paper bag c1624a,"To dispose of paper bag, please use the dry waste recycling bin."
Question about broken glass eb446d,"To dispose of broken glass, please use the dry waste recycling bin."
Question about pizza box (clean) 19fd6f,"To dispose of pizza box (clean), please use the dry waste recycling bin."
Question about empty deodorant e26ff8,"To dispose of empty deodorant, please use the dry waste recycling bin."
Question about beer can d579e3,"To dispose of beer can, please use the dry waste recycling bin."
Question about metal lid 04fc67,"To dispose of metal lid, please use the dry waste recycling bin."
Question about empty deodorant 0061ec,"To dispose of empty deodorant, please use the dry waste recycling bin."
Question about beer can a756ce,"To dispose of beer can, please use the dry waste recycling bin."
Question about metal lid 92b6d1,"To dispose of metal lid, please use the dry waste recycling bin."
Question about detergent bottle 61d295,"To dispose of detergent bottle, please use the dry waste recycling bin."
Question about cardboard 53ad1f,"To dispose of cardboard, please use the dry waste recycling bin."
Question about junk mail 3fc565,"To dispose of junk mail, please use the dry waste recycling bin."
Question about glass jar eb1f5a,"To dispose of glass jar, please use the dry waste recycling bin."
Question about empty deodorant b05cdb,"To dispose of empty deodorant, please use the dry waste recycling bin."
Question about metal lid 118dc6,"To dispose of metal lid, please use the dry waste recycling bin."
Question about beer can 2d7b44,"To dispose of beer can, please use the dry waste recycling bin."
Question about office paper 32f55b,"To dispose of office paper, please use the dry waste recycling bin."
Question about glass jar 23fa0d,"To dispose of glass jar, please use the dry waste recycling bin."
Question about newspaper 0323b4,"To dispose of newspaper, please use the dry waste recycling bin."
Question about beer can 3d9374,"To dispose of beer can, please use the dry waste recycling bin."
Question about pizza box (clean) d7709f,"To dispose of pizza box (clean), please use the dry waste recycling bin."
Question about tin can d383d6,"To dispose of tin can, please use the dry waste recycling bin."
Question about cookie box 733e0c,"To dispose of cookie box, please use the dry waste recycling bin."
Question about cereal box d85eee,"To dispose of cereal box, please use the dry waste recycling bin."
Question about office paper 6d49ee,"To dispose of office paper, please use the dry waste recycling bin."
Question about wine bottle 745759,"To dispose of wine bottle, please use the dry waste recycling bin."
Question about milk carton c75fda,"To dispose of milk carton, please use the dry waste recycling bin."
Question about aluminum foil f0803d,"To dispose of aluminum foil, please use the dry waste recycling bin."
Question about cardboard 997556,"To dispose of cardboard, please use the dry waste recycling bin."
Question about newspaper 7abb9a,"To dispose of newspaper, please use the dry waste recycling bin."
Question about paper bag 7d7ced,"To dispose of paper bag, please use the dry waste recycling bin."
Question about plastic container 7cb73c,"To dispose of plastic container, please use the dry waste recycling bin."
Question about shampoo bottle 6d14d7,"To dispose of shampoo bottle, please use the dry waste recycling bin."
Question about plastic bottle c7a385,"To dispose of plastic bottle, please use the dry waste recycling bin."
Question about wrapping paper 13d598,"To dispose of wrapping paper, please use the dry waste recycling bin."
Question about milk carton c5fc4a,"To dispose of milk carton, please use the dry waste recycling bin."
Question about newspaper 55bd6f,"To dispose of newspaper, please use the dry waste recycling bin."
Question about plastic container ac24de,"To dispose of plastic container, please use the dry waste recycling bin."
Question about newspaper e193cf,"To dispose of newspaper, please use the dry waste recycling bin."
Question about cereal box 39d00e,"To dispose of cereal box, please use the dry waste recycling bin."
Question about newspaper 070ee4,"To dispose of newspaper, please use the dry waste recycling bin."
Question about broken glass 463ee9,"To dispose of broken glass, please use the dry waste recycling bin."
Question about junk mail aeba10,"To dispose of junk mail, please use the dry waste recycling bin."
Question about cardboard 07a988,"To dispose of cardboard, please use the dry waste recycling bin."
Question about pizza box (clean) fdbd4a,"To dispose of pizza box (clean), please use the dry waste recycling bin."
Question about cookie box dd3441,"To dispose of cookie box, please use the dry waste recycling bin."
Question about beer can dbb847,"To dispose of beer can, please use the dry waste recycling bin."
Question about cardboard 4a268d,"To dispose of cardboard, please use the dry waste recycling bin."
Question about plastic cup 27c362,"To dispose of plastic cup, please use the dry waste recycling bin."
Question about metal lid 93ad77,"To dispose of metal lid, please use the dry waste recycling bin."
Question about beer can 5ec613,"To dispose of beer can, please use the dry waste recycling bin."
Question about metal lid ae4998,"To dispose of metal lid, please use the dry waste recycling bin."
Question about paper bag e86604,"To dispose of paper bag, please use the dry waste recycling bin."
Question about cardboard 1a7096,"To dispose of cardboard, please use the dry waste recycling bin."
Question about cookie box 838d0a,"To dispose of cookie box, please use the dry waste recycling bin."
Question about aluminum foil ac77e5,"To dispose of aluminum foil, please use the dry waste recycling bin."
Question about glass jar 58b8b8,"To dispose of glass jar, please use the dry waste recycling bin."
Question about beer can d06056,"To dispose of beer can, please use the dry waste recycling bin."
Question about office paper 44c1cc,"To dispose of office paper, please use the dry waste recycling bin."
Question about soda can eebf0d,"To dispose of soda can, please use the dry waste recycling bin."
Question about plastic container 148d5f,"To dispose of plastic container, please use the dry waste recycling bin."
Question about broken glass a093aa,"To dispose of broken glass, please use the dry waste recycling bin."
Question about glass jar 52e8cb,"To dispose of glass jar, please use the dry waste recycling bin."
Question about office paper 35b481,"To dispose of office paper, please use the dry waste recycling bin."
Question about aluminum foil 378fba,"To dispose of aluminum foil, please use the dry waste recycling bin."
Question about detergent bottle deb1be,"To dispose of detergent bottle, please use the dry waste recycling bin."
Question about plastic cup d38046,"To dispose of plastic cup, please use the dry waste recycling bin."
Question about plastic container a4892e,"To dispose of plastic container, please use the dry waste recycling bin."
Question about pizza box (clean) a37fbb,"To dispose of pizza box (clean), please use the dry waste recycling bin."
Question about paper bag 859324,"To dispose of paper bag, please use the dry waste recycling bin."
Question about plastic bottle aef696,"To dispose of plastic bottle, please use the dry waste recycling bin."
Question about cookie box 3ce9a0,"To dispose of cookie box, please use the dry waste recycling bin."
Question about glass jar d717e4,"To dispose of glass jar, please use the dry waste recycling bin."
Question about broken glass 40ab4f,"To dispose of broken glass, please use the dry waste recycling bin."
Question about wrapping paper 16460d,"To dispose of wrapping paper, please use the dry waste recycling bin."
Question about plastic bottle 003b7c,"To dispose of plastic bottle, please use the dry waste recycling bin."
Question about plastic cup 7e39a2,"To dispose of plastic cup, please use the dry waste recycling bin."
Question about metal lid 203f01,"To dispose of metal lid, please use the dry waste recycling bin."
Question about tin can 49d97a,"To dispose of tin can, please use the dry waste recycling bin."
Question about cookie box 3ad0ac,"To dispose of cookie box, please use the dry waste recycling bin."
Question about cereal box 4b0b19,"To dispose of cereal box, please use the dry waste recycling bin."
Question about tin can 25ab83,"To dispose of tin can, please use the dry waste recycling bin."
Question about soda can f8e4a8,"To dispose of soda can, please use the dry waste recycling bin."
Question about glass jar a9f5bb,"To dispose of glass jar, please use the dry waste recycling bin."
Question about plastic bottle 7a2e1f,"To dispose of plastic bottle, please use the dry waste recycling bin."
Question about plastic container 672f1c,"To dispose of plastic container, please use the dry waste recycling bin."
Question about detergent bottle b4d2f9,"To dispose of detergent bottle, please use the dry waste recycling bin."
Question about wrapping paper a19adf,"To dispose of wrapping paper, please use the dry waste recycling bin."
Question about cookie box 3e17d6,"To dispose of cookie box, please use the dry waste recycling bin."
Question about wrapping paper c1fc55,"To dispose of wrapping paper, please use the dry waste recycling bin."
Question about magazine 03a2d6,"To dispose of magazine, please use the dry waste recycling bin."
Question about cereal box d8ed5c,"To dispose of cereal box, please use the dry waste recycling bin."
Question about plastic cup 68ddcf,"To dispose of plastic cup, please use the dry waste recycling bin."
Question about pizza box (clean) ed7961,"To dispose of pizza box (clean), please use the dry waste recycling bin."
Question about magazine a613f0,"To dispose of magazine, please use the dry waste recycling bin."
Question about magazine 1a15bf,"To dispose of magazine, please use the dry waste recycling bin."
Question about wrapping paper 5ac3ee,"To dispose of wrapping paper, please use the dry waste recycling bin."
Question about glass jar 4f4f77,"To dispose of glass jar, please use the dry waste recycling bin."
Question about beer can 04f7f5,"To dispose of beer can, please use the dry waste recycling bin."
Question about pizza box (clean) 138fbb,"To dispose of pizza box (clean), please use the dry waste recycling bin."
Question about office paper 35397b,"To dispose of office paper, please use the dry waste recycling bin."
Question about magazine 657e63,"To dispose of magazine, please use the dry waste recycling bin."
Question about cereal box e4d57f,"To dispose of cereal box, please use the dry waste recycling bin."
Question about metal lid 48654a,"To dispose of metal lid, please use the dry waste recycling bin."
Question about office paper 741f81,"To dispose of office paper, please use the dry waste recycling bin."
Question about wine bottle f74012,"To dispose of wine bottle, please use the dry waste recycling bin."
Question about metal lid 019ac2,"To dispose of metal lid, please use the dry waste recycling bin."
Question about plastic cup d7e6d3,"To dispose of plastic cup, please use the dry waste recycling bin."
Question about cereal box ccbf54,"To dispose of cereal box, please use the dry waste recycling bin."
Question about aluminum foil 5524ec,"To dispose of aluminum foil, please use the dry waste recycling bin."
Question about cookie box 545d02,"To dispose of cookie box, please use the dry waste recycling bin."
Question about milk carton f8d24f,"To dispose of milk carton, please use the dry waste recycling bin."
Question about pizza box (clean) 7bc565,"To dispose of pizza box (clean), please use the dry waste recycling bin."
Question about milk carton d50713,"To dispose of milk carton, please use the dry waste recycling bin."
Question about wrapping paper e13ff8,"To dispose of wrapping paper, please use the dry waste recycling bin."
Question about broken glass 7fb9be,"To dispose of broken glass, please use the dry waste recycling bin."
Question about empty deodorant 58a275,"To dispose of empty deodorant, please use the dry waste recycling bin."
Question about milk carton ff0ba6,"To dispose of milk carton, please use the dry waste recycling bin."
Question about cookie box d8e30d,"To dispose of cookie box, please use the dry waste recycling bin."
Question about plastic bottle 03e0bf,"To dispose of plastic bottle, please use the dry waste recycling bin."
Question about cardboard d14df7,"To dispose of cardboard, please use the dry waste recycling bin."
Question about broken glass 75877c,"To dispose of broken glass, please use the dry waste recycling bin."
Question about office paper e4769e,"To dispose of office paper, please use the dry waste recycling bin."
Question about plastic container 1cef0d,"To dispose of plastic container, please use the dry waste recycling bin."
Question about cardboard 3d1761,"To dispose of cardboard, please use the dry waste recycling bin."
Question about plastic container cfd3bf,"To dispose of plastic container, please use the dry waste recycling bin."
Question about glass jar 95e855,"To dispose of glass jar, please use the dry waste recycling bin."
Question about office paper 317984,"To dispose of office paper, please use the dry waste recycling bin."
Question about junk mail 6ea8e5,"To dispose of junk mail, please use the dry waste recycling bin."
Question about wine bottle 510a02,"To dispose of wine bottle, please use the dry waste recycling bin."
Question about aluminum foil 69884b,"To dispose of aluminum foil, please use the dry waste recycling bin."
Question about newspaper d873d7,"To dispose of newspaper, please use the dry waste recycling bin."
Question about beer can c8aa2d,"To dispose of beer can, please use the dry waste recycling bin."
Question about tin can 176b01,"To dispose of tin can, please use the dry waste recycling bin."
Question about junk mail 53db2b,"To dispose of junk mail, please use the dry waste recycling bin."
Question about cookie box a596c3,"To dispose of cookie box, please use the dry waste recycling bin."
Question about wine bottle 0a94eb,"To dispose of wine bottle, please use the dry waste recycling bin."
Question about newspaper cdd18d,"To dispose of newspaper, please use the dry waste recycling bin."
Question about plastic bottle 637abb,"To dispose of plastic bottle, please use the dry waste recycling bin."
Question about plastic container 4fb9f6,"To dispose of plastic container, please use the dry waste recycling bin."
Question about tin can faaf31,"To dispose of tin can, please use the dry waste recycling bin."
Question about empty deodorant d7073f,"To dispose of empty deodorant, please use the dry waste recycling bin."
Question about junk mail 407c4f,"To dispose of junk mail, please use the dry waste recycling bin."
Question about paper bag 9b14da,"To dispose of paper bag, please use the dry waste recycling bin."
Question about wrapping paper db0540,"To dispose of wrapping paper, please use the dry waste recycling bin."
Question about beer can 7193f9,"To dispose of beer can, please use the dry waste recycling bin."
Question about office paper 7fcaef,"To dispose of office paper, please use the dry waste recycling bin."
Question about office paper 4930ef,"To dispose of office paper, please use the dry waste recycling bin."
Question about plastic cup ac0a5b,"To dispose of plastic cup, please use the dry waste recycling bin."
Question about cookie box 9ca6f9,"To dispose of cookie box, please use the dry waste recycling bin."
Question about empty deodorant 7deb99,"To dispose of empty deodorant, please use the dry waste recycling bin."
Question about junk mail 158556,"To dispose of junk mail, please use the dry waste recycling bin."
Question about cereal box 13a9c3,"To dispose of cereal box, please use the dry waste recycling bin."
Question about tin can a8e5cf,"To dispose of tin can, please use the dry waste recycling bin."
Question about magazine c9091d,"To dispose of magazine, please use the dry waste recycling bin."
Question about beer can 94b038,"To dispose of beer can, please use the dry waste recycling bin."
Question about wrapping paper ca4fee,"To dispose of wrapping paper, please use the dry waste recycling bin."
Question about plastic cup 586a3e,"To dispose of plastic cup, please use the dry waste recycling bin."
Question about broken glass fc4b87,"To dispose of broken glass, please use the dry waste recycling bin."
Question about shampoo bottle 0af711,"To dispose of shampoo bottle, please use the dry waste recycling bin."
Question about wine bottle 2b6420,"To dispose of wine bottle, please use the dry waste recycling bin."
Question about tin can d14a6e,"To dispose of tin can, please use the dry waste recycling bin."
Question about glass jar 072a8d,"To dispose of glass jar, please use the dry waste recycling bin."
Question about newspaper 898504,"To dispose of newspaper, please use the dry waste recycling bin."
Question about cardboard 701178,"To dispose of cardboard, please use the dry waste recycling bin."
Question about newspaper 646d82,"To dispose of newspaper, please use the dry waste recycling bin."
Question about wrapping paper b9bc2a,"To dispose of wrapping paper, please use the dry waste recycling bin."
Question about pizza box (clean) 100078,"To dispose of pizza box (clean), please use the dry waste recycling bin."
Question about detergent bottle a4c0ce,"To dispose of detergent bottle, please use the dry waste recycling bin."
Question about magazine 9c1e29,"To dispose of magazine, please use the dry waste recycling bin."
Question about soda can fffa39,"To dispose of soda can, please use the dry waste recycling bin."
Question about empty deodorant 6e1a98,"To dispose of empty deodorant, please use the dry waste recycling bin."
Question about magazine 7903aa,"To dispose of magazine, please use the dry waste recycling bin."
Question about plastic cup 1d5f96,"To dispose of plastic cup, please use the dry waste recycling bin."
Question about wine bottle 66edc5,"To dispose of wine bottle, please use the dry waste recycling bin."
Question about plastic cup a4be94,"To dispose of plastic cup, please use the dry waste recycling bin."
Question about magazine 3c2784,"To dispose of magazine, please use the dry waste recycling bin."
Question about tin can c0d22d,"To dispose of tin can, please use the dry waste recycling bin."
Question about newspaper 03c43b,"To dispose of newspaper, please use the dry waste recycling bin."
Question about shampoo bottle 3e32bd,"To dispose of shampoo bottle, please use the dry waste recycling bin."
Question about glass jar e22f30,"To dispose of glass jar, please use the dry waste recycling bin."
Question about detergent bottle 026c57,"To dispose of detergent bottle, please use the dry waste recycling bin."
Question about cereal box 4592ed,"To dispose of cereal box, please use the dry waste recycling bin."
Question about detergent bottle e5ab3e,"To dispose of detergent bottle, please use the dry waste recycling bin."
Question about office paper 122715,"To dispose of office paper, please use the dry waste recycling bin."
Question about shampoo bottle ea454d,"To dispose of shampoo bottle, please use the dry waste recycling bin."
Question about junk mail 54303e,"To dispose of junk mail, please use the dry waste recycling bin."
Question about empty deodorant 31362f,"To dispose of empty deodorant, please use the dry waste recycling bin."
Question about wine bottle 1e2f90,"To dispose of wine bottle, please use the dry waste recycling bin."
Question about soda can d3d4ea,"To dispose of soda can, please use the dry waste recycling bin."
Question about plastic cup 470d87,"To dispose of plastic cup, please use the dry waste recycling bin."
Question about office paper 5832ca,"To dispose of office paper, please use the dry waste recycling bin."
Question about junk mail fe3ecd,"To dispose of junk mail, please use the dry waste recycling bin."
Question about plastic cup eb1ef5,"To dispose of plastic cup, please use the dry waste recycling bin."
Question about glass jar 4a0dc9,"To dispose of glass jar, please use the dry waste recycling bin."
Question about wine bottle 3acb62,"To dispose of wine bottle, please use the dry waste recycling bin."
Question about empty deodorant 98a41f,"To dispose of empty deodorant, please use the dry waste recycling bin."
Question about aluminum foil a61316,"To dispose of aluminum foil, please use the dry waste recycling bin."
Question about wrapping paper 17ee44,"To dispose of wrapping paper, please use the dry waste recycling bin."
Question about cereal box ae21fa,"To dispose of cereal box, please use the dry waste recycling bin."
Question about beer can 4efaad,"To dispose of beer can, please use the dry waste recycling bin."
Question about office paper 445f84,"To dispose of office paper, please use the dry waste recycling bin."
Question about beer can 049784,"To dispose of beer can, please use the dry waste recycling bin."
Question about cereal box 807cd9,"To dispose of cereal box, please use the dry waste recycling bin."
Question about plastic container 760c53,"To dispose of plastic container, please use the dry waste recycling bin."
Question about plastic cup 2d97fa,"To dispose of plastic cup, please use the dry waste recycling bin."
Question about tin can 097f6b,"To dispose of tin can, please use the dry waste recycling bin."
Question about broken glass 918d37,"To dispose of broken glass, please use the dry waste recycling bin."
Question about empty deodorant d9c34f,"To dispose of empty deodorant, please use the dry waste recycling bin."
Question about newspaper c14a90,"To dispose of newspaper, please use the dry waste recycling bin."
Question about newspaper b0f4a2,"To dispose of newspaper, please use the dry waste recycling bin."
Question about wine bottle 51d03f,"To dispose of wine bottle, please use the dry waste recycling bin."
Question about wrapping paper ab6041,"To dispose of wrapping paper, please use the dry waste recycling bin."
Question about tin can b57b6a,"To dispose of tin can, please use the dry waste recycling bin."
Question about cookie box f91067,"To dispose of cookie box, please use the dry waste recycling bin."
Question about junk mail 8ee0fd,"To dispose of junk mail, please use the dry waste recycling bin."
Question about newspaper 599585,"To dispose of newspaper, please use the dry waste recycling bin."
Question about plastic bottle 68cecc,"To dispose of plastic bottle, please use the dry waste recycling bin."
Question about paper bag b45005,"To dispose of paper bag, please use the dry waste recycling bin."
Question about beer can 039463,"To dispose of beer can, please use the dry waste recycling bin."
Question about plastic bottle 730a50,"To dispose of plastic bottle, please use the dry waste recycling bin."
Question about metal lid 3e262c,"To dispose of metal lid, please use the dry waste recycling bin."
Question about beer can 86e626,"To dispose of beer can, please use the dry waste recycling bin."
Question about empty deodorant aae188,"To dispose of empty deodorant, please use the dry waste recycling bin."
Question about cookie box 14c578,"To dispose of cookie box, please use the dry waste recycling bin."
Question about wine bottle 13c469,"To dispose of wine bottle, please use the dry waste recycling bin."
Question about newspaper ccbfec,"To dispose of newspaper, please use the dry waste recycling bin."
Question about plastic cup 7b6147,"To dispose of plastic cup, please use the dry waste recycling bin."
Question about newspaper a1da04,"To dispose of newspaper, please use the dry waste recycling bin."
Question about wrapping paper 343470,"To dispose of wrapping paper, please use the dry waste recycling bin."
Question about detergent bottle 983ff6,"To dispose of detergent bottle, please use the dry waste recycling bin."
Question about tin can 841b66,"To dispose of tin can, please use the dry waste recycling bin."
Question about tin can b23e5f,"To dispose of tin can, please use the dry waste recycling bin."
Question about magazine 3e57a4,"To dispose of magazine, please use the dry waste recycling bin."
Question about junk mail 2566ff,"To dispose of junk mail, please use the dry waste recycling bin."
Question about newspaper 886e35,"To dispose of newspaper, please use the dry waste recycling bin."
Question about pizza box (clean) 84a9b9,"To dispose of pizza box (clean), please use the dry waste recycling bin."
Question about cookie box f1d6da,"To dispose of cookie box, please use the dry waste recycling bin."
Question about glass jar 9f6f3d,"To dispose of glass jar, please use the dry waste recycling bin."
Question about metal lid 40431c,"To dispose of metal lid, please use the dry waste recycling bin."
Question about cereal box 594002,"To dispose of cereal box, please use the dry waste recycling bin."
Question about shampoo bottle 675809,"To dispose of shampoo bottle, please use the dry waste recycling bin."
Question about cookie box b2635b,"To dispose of cookie box, please use the dry waste recycling bin."
Question about cardboard 379485,"To dispose of cardboard, please use the dry waste recycling bin."
Question about magazine e4eb0d,"To dispose of magazine, please use the dry waste recycling bin."
Question about junk mail 3491b4,"To dispose of junk mail, please use the dry waste recycling bin."
Question about shampoo bottle 1b489f,"To dispose of shampoo bottle, please use the dry waste recycling bin."
Question about pizza box (clean) dd6839,"To dispose of pizza box (clean), please use the dry waste recycling bin."
Question about wrapping paper 543db6,"To dispose of wrapping paper, please use the dry waste recycling bin."
Question about junk mail b16ac3,"To dispose of junk mail, please use the dry waste recycling bin."
Question about beer can 3123da,"To dispose of beer can, please use the dry waste recycling bin."
Question about broken glass 43f917,"To dispose of broken glass, please use the dry waste recycling bin."
Question about cereal box 5f687a,"To dispose of cereal box, please use the dry waste recycling bin."
Question about office paper 49d04e,"To dispose of office paper, please use the dry waste recycling bin."
Question about milk carton 6db3d1,"To dispose of milk carton, please use the dry waste recycling bin."
Question about aluminum foil 773087,"To dispose of aluminum foil, please use the dry waste recycling bin."
Question about cookie box 285acc,"To dispose of cookie box, please use the dry waste recycling bin."
Question about glass jar 8ffadb,"To dispose of glass jar, please use the dry waste recycling bin."
Question about beer can 4e951f,"To dispose of beer can, please use the dry waste recycling bin."
Question about detergent bottle a95b24,"To dispose of detergent bottle, please use the dry waste recycling bin."
Question about plastic container 58ff6a,"To dispose of plastic container, please use the dry waste recycling bin."
Question about paper bag 62bb07,"To dispose of paper bag, please use the dry waste recycling bin."
Question about cereal box c41520,"To dispose of cereal box, please use the dry waste recycling bin."
Question about metal lid dfa8f4,"To dispose of metal lid, please use the dry waste recycling bin."
Question about empty deodorant 81461b,"To dispose of empty deodorant, please use the dry waste recycling bin."
Question about cardboard 41ef5b,"To dispose of cardboard, please use the dry waste recycling bin."
Question about cereal box 4869b6,"To dispose of cereal box, please use the dry waste recycling bin."
Question about wrapping paper 7c6acc,"To dispose of wrapping paper, please use the dry waste recycling bin."
Question about office paper 0e5581,"To dispose of office paper, please use the dry waste recycling bin."
Question about tin can 0c20d7,"To dispose of tin can, please use the dry waste recycling bin."
Question about junk mail 57b63f,"To dispose of junk mail, please use the dry waste recycling bin."
Question about newspaper e57c54,"To dispose of newspaper, please use the dry waste recycling bin."
Question about wine bottle ab9f32,"To dispose of wine bottle, please use the dry waste recycling bin."
Question about cookie box 8091a2,"To dispose of cookie box, please use the dry waste recycling bin."
Question about soda can 39abce,"To dispose of soda can, please use the dry waste recycling bin."
Question about tin can 832d4d,"To dispose of tin can, please use the dry waste recycling bin."
Question about empty deodorant 71d890,"To dispose of empty deodorant, please use the dry waste recycling bin."
Question about broken glass eb0599,"To dispose of broken glass, please use the dry waste recycling bin."
Question about tin can 7a60e7,"To dispose of tin can, please use the dry waste recycling bin."
Question about tin can feee96,"To dispose of tin can, please use the dry waste recycling bin."
Question about detergent bottle 37b133,"To dispose of detergent bottle, please use the dry waste recycling bin."
Question about shampoo bottle 26271a,"To dispose of shampoo bottle, please use the dry waste recycling bin."
Question about cereal box bdb45a,"To dispose of cereal box, please use the dry waste recycling bin."
Question about plastic container bb1195,"To dispose of plastic container, please use the dry waste recycling bin."
Question about aluminum foil 71b638,"To dispose of aluminum foil, please use the dry waste recycling bin."
Question about wine bottle e04106,"To dispose of wine bottle, please use the dry waste recycling bin."
Question about cookie box 6a80f3,"To dispose of cookie box, please use the dry waste recycling bin."
Question about wine bottle 869530,"To dispose of wine bottle, please use the dry waste recycling bin."
Question about milk carton 1c9e6d,"To dispose of milk carton, please use the dry waste recycling bin."
Question about cardboard 8e73ad,"To dispose of cardboard, please use the dry waste recycling bin."
Question about beer can 26424c,"To dispose of beer can, please use the dry waste recycling bin."
Question about tin can b6d6ad,"To dispose of tin can, please use the dry waste recycling bin."
Question about cereal box 6de49d,"To dispose of cereal box, please use the dry waste recycling bin."
Question about wine bottle fef2d4,"To dispose of wine bottle, please use the dry waste recycling bin."
Question about metal lid 4c7564,"To dispose of metal lid, please use the dry waste recycling bin."
Question about plastic bottle e9f43e,"To dispose of plastic bottle, please use the dry waste recycling bin."
Question about plastic cup 5cef45,"To dispose of plastic cup, please use the dry waste recycling bin."
Question about metal lid ce168e,"To dispose of metal lid, please use the dry waste recycling bin."
Question about plastic bottle 3cb894,"To dispose of plastic bottle, please use the dry waste recycling bin."
Question about glass jar 6c7a92,"To dispose of glass jar, please use the dry waste recycling bin."
Question about magazine 450e17,"To dispose of magazine, please use the dry waste recycling bin."
Question about metal lid d9032f,"To dispose of metal lid, please use the dry waste recycling bin."
Question about tin can 218106,"To dispose of tin can, please use the dry waste recycling bin."
Question about paper bag 135e1e,"To dispose of paper bag, please use the dry waste recycling bin."
Question about wrapping paper 4a7ccf,"To dispose of wrapping paper, please use the dry waste recycling bin."
Question about detergent bottle 9b440f,"To dispose of detergent bottle, please use the dry waste recycling bin."
Question about plastic bottle 0ae0a0,"To dispose of plastic bottle, please use the dry waste recycling bin."
Question about newspaper 17926c,"To dispose of newspaper, please use the dry waste recycling bin."
Question about paper bag 35596c,"To dispose of paper bag, please use the dry waste recycling bin."
Question about cardboard d04821,"To dispose of cardboard, please use the dry waste recycling bin."
Question about soda can 1c864f,"To dispose of soda can, please use the dry waste recycling bin."
Question about wrapping paper 858e2b,"To dispose of wrapping paper, please use the dry waste recycling bin."
Question about aluminum foil 974a7a,"To dispose of aluminum foil, please use the dry waste recycling bin."
Question about cardboard c1e47c,"To dispose of cardboard, please use the dry waste recycling bin."
Question about office paper 3cbd74,"To dispose of office paper, please use the dry waste recycling bin."
Question about magazine ba60ce,"To dispose of magazine, please use the dry waste recycling bin."
Question about metal lid 751f04,"To dispose of metal lid, please use the dry waste recycling bin."
Question about plastic cup e2af01,"To dispose of plastic cup, please use the dry waste recycling bin."
Question about plastic bottle aaab02,"To dispose of plastic bottle, please use the dry waste recycling bin."
Question about wine bottle 54fabf,"To dispose of wine bottle, please use the dry waste recycling bin."
Question about cereal box 5e271c,"To dispose of cereal box, please use the dry waste recycling bin."
Question about junk mail 6ca8c1,"To dispose of junk mail, please use the dry waste recycling bin."
Question about wine bottle d0f290,"To dispose of wine bottle, please use the dry waste recycling bin."
Question about wine bottle 087fbb,"To dispose of wine bottle, please use the dry waste recycling bin."
Question about tin can b43377,"To dispose of tin can, please use the dry waste recycling bin."
Question about plastic bottle 4ca777,"To dispose of plastic bottle, please use the dry waste recycling bin."
Question about junk mail 04a15d,"To dispose of junk mail, please use the dry waste recycling bin."
Question about tin can d87889,"To dispose of tin can, please use the dry waste recycling bin."
Question about aluminum foil 35b188,"To dispose of aluminum foil, please use the dry waste recycling bin."
Question about milk carton a33ff3,"To dispose of milk carton, please use the dry waste recycling bin."
Question about newspaper 4d463e,"To dispose of newspaper, please use the dry waste recycling bin."
Question about wrapping paper aa5883,"To dispose of wrapping paper, please use the dry waste recycling bin."
Question about wrapping paper bad2e8,"To dispose of wrapping paper, please use the dry waste recycling bin."
Question about broken glass 77831e,"To dispose of broken glass, please use the dry waste recycling bin."
Question about empty deodorant 2b2b2c,"To dispose of empty deodorant, please use the dry waste recycling bin."
Question about glass jar f3d68c,"To dispose of glass jar, please use the dry waste recycling bin."
Question about plastic bottle 33acd3,"To dispose of plastic bottle, please use the dry waste recycling bin."
Question about milk carton 3404b3,"To dispose of milk carton, please use the dry waste recycling bin."
Question about metal lid 29f4ca,"To dispose of metal lid, please use the dry waste recycling bin."
Question about office paper 41416f,"To dispose of office paper, please use the dry waste recycling bin."
Question about newspaper 2da167,"To dispose of newspaper, please use the dry waste recycling bin."
Question about cereal box 7bd4b3,"To dispose of cereal box, please use the dry waste recycling bin."
Question about paper bag 4148c4,"To dispose of paper bag, please use the dry waste recycling bin."
Question about aluminum foil 9ffcc7,"To dispose of aluminum foil, please use the dry waste recycling bin."
Question about magazine 5f79c6,"To dispose of magazine, please use the dry waste recycling bin."
Question about paper bag 0b4da2,"To dispose of paper bag, please use the dry waste recycling bin."
Question about shampoo bottle 71a85b,"To dispose of shampoo bottle, please use the dry waste recycling bin."
Question about newspaper 90a76d,"To dispose of newspaper, please use the dry waste recycling bin."
Question about broken glass ba0007,"To dispose of broken glass, please use the dry waste recycling bin."
Question about plastic bottle 4be7db,"To dispose of plastic bottle, please use the dry waste recycling bin."
Question about pizza box (clean) 1fd87b,"To dispose of pizza box (clean), please use the dry waste recycling bin."
Question about cereal box e70ddb,"To dispose of cereal box, please use the dry waste recycling bin."
Question about junk mail c5b846,"To dispose of junk mail, please use the dry waste recycling bin."
Question about metal lid f2ca09,"To dispose of metal lid, please use the dry waste recycling bin."
Question about broken glass f5f8ef,"To dispose of broken glass, please use the dry waste recycling bin."
Question about empty deodorant 76cd75,"To dispose of empty deodorant, please use the dry waste recycling bin."
Question about broken glass e8b281,"To dispose of broken glass, please use the dry waste recycling bin."
Question about junk mail f87bcd,"To dispose of junk mail, please use the dry waste recycling bin."
Question about paper bag 1167ad,"To dispose of paper bag, please use the dry waste recycling bin."
Question about magazine b26dac,"To dispose of magazine, please use the dry waste recycling bin."
Question about paper bag febc84,"To dispose of paper bag, please use the dry waste recycling bin."
Question about plastic container ebc58c,"To dispose of plastic container, please use the dry waste recycling bin."
Question about wrapping paper db7592,"To dispose of wrapping paper, please use the dry waste recycling bin."
Question about aluminum foil ec064b,"To dispose of aluminum foil, please use the dry waste recycling bin."
Question about tin can 785786,"To dispose of tin can, please use the dry waste recycling bin."
Question about wrapping paper af79ee,"To dispose of wrapping paper, please use the dry waste recycling bin."
Question about pizza box (clean) fa37e1,"To dispose of pizza box (clean), please use the dry waste recycling bin."
Question about plastic bottle afe1e5,"To dispose of plastic bottle, please use the dry waste recycling bin."
Question about newspaper 134281,"To dispose of newspaper, please use the dry waste recycling bin."
Question about detergent bottle 03d02d,"To dispose of detergent bottle, please use the dry waste recycling bin."
Question about beer can bcae3d,"To dispose of beer can, please use the dry waste recycling bin."
Question about plastic container 41eb74,"To dispose of plastic container, please use the dry waste recycling bin."
Question about office paper d092cf,"To dispose of office paper, please use the dry waste recycling bin."
Question about office paper e8c9cf,"To dispose of office paper, please use the dry waste recycling bin."
Question about pizza box (clean) 987410,"To dispose of pizza box (clean), please use the dry waste recycling bin."
Question about newspaper cef8e9,"To dispose of newspaper, please use the dry waste recycling bin."
Question about plastic container e29eab,"To dispose of plastic container, please use the dry waste recycling bin."
Question about aluminum foil 61ea59,"To dispose of aluminum foil, please use the dry waste recycling bin."
Question about shampoo bottle 41f661,"To dispose of shampoo bottle, please use the dry waste recycling bin."
Question about empty deodorant 32af71,"To dispose of empty deodorant, please use the dry waste recycling bin."
Question about plastic bottle 6f7972,"To dispose of plastic bottle, please use the dry waste recycling bin."
Question about tin can a7eb07,"To dispose of tin can, please use the dry waste recycling bin."
Question about plastic container 2a7973,"To dispose of plastic container, please use the dry waste recycling bin."
Question about wine bottle 396a65,"To dispose of wine bottle, please use the dry waste recycling bin."
Question about beer can fee162,"To dispose of beer can, please use the dry waste recycling bin."
Question about glass jar 188f85,"To dispose of glass jar, please use the dry waste recycling bin."
Question about newspaper 47b153,"To dispose of newspaper, please use the dry waste recycling bin."
Question about junk mail 00c838,"To dispose of junk mail, please use the dry waste recycling bin."
Question about aluminum foil 529a07,"To dispose of aluminum foil, please use the dry waste recycling bin."
Question about magazine 985fde,"To dispose of magazine, please use the dry waste recycling bin."
Question about shampoo bottle 07a63d,"To dispose of shampoo bottle, please use the dry waste recycling bin."
Question about plastic bottle b75d00,"To dispose of plastic bottle, please use the dry waste recycling bin."
Question about office paper fd283a,"To dispose of office paper, please use the dry waste recycling bin."
Question about cookie box b6fe4b,"To dispose of cookie box, please use the dry waste recycling bin."
Question about empty deodorant fc3eac,"To dispose of empty deodorant, please use the dry waste recycling bin."
Question about office paper 767064,"To dispose of office paper, please use the dry waste recycling bin."
Question about beer can fd965c,"To dispose of beer can, please use the dry waste recycling bin."
Question about empty deodorant 60bf83,"To dispose of empty deodorant, please use the dry waste recycling bin."
Question about empty deodorant 7bac65,"To dispose of empty deodorant, please use the dry waste recycling bin."
Question about pizza box (clean) b00ebb,"To dispose of pizza box (clean), please use the dry waste recycling bin."
Question about detergent bottle 4a29c7,"To dispose of detergent bottle, please use the dry waste recycling bin."
Question about aluminum foil 338c62,"To dispose of aluminum foil, please use the dry waste recycling bin."
Question about broken glass 9a01ba,"To dispose of broken glass, please use the dry waste recycling bin."
Question about office paper 02a532,"To dispose of office paper, please use the dry waste recycling bin."
Question about cookie box 8cb02c,"To dispose of cookie box, please use the dry waste recycling bin."
Question about paper bag 01c47b,"To dispose of paper bag, please use the dry waste recycling bin."
Question about milk carton ac8de9,"To dispose of milk carton, please use the dry waste recycling bin."
Question about magazine 09e575,"To dispose of magazine, please use the dry waste recycling bin."
Question about detergent bottle addacf,"To dispose of detergent bottle, please use the dry waste recycling bin."
Question about cookie box b6d20b,"To dispose of cookie box, please use the dry waste recycling bin."
Question about pizza box (clean) 140613,"To dispose of pizza box (clean), please use the dry waste recycling bin."
Question about cereal box bb45c9,"To dispose of cereal box, please use the dry waste recycling bin."
Question about tin can 711f26,"To dispose of tin can, please use the dry waste recycling bin."
Question about metal lid dd30ba,"To dispose of metal lid, please use the dry waste recycling bin."
Question about pizza box (clean) cd3100,"To dispose of pizza box (clean), please use the dry waste recycling bin."
Question about tin can 6821fa,"To dispose of tin can, please use the dry waste recycling bin."
Question about glass jar f7c528,"To dispose of glass jar, please use the dry waste recycling bin."
Question about metal lid ca4a21,"To dispose of metal lid, please use the dry waste recycling bin."
Question about wrapping paper df84d5,"To dispose of wrapping paper, please use the dry waste recycling bin."
Question about junk mail 6bf0c4,"To dispose of junk mail, please use the dry waste recycling bin."
Question about milk carton 4d43bc,"To dispose of milk carton, please use the dry waste recycling bin."
Question about plastic cup 926b46,"To dispose of plastic cup, please use the dry waste recycling bin."
Question about plastic container cc9e70,"To dispose of plastic container, please use the dry waste recycling bin."
Question about soda can 68da8b,"To dispose of soda can, please use the dry waste recycling bin."
Question about wine bottle f06b6d,"To dispose of wine bottle, please use the dry waste recycling bin."
Question about aluminum foil 1a5c3b,"To dispose of aluminum foil, please use the dry waste recycling bin."
Question about glass jar 7a8ba8,"To dispose of glass jar, please use the dry waste recycling bin."
Question about cookie box 06fff0,"To dispose of cookie box, please use the dry waste recycling bin."
Question about empty deodorant 959ad7,"To dispose of empty deodorant, please use the dry waste recycling bin."
Question about pizza box (clean) 3dd373,"To dispose of pizza box (clean), please use the dry waste recycling bin."
Question about shampoo bottle 62513f,"To dispose of shampoo bottle, please use the dry waste recycling bin."
Question about cardboard 6e2739,"To dispose of cardboard, please use the dry waste recycling bin."
Question about junk mail cf18a1,"To dispose of junk mail, please use the dry waste recycling bin."
Question about soda can 4bb985,"To dispose of soda can, please use the dry waste recycling bin."
Question about magazine d34dda,"To dispose of magazine, please use the dry waste recycling bin."
Question about pizza box (clean) ddfa82,"To dispose of pizza box (clean), please use the dry waste recycling bin."
Question about glass jar f1dfcf,"To dispose of glass jar, please use the dry waste recycling bin."
Question about plastic bottle 36f034,"To dispose of plastic bottle, please use the dry waste recycling bin."
Question about glass jar b586f0,"To dispose of glass jar, please use the dry waste recycling bin."
Question about beer can b94dc9,"To dispose of beer can, please use the dry waste recycling bin."
Question about soda can 6e1a9d,"To dispose of soda can, please use the dry waste recycling bin."
Question about junk mail b59387,"To dispose of junk mail, please use the dry waste recycling bin."
Question about plastic bottle 620033,"To dispose of plastic bottle, please use the dry waste recycling bin."
Question about detergent bottle 10ab32,"To dispose of detergent bottle, please use the dry waste recycling bin."
Question about metal lid 09ef1d,"To dispose of metal lid, please use the dry waste recycling bin."
Question about tin can 542e9a,"To dispose of tin can, please use the dry waste recycling bin."
Question about office paper 4d4f77,"To dispose of office paper, please use the dry waste recycling bin."
Question about junk mail 994b63,"To dispose of junk mail, please use the dry waste recycling bin."
Question about plastic bottle 0fb8e8,"To dispose of plastic bottle, please use the dry waste recycling bin."
Question about beer can 1e69f1,"To dispose of beer can, please use the dry waste recycling bin."
Question about wine bottle e74618,"To dispose of wine bottle, please use the dry waste recycling bin."
Question about junk mail 8779aa,"To dispose of junk mail, please use the dry waste recycling bin."
Question about newspaper b3c930,"To dispose of newspaper, please use the dry waste recycling bin."
Question about wine bottle fcf50c,"To dispose of wine bottle, please use the dry waste recycling bin."
Question about wine bottle a28ae7,"To dispose of wine bottle, please use the dry waste recycling bin."
Question about cereal box 9e46d7,"To dispose of cereal box, please use the dry waste recycling bin."
Question about junk mail b1305f,"To dispose of junk mail, please use the dry waste recycling bin."
Question about detergent bottle c559a6,"To dispose of detergent bottle, please use the dry waste recycling bin."
Question about newspaper 86e68c,"To dispose of newspaper, please use the dry waste recycling bin."
Question about cookie box d620d6,"To dispose of cookie box, please use the dry waste recycling bin."
Question about cardboard 45275e,"To dispose of cardboard, please use the dry waste recycling bin."
Question about plastic container 367020,"To dispose of plastic container, please use the dry waste recycling bin."
Question about shampoo bottle 7de936,"To dispose of shampoo bottle, please use the dry waste recycling bin."
Question about glass jar 4166e7,"To dispose of glass jar, please use the dry waste recycling bin."
Question about shampoo bottle 3a5ace,"To dispose of shampoo bottle, please use the dry waste recycling bin."
Question about glass jar 2079c5,"To dispose of glass jar, please use the dry waste recycling bin."
Question about office paper cdc64a,"To dispose of office paper, please use the dry waste recycling bin."
Question about office paper bff1bd,"To dispose of office paper, please use the dry waste recycling bin."
Question about glass jar 4bc32e,"To dispose of glass jar, please use the dry waste recycling bin."
Question about paper bag d78005,"To dispose of paper bag, please use the dry waste recycling bin."
Question about cardboard 7b02cd,"To dispose of cardboard, please use the dry waste recycling bin."
Question about beer can 6525f1,"To dispose of beer can, please use the dry waste recycling bin."
Question about newspaper 620d5f,"To dispose of newspaper, please use the dry waste recycling bin."
Question about metal lid 7fe263,"To dispose of metal lid, please use the dry waste recycling bin."
Question about wrapping paper fa7ca4,"To dispose of wrapping paper, please use the dry waste recycling bin."
Question about broken glass 2c376b,"To dispose of broken glass, please use the dry waste recycling bin."
Question about detergent bottle 3f3a0d,"To dispose of detergent bottle, please use the dry waste recycling bin."
Question about beer can fa71c2,"To dispose of beer can, please use the dry waste recycling bin."
Question about junk mail 59a1b7,"To dispose of junk mail, please use the dry waste recycling bin."
Question about wine bottle 6b36c8,"To dispose of wine bottle, please use the dry waste recycling bin."
Question about cereal box 120d71,"To dispose of cereal box, please use the dry waste recycling bin."
Question about plastic bottle 50a4ff,"To dispose of plastic bottle, please use the dry waste recycling bin."
Question about paper bag 5dd78f,"To dispose of paper bag, please use the dry waste recycling bin."
Question about office paper 6b2458,"To dispose of office paper, please use the dry waste recycling bin."
Question about broken glass cfa9d5,"To dispose of broken glass, please use the dry waste recycling bin."
Question about tin can 6c10cd,"To dispose of tin can, please use the dry waste recycling bin."
Question about office paper 62ed88,"To dispose of office paper, please use the dry waste recycling bin."
Question about magazine e35505,"To dispose of magazine, please use the dry waste recycling bin."
Question about milk carton 454181,"To dispose of milk carton, please use the dry waste recycling bin."
Question about office paper e56677,"To dispose of office paper, please use the dry waste recycling bin."
Question about beer can e61754,"To dispose of beer can, please use the dry waste recycling bin."
Question about broken glass ebd1b3,"To dispose of broken glass, please use the dry waste recycling bin."
Question about shampoo bottle 1805ed,"To dispose of shampoo bottle, please use the dry waste recycling bin."
Question about junk mail d0bee2,"To dispose of junk mail, please use the dry waste recycling bin."
Question about soda can c379ac,"To dispose of soda can, please use the dry waste recycling bin."
Question about magazine 0d3e03,"To dispose of magazine, please use the dry waste recycling bin."
Question about glass jar 285f3c,"To dispose of glass jar, please use the dry waste recycling bin."
Question about paper bag 1541fd,"To dispose of paper bag, please use the dry waste recycling bin."
Question about office paper 368654,"To dispose of office paper, please use the dry waste recycling bin."
Question about broken glass b18506,"To dispose of broken glass, please use the dry waste recycling bin."
Question about wine bottle 9625d4,"To dispose of wine bottle, please use the dry waste recycling bin."
Question about metal lid a6ceb9,"To dispose of metal lid, please use the dry waste recycling bin."
Question about plastic container bfd27e,"To dispose of plastic container, please use the dry waste recycling bin."
Question about shampoo bottle 96b301,"To dispose of shampoo bottle, please use the dry waste recycling bin."
Question about office paper 6a8d4f,"To dispose of office paper, please use the dry waste recycling bin."
Question about pizza box (clean) a81b7d,"To dispose of pizza box (clean), please use the dry waste recycling bin."
Question about plastic cup c633a8,"To dispose of plastic cup, please use the dry waste recycling bin."
Question about plastic bottle 468256,"To dispose of plastic bottle, please use the dry waste recycling bin."
Question about tin can 00d028,"To dispose of tin can, please use the dry waste recycling bin."
Question about shampoo bottle 063bc2,"To dispose of shampoo bottle, please use the dry waste recycling bin."
Question about cookie box a7e6bb,"To dispose of cookie box, please use the dry waste recycling bin."
Question about magazine b1264e,"To dispose of magazine, please use the dry waste recycling bin."
Question about wrapping paper 93fe2b,"To dispose of wrapping paper, please use the dry waste recycling bin."
Question about soda can 4ac7b6,"To dispose of soda can, please use the dry waste recycling bin."
Question about cookie box 3d697a,"To dispose of cookie box, please use the dry waste recycling bin."
Question about plastic bottle af0577,"To dispose of plastic bottle, please use the dry waste recycling bin."
Question about plastic bottle 286a86,"To dispose of plastic bottle, please use the dry waste recycling bin."
Question about milk carton d526e4,"To dispose of milk carton, please use the dry waste recycling bin."
Question about soda can e50fec,"To dispose of soda can, please use the dry waste recycling bin."
Question about metal lid a3964e,"To dispose of metal lid, please use the dry waste recycling bin."
Question about pizza box (clean) 77d978,"To dispose of pizza box (clean), please use the dry waste recycling bin."
Question about plastic bottle 7d41fe,"To dispose of plastic bottle, please use the dry waste recycling bin."
Question about cardboard c60baf,"To dispose of cardboard, please use the dry waste recycling bin."
Question about wrapping paper 1c170c,"To dispose of wrapping paper, please use the dry waste recycling bin."
Question about glass jar 2b7caa,"To dispose of glass jar, please use the dry waste recycling bin."
Question about cookie box ca6493,"To dispose of cookie box, please use the dry waste recycling bin."
Question about wine bottle 118c1c,"To dispose of wine bottle, please use the dry waste recycling bin."
Question about tin can 41d456,"To dispose of tin can, please use the dry waste recycling bin."
Question about aluminum foil ed4c43,"To dispose of aluminum foil, please use the dry waste recycling bin."
Question about aluminum foil 57cb5a,"To dispose of aluminum foil, please use the dry waste recycling bin."
Question about plastic cup 6a2e69,"To dispose of plastic cup, please use the dry waste recycling bin."
Question about newspaper fcedb8,"To dispose of newspaper, please use the dry waste recycling bin."
Question about wrapping paper 0f001f,"To dispose of wrapping paper, please use the dry waste recycling bin."
Question about tin can b1e34e,"To dispose of tin can, please use the dry waste recycling bin."
Question about paper bag e8fb3b,"To dispose of paper bag, please use the dry waste recycling bin."
Question about pizza box (clean) 4fa02f,"To dispose of pizza box (clean), please use the dry waste recycling bin."
Question about plastic bottle 2feec1,"To dispose of plastic bottle, please use the dry waste recycling bin."
Question about office paper 84f629,"To dispose of office paper, please use the dry waste recycling bin."
Question about tin can 5520c1,"To dispose of tin can, please use the dry waste recycling bin."
Question about tin can af3231,"To dispose of tin can, please use the dry waste recycling bin."
Question about aluminum foil 7aaaca,"To dispose of aluminum foil, please use the dry waste recycling bin."
Question about wine bottle 86e19b,"To dispose of wine bottle, please use the dry waste recycling bin."
Question about soda can 496dc2,"To dispose of soda can, please use the dry waste recycling bin."
Question about wrapping paper 262dbc,"To dispose of wrapping paper, please use the dry waste recycling bin."
Question about beer can dc1b12,"To dispose of beer can, please use the dry waste recycling bin."
Question about plastic container e0d348,"To dispose of plastic container, please use the dry waste recycling bin."
Question about empty deodorant bc272c,"To dispose of empty deodorant, please use the dry waste recycling bin."
Question about broken glass 589ed6,"To dispose of broken glass, please use the dry waste recycling bin."
Question about wine bottle c8f467,"To dispose of wine bottle, please use the dry waste recycling bin."
Question about aluminum foil 5bc6e4,"To dispose of aluminum foil, please use the dry waste recycling bin."
Question about empty deodorant f3324f,"To dispose of empty deodorant, please use the dry waste recycling bin."
Question about cookie box ac6d20,"To dispose of cookie box, please use the dry waste recycling bin."
Question about office paper 15cc4f,"To dispose of office paper, please use the dry waste recycling bin."
Question about soda can e5e61d,"To dispose of soda can, please use the dry waste recycling bin."
Question about plastic container 53645d,"To dispose of plastic container, please use the dry waste recycling bin."
Question about plastic bottle fd4b92,"To dispose of plastic bottle, please use the dry waste recycling bin."
Question about detergent bottle 5bce18,"To dispose of detergent bottle, please use the dry waste recycling bin."
Question about empty deodorant da1ba1,"To dispose of empty deodorant, please use the dry waste recycling bin."
Question about paper bag 51cd9d,"To dispose of paper bag, please use the dry waste recycling bin."
Question about cereal box c590de,"To dispose of cereal box, please use the dry waste recycling bin."
Question about plastic cup 67c495,"To dispose of plastic cup, please use the dry waste recycling bin."
Question about beer can 2b15b7,"To dispose of beer can, please use the dry waste recycling bin."
Question about junk mail 1c2b90,"To dispose of junk mail, please use the dry waste recycling bin."
Question about wrapping paper c8fe4a,"To dispose of wrapping paper, please use the dry waste recycling bin."
Question about metal lid fc3169,"To dispose of metal lid, please use the dry waste recycling bin."
Question about detergent bottle 542222,"To dispose of detergent bottle, please use the dry waste recycling bin."
Question about empty deodorant 0d4afd,"To dispose of empty deodorant, please use the dry waste recycling bin."
Question about plastic cup d72c67,"To dispose of plastic cup, please use the dry waste recycling bin."
Question about office paper 548b5d,"To dispose of office paper, please use the dry waste recycling bin."
Question about glass jar e67c30,"To dispose of glass jar, please use the dry waste recycling bin."
Question about detergent bottle aeafe0,"To dispose of detergent bottle, please use the dry waste recycling bin."
Question about shampoo bottle 2bf30a,"To dispose of shampoo bottle, please use the dry waste recycling bin."
Question about broken glass 2705d6,"To dispose of broken glass, please use the dry waste recycling bin."
Question about aluminum foil 79a1b4,"To dispose of aluminum foil, please use the dry waste recycling bin."
Question about paper bag e2d809,"To dispose of paper bag, please use the dry waste recycling bin."
Question about plastic container 9429cc,"To dispose of plastic container, please use the dry waste recycling bin."
Question about wrapping paper a54a27,"To dispose of wrapping paper, please use the dry waste recycling bin."
Question about metal lid 89ee90,"To dispose of metal lid, please use the dry waste recycling bin."
Question about glass jar 05d8ec,"To dispose of glass jar, please use the dry waste recycling bin."
Question about plastic cup 867a32,"To dispose of plastic cup, please use the dry waste recycling bin."
Question about glass jar 129976,"To dispose of glass jar, please use the dry waste recycling bin."
Question about cookie box 497205,"To dispose of cookie box, please use the dry waste recycling bin."
Question about pizza box (clean) d71694,"To dispose of pizza box (clean), please use the dry waste recycling bin."
Question about plastic bottle 038228,"To dispose of plastic bottle, please use the dry waste recycling bin."
Question about broken glass 94179d,"To dispose of broken glass, please use the dry waste recycling bin."
Question about cookie box c1a277,"To dispose of cookie box, please use the dry waste recycling bin."
Question about aluminum foil a81d1f,"To dispose of aluminum foil, please use the dry waste recycling bin."
Question about cereal box 9aa96b,"To dispose of cereal box, please use the dry waste recycling bin."
Question about detergent bottle 9ab009,"To dispose of detergent bottle, please use the dry waste recycling bin."
Question about pizza box (clean) bfe430,"To dispose of pizza box (clean), please use the dry waste recycling bin."
Question about cereal box c7cba8,"To dispose of cereal box, please use the dry waste recycling bin."
Question about beer can 6afbb9,"To dispose of beer can, please use the dry waste recycling bin."
Question about wine bottle b5622e,"To dispose of wine bottle, please use the dry waste recycling bin."
Question about wrapping paper e57f21,"To dispose of wrapping paper, please use the dry waste recycling bin."
Question about soda can bbd970,"To dispose of soda can, please use the dry waste recycling bin."
Question about wrapping paper c22fd3,"To dispose of wrapping paper, please use the dry waste recycling bin."
Question about pizza box (clean) 3d893b,"To dispose of pizza box (clean), please use the dry waste recycling bin."
Question about magazine 349ebc,"To dispose of magazine, please use the dry waste recycling bin."
Question about beer can 0e3ba7,"To dispose of beer can, please use the dry waste recycling bin."
Question about soda can aa04a9,"To dispose of soda can, please use the dry waste recycling bin."
Question about glass jar 826f7b,"To dispose of glass jar, please use the dry waste recycling bin."
Question about magazine ee8aab,"To dispose of magazine, please use the dry waste recycling bin."
Question about soda can 0b2c2e,"To dispose of soda can, please use the dry waste recycling bin."
Question about wrapping paper 130c3b,"To dispose of wrapping paper, please use the dry waste recycling bin."
Question about plastic cup a83e0c,"To dispose of plastic cup, please use the dry waste recycling bin."
Question about junk mail 98b64c,"To dispose of junk mail, please use the dry waste recycling bin."
Question about tin can be97aa,"To dispose of tin can, please use the dry waste recycling bin."
Question about glass jar b3ce59,"To dispose of glass jar, please use the dry waste recycling bin."
Question about magazine 2c1187,"To dispose of magazine, please use the dry waste recycling bin."
Question about metal lid d6aa37,"To dispose of metal lid, please use the dry waste recycling bin."
Question about broken glass b4cd50,"To dispose of broken glass, please use the dry waste recycling bin."
Question about soda can 661f3b,"To dispose of soda can, please use the dry waste recycling bin."
Question about junk mail d088da,"To dispose of junk mail, please use the dry waste recycling bin."
Question about cardboard e59829,"To dispose of cardboard, please use the dry waste recycling bin."
Question about magazine 6cf866,"To dispose of magazine, please use the dry waste recycling bin."
Question about milk carton 2f968d,"To dispose of milk carton, please use the dry waste recycling bin."
Question about newspaper 477292,"To dispose of newspaper, please use the dry waste recycling bin."
Question about cereal box ccfaca,"To dispose of cereal box, please use the dry waste recycling bin."
Question about cereal box dd9ca9,"To dispose of cereal box, please use the dry waste recycling bin."
Question about magazine d2a674,"To dispose of magazine, please use the dry waste recycling bin."
Question about broken glass 0990f6,"To dispose of broken glass, please use the dry waste recycling bin."
Question about glass jar 5ac7e3,"To dispose of glass jar, please use the dry waste recycling bin."
Question about office paper 9049b6,"To dispose of office paper, please use the dry waste recycling bin."
Question about cardboard c2c363,"To dispose of cardboard, please use the dry waste recycling bin."
Question about plastic container 0e1559,"To dispose of plastic container, please use the dry waste recycling bin."
Question about plastic cup ad8bca,"To dispose of plastic cup, please use the dry waste recycling bin."
Question about wrapping paper 421aa5,"To dispose of wrapping paper, please use the dry waste recycling bin."
Question about newspaper 0563a7,"To dispose of newspaper, please use the dry waste recycling bin."
Question about wrapping paper c4d2b6,"To dispose of wrapping paper, please use the dry waste recycling bin."
Question about plastic bottle 9a6edd,"To dispose of plastic bottle, please use the dry waste recycling bin."
Question about pizza box (clean) a5d7c1,"To dispose of pizza box (clean), please use the dry waste recycling bin."
Question about cookie box 64a69e,"To dispose of cookie box, please use the dry waste recycling bin."
Question about glass jar e413b5,"To dispose of glass jar, please use the dry waste recycling bin."
Question about glass jar c018ac,"To dispose of glass jar, please use the dry waste recycling bin."
Question about paper bag c0a9e1,"To dispose of paper bag, please use the dry waste recycling bin."
Question about metal lid bde15a,"To dispose of metal lid, please use the dry waste recycling bin."
Question about plastic container 92a17a,"To dispose of plastic container, please use the dry waste recycling bin."
Question about cereal box 23cf77,"To dispose of cereal box, please use the dry waste recycling bin."
Question about detergent bottle f45024,"To dispose of detergent bottle, please use the dry waste recycling bin."
Question about paper bag 5c0c58,"To dispose of paper bag, please use the dry waste recycling bin."
Question about broken glass 2cdb66,"To dispose of broken glass, please use the dry waste recycling bin."
Question about shampoo bottle bf680e,"To dispose of shampoo bottle, please use the dry waste recycling bin."
Question about metal lid c8e81d,"To dispose of metal lid, please use the dry waste recycling bin."
Question about aluminum foil e5cf08,"To dispose of aluminum foil, please use the dry waste recycling bin."
Question about beer can a38b7a,"To dispose of beer can, please use the dry waste recycling bin."
Question about wrapping paper a5e166,"To dispose of wrapping paper, please use the dry waste recycling bin."
Question about aluminum foil 74cad0,"To dispose of aluminum foil, please use the dry waste recycling bin."
Question about junk mail 932a53,"To dispose of junk mail, please use the dry waste recycling bin."
Question about paper bag ce41e5,"To dispose of paper bag, please use the dry waste recycling bin."
Question about tin can 67751b,"To dispose of tin can, please use the dry waste recycling bin."
Question about plastic container 3a8ed8,"To dispose of plastic container, please use the dry waste recycling bin."
Question about pizza box (clean) c053a1,"To dispose of pizza box (clean), please use the dry waste recycling bin."
Question about plastic bottle 6f2c4b,"To dispose of plastic bottle, please use the dry waste recycling bin."
Question about newspaper 520875,"To dispose of newspaper, please use the dry waste recycling bin."
Question about junk mail d1e3bc,"To dispose of junk mail, please use the dry waste recycling bin."
Question about metal lid c21a74,"To dispose of metal lid, please use the dry waste recycling bin."
Question about tin can 9b7cf4,"To dispose of tin can, please use the dry waste recycling bin."
Question about cookie box 795e0b,"To dispose of cookie box, please use the dry waste recycling bin."
Question about broken glass 656526,"To dispose of broken glass, please use the dry waste recycling bin."
Question about broken glass afbc8f,"To dispose of broken glass, please use the dry waste recycling bin."
Question about broken glass 7d57fe,"To dispose of broken glass, please use the dry waste recycling bin."
Question about pizza box (clean) 9c65b6,"To dispose of pizza box (clean), please use the dry waste recycling bin."
Question about wrapping paper 576c23,"To dispose of wrapping paper, please use the dry waste recycling bin."
Question about milk carton 272f19,"To dispose of milk carton, please use the dry waste recycling bin."
Question about cardboard a93ee4,"To dispose of cardboard, please use the dry waste recycling bin."
Question about plastic bottle 8b7577,"To dispose of plastic bottle, please use the dry waste recycling bin."
Question about paper bag c07a0b,"To dispose of paper bag, please use the dry waste recycling bin."
Question about soda can fd34d1,"To dispose of soda can, please use the dry waste recycling bin."
Question about soda can d98b5d,"To dispose of soda can, please use the dry waste recycling bin."
Question about wrapping paper ec2b4a,"To dispose of wrapping paper, please use the dry waste recycling bin."
Question about beer can b785fa,"To dispose of beer can, please use the dry waste recycling bin."
Question about plastic container 8528c0,"To dispose of plastic container, please use the dry waste recycling bin."
Question about broken glass 39d078,"To dispose of broken glass, please use the dry waste recycling bin."
Question about newspaper 37c765,"To dispose of newspaper, please use the dry waste recycling bin."
Question about tin can 9331a9,"To dispose of tin can, please use the dry waste recycling bin."
Question about magazine b93dba,"To dispose of magazine, please use the dry waste recycling bin."
Question about wine bottle da8b56,"To dispose of wine bottle, please use the dry waste recycling bin."
Question about magazine 0f0b15,"To dispose of magazine, please use the dry waste recycling bin."
Question about paper bag a5e804,"To dispose of paper bag, please use the dry waste recycling bin."
Question about magazine a34746,"To dispose of magazine, please use the dry waste recycling bin."
Question about soda can 409438,"To dispose of soda can, please use the dry waste recycling bin."
Question about cardboard 7e8e68,"To dispose of cardboard, please use the dry waste recycling bin."
Question about broken glass 04756a,"To dispose of broken glass, please use the dry waste recycling bin."
Question about glass jar ec3c66,"To dispose of glass jar, please use the dry waste recycling bin."
Question about office paper 5726b3,"To dispose of office paper, please use the dry waste recycling bin."
Question about broken glass e54984,"To dispose of broken glass, please use the dry waste recycling bin."
Question about metal lid 3bfab9,"To dispose of metal lid, please use the dry waste recycling bin."
Question about junk mail 271010,"To dispose of junk mail, please use the dry waste recycling bin."
Question about plastic container 6898bc,"To dispose of plastic container, please use the dry waste recycling bin."
Question about paper bag 328a3a,"To dispose of paper bag, please use the dry waste recycling bin."
Question about pizza box (clean) 0adbb0,"To dispose of pizza box (clean), please use the dry waste recycling bin."
Question about paper bag f4ec23,"To dispose of paper bag, please use the dry waste recycling bin."
Question about plastic bottle 1d168a,"To dispose of plastic bottle, please use the dry waste recycling bin."
Question about plastic bottle 2670e2,"To dispose of plastic bottle, please use the dry waste recycling bin."
Question about milk carton 0a9649,"To dispose of milk carton, please use the dry waste recycling bin."
Question about broken glass e00129,"To dispose of broken glass, please use the dry waste recycling bin."
Question about pizza box (clean) e26f87,"To dispose of pizza box (clean), please use the dry waste recycling bin."
Question about shampoo bottle 2b3da8,"To dispose of shampoo bottle, please use the dry waste recycling bin."
Question about aluminum foil cf8a42,"To dispose of aluminum foil, please use the dry waste recycling bin."
Question about office paper 38166c,"To dispose of office paper, please use the dry waste recycling bin."
Question about empty deodorant 1b7564,"To dispose of empty deodorant, please use the dry waste recycling bin."
Question about milk carton e61785,"To dispose of milk carton, please use the dry waste recycling bin."
Question about newspaper 2009ff,"To dispose of newspaper, please use the dry waste recycling bin."
Question about shampoo bottle b93a23,"To dispose of shampoo bottle, please use the dry waste recycling bin."
Question about wrapping paper d9e36b,"To dispose of wrapping paper, please use the dry waste recycling bin."
Question about cookie box c643da,"To dispose of cookie box, please use the dry waste recycling bin."
Question about pizza box (clean) f659b1,"To dispose of pizza box (clean), please use the dry waste recycling bin."
Question about newspaper 22c634,"To dispose of newspaper, please use the dry waste recycling bin."
Question about paper bag b33bd7,"To dispose of paper bag, please use the dry waste recycling bin."
Question about plastic bottle 86ab3e,"To dispose of plastic bottle, please use the dry waste recycling bin."
Question about broken glass 6303ac,"To dispose of broken glass, please use the dry waste recycling bin."
Question about paper bag 7c0c16,"To dispose of paper bag, please use the dry waste recycling bin."
Question about detergent bottle 61af4c,"To dispose of detergent bottle, please use the dry waste recycling bin."
Question about beer can b58a5f,"To dispose of beer can, please use the dry waste recycling bin."
Question about junk mail 4d56a4,"To dispose of junk mail, please use the dry waste recycling bin."
Question about cereal box 3e64f3,"To dispose of cereal box, please use the dry waste recycling bin."
Question about tin can a7da9f,"To dispose of tin can, please use the dry waste recycling bin."
Question about wine bottle 21c52f,"To dispose of wine bottle, please use the dry waste recycling bin."
Question about wrapping paper 5f7d72,"To dispose of wrapping paper, please use the dry waste recycling bin."
Question about soda can 984f3b,"To dispose of soda can, please use the dry waste recycling bin."
Question about wrapping paper c84a63,"To dispose of wrapping paper, please use the dry waste recycling bin."
Question about plastic container 66c338,"To dispose of plastic container, please use the dry waste recycling bin."
Question about plastic container 34d327,"To dispose of plastic container, please use the dry waste recycling bin."
Question about wine bottle 57bee2,"To dispose of wine bottle, please use the dry waste recycling bin."
Question about tin can 3f0725,"To dispose of tin can, please use the dry waste recycling bin."
Question about shampoo bottle fe0e7e,"To dispose of shampoo bottle, please use the dry waste recycling bin."
Question about office paper ece11f,"To dispose of office paper, please use the dry waste recycling bin."
Question about soda can 3c2eb6,"To dispose of soda can, please use the dry waste recycling bin."
Question about milk carton 974001,"To dispose of milk carton, please use the dry waste recycling bin."
Question about tin can 7910ae,"To dispose of tin can, please use the dry waste recycling bin."
Question about newspaper f93956,"To dispose of newspaper, please use the dry waste recycling bin."
Question about wine bottle d5a4ee,"To dispose of wine bottle, please use the dry waste recycling bin."
Question about newspaper 73507a,"To dispose of newspaper, please use the dry waste recycling bin."
Question about plastic bottle 642142,"To dispose of plastic bottle, please use the dry waste recycling bin."
Question about cardboard c4544a,"To dispose of cardboard, please use the dry waste recycling bin."
Question about cardboard e9c082,"To dispose of cardboard, please use the dry waste recycling bin."
Question about wrapping paper 7f2f26,"To dispose of wrapping paper, please use the dry waste recycling bin."
Question about plastic bottle 4cc0fc,"To dispose of plastic bottle, please use the dry waste recycling bin."
Question about shampoo bottle 5ca223,"To dispose of shampoo bottle, please use the dry waste recycling bin."
Question about aluminum foil efd1e7,"To dispose of aluminum foil, please use the dry waste recycling bin."
Question about wine bottle 664136,"To dispose of wine bottle, please use the dry waste recycling bin."
Question about wrapping paper 8e8198,"To dispose of wrapping paper, please use the dry waste recycling bin."
Question about magazine 6e405d,"To dispose of magazine, please use the dry waste recycling bin."
Question about tin can c48204,"To dispose of tin can, please use the dry waste recycling bin."
Question about aluminum foil 7cca2d,"To dispose of aluminum foil, please use the dry waste recycling bin."
Question about plastic bottle 24d5a3,"To dispose of plastic bottle, please use the dry waste recycling bin."
Question about shampoo bottle 6e606a,"To dispose of shampoo bottle, please use the dry waste recycling bin."
Question about aluminum foil 5b0512,"To dispose of aluminum foil, please use the dry waste recycling bin."
Question about magazine 3b89ce,"To dispose of magazine, please use the dry waste recycling bin."
Question about glass jar 05cb14,"To dispose of glass jar, please use the dry waste recycling bin."
Question about wine bottle 0eca03,"To dispose of wine bottle, please use the dry waste recycling bin."
Question about wrapping paper fb9927,"To dispose of wrapping paper, please use the dry waste recycling bin."
Question about plastic cup 1c6c91,"To dispose of plastic cup, please use the dry waste recycling bin."
Question about shampoo bottle ddc060,"To dispose of shampoo bottle, please use the dry waste recycling bin."
Question about newspaper 9c7203,"To dispose of newspaper, please use the dry waste recycling bin."
Question about wrapping paper 340ef2,"To dispose of wrapping paper, please use the dry waste recycling bin."
Question about cereal box 7553e0,"To dispose of cereal box, please use the dry waste recycling bin."
Question about plastic bottle 684847,"To dispose of plastic bottle, please use the dry waste recycling bin."
Question about pizza box (clean) c244a7,"To dispose of pizza box (clean), please use the dry waste recycling bin."
Question about cookie box e517a7,"To dispose of cookie box, please use the dry waste recycling bin."
Question about broken glass d5c0a4,"To dispose of broken glass, please use the dry waste recycling bin."
Question about beer can f7ad80,"To dispose of beer can, please use the dry waste recycling bin."
Question about empty deodorant 2a71aa,"To dispose of empty deodorant, please use the dry waste recycling bin."
Question about broken glass 7e6c0b,"To dispose of broken glass, please use the dry waste recycling bin."
Question about cardboard c58eb7,"To dispose of cardboard, please use the dry waste recycling bin."
Question about tin can 381772,"To dispose of tin can, please use the dry waste recycling bin."
Question about newspaper 26e971,"To dispose of newspaper, please use the dry waste recycling bin."
Question about soda can 3041a4,"To dispose of soda can, please use the dry waste recycling bin."
Question about wrapping paper fb62dd,"To dispose of wrapping paper, please use the dry waste recycling bin."
Question about plastic cup 542048,"To dispose of plastic cup, please use the dry waste recycling bin."
Question about shampoo bottle b46fa5,"To dispose of shampoo bottle, please use the dry waste recycling bin."
Question about metal lid 7f6702,"To dispose of metal lid, please use the dry waste recycling bin."
Question about metal lid a1db6a,"To dispose of metal lid, please use the dry waste recycling bin."
Question about glass jar 35de0b,"To dispose of glass jar, please use the dry waste recycling bin."
Question about paper bag 3e793c,"To dispose of paper bag, please use the dry waste recycling bin."
Question about shampoo bottle 44f093,"To dispose of shampoo bottle, please use the dry waste recycling bin."
Question about wrapping paper 81ac37,"To dispose of wrapping paper, please use the dry waste recycling bin."
Question about soda can abcc93,"To dispose of soda can, please use the dry waste recycling bin."
Question about glass jar ab4c7f,"To dispose of glass jar, please use the dry waste recycling bin."
Question about beer can 838efe,"To dispose of beer can, please use the dry waste recycling bin."
Question about magazine c378c0,"To dispose of magazine, please use the dry waste recycling bin."
Question about newspaper 131c09,"To dispose of newspaper, please use the dry waste recycling bin."
Question about milk carton f699cf,"To dispose of milk carton, please use the dry waste recycling bin."
Question about magazine 69d35c,"To dispose of magazine, please use the dry waste recycling bin."
Question about glass jar ac8418,"To dispose of glass jar, please use the dry waste recycling bin."
Question about paper bag f5424c,"To dispose of paper bag, please use the dry waste recycling bin."
Question about plastic container c8b343,"To dispose of plastic container, please use the dry waste recycling bin."
Question about plastic container cd03ae,"To dispose of plastic container, please use the dry waste recycling bin."
Question about tin can d9c00d,"To dispose of tin can, please use the dry waste recycling bin."
Question about milk carton 9c3407,"To dispose of milk carton, please use the dry waste recycling bin."
Question about cookie box 1a5a9d,"To dispose of cookie box, please use the dry waste recycling bin."
Question about cookie box da58db,"To dispose of cookie box, please use the dry waste recycling bin."
Question about plastic container 3b1d4b,"To dispose of plastic container, please use the dry waste recycling bin."
Question about magazine 0c93d4,"To dispose of magazine, please use the dry waste recycling bin."
Question about metal lid 16c943,"To dispose of metal lid, please use the dry waste recycling bin."
Question about cookie box 25a8f6,"To dispose of cookie box, please use the dry waste recycling bin."
Question about soda can 840687,"To dispose of soda can, please use the dry waste recycling bin."
Question about aluminum foil 89e947,"To dispose of aluminum foil, please use the dry waste recycling bin."
Question about newspaper 0f73c6,"To dispose of newspaper, please use the dry waste recycling bin."
Question about glass jar ce2f69,"To dispose of glass jar, please use the dry waste recycling bin."
Question about wrapping paper 07e07d,"To dispose of wrapping paper, please use the dry waste recycling bin."
Question about cardboard 8a3390,"To dispose of cardboard, please use the dry waste recycling bin."
Question about magazine d50cee,"To dispose of magazine, please use the dry waste recycling bin."
Question about newspaper d84641,"To dispose of newspaper, please use the dry waste recycling bin."
Question about metal lid 540f6e,"To dispose of metal lid, please use the dry waste recycling bin."
Question about wrapping paper ed9fff,"To dispose of wrapping paper, please use the dry waste recycling bin."
Question about paper bag 032360,"To dispose of paper bag, please use the dry waste recycling bin."
Question about plastic bottle 79cfb8,"To dispose of plastic bottle, please use the dry waste recycling bin."
Question about plastic cup add072,"To dispose of plastic cup, please use the dry waste recycling bin."
Question about plastic container bddec0,"To dispose of plastic container, please use the dry waste recycling bin."
Question about beer can 42ab53,"To dispose of beer can, please use the dry waste recycling bin."
Question about shampoo bottle ec8cf8,"To dispose of shampoo bottle, please use the dry waste recycling bin."
Question about plastic bottle 5a3a65,"To dispose of plastic bottle, please use the dry waste recycling bin."
Question about cereal box 0c551a,"To dispose of cereal box, please use the dry waste recycling bin."
Question about newspaper 2af37e,"To dispose of newspaper, please use the dry waste recycling bin."
Question about soda can 1ce07a,"To dispose of soda can, please use the dry waste recycling bin."
Question about plastic cup d39340,"To dispose of plastic cup, please use the dry waste recycling bin."
Question about tin can efc718,"To dispose of tin can, please use the dry waste recycling bin."
Question about cereal box 7e874e,"To dispose of cereal box, please use the dry waste recycling bin."
Question about soda can a97663,"To dispose of soda can, please use the dry waste recycling bin."
Question about plastic cup e0eced,"To dispose of plastic cup, please use the dry waste recycling bin."
Question about metal lid b79fd4,"To dispose of metal lid, please use the dry waste recycling bin."
Question about plastic container 5817d9,"To dispose of plastic container, please use the dry waste recycling bin."
Question about cereal box 2e4097,"To dispose of cereal box, please use the dry waste recycling bin."
Question about plastic cup 30dd01,"To dispose of plastic cup, please use the dry waste recycling bin."
Question about shampoo bottle 6e0752,"To dispose of shampoo bottle, please use the dry waste recycling bin."
Question about junk mail 5ba0b0,"To dispose of junk mail, please use the dry waste recycling bin."
Question about soda can 9ec001,"To dispose of soda can, please use the dry waste recycling bin."
Question about paper bag 0a033d,"To dispose of paper bag, please use the dry waste recycling bin."
Question about cookie box 7aa9a4,"To dispose of cookie box, please use the dry waste recycling bin."
Question about pizza box (clean) f345ee,"To dispose of pizza box (clean), please use the dry waste recycling bin."
Question about junk mail 9cd144,"To dispose of junk mail, please use the dry waste recycling bin."
Question about soda can 47e313,"To dispose of soda can, please use the dry waste recycling bin."
Question about paper bag f3487c,"To dispose of paper bag, please use the dry waste recycling bin."
Question about soda can a96b8a,"To dispose of soda can, please use the dry waste recycling bin."
Question about metal lid 07ecd6,"To dispose of metal lid, please use the dry waste recycling bin."
Question about magazine 2a80cc,"To dispose of magazine, please use the dry waste recycling bin."
Question about broken glass 5745ee,"To dispose of broken glass, please use the dry waste recycling bin."
Question about glass jar 147882,"To dispose of glass jar, please use the dry waste recycling bin."
Question about broken glass 1166c6,"To dispose of broken glass, please use the dry waste recycling bin."
Question about plastic cup 4f9811,"To dispose of plastic cup, please use the dry waste recycling bin."
Question about shampoo bottle 6a47da,"To dispose of shampoo bottle, please use the dry waste recycling bin."
Question about pizza box (clean) 1aee74,"To dispose of pizza box (clean), please use the dry waste recycling bin."
Question about soda can 504806,"To dispose of soda can, please use the dry waste recycling bin."
Question about magazine bccce5,"To dispose of magazine, please use the dry waste recycling bin."
Question about junk mail b5b4df,"To dispose of junk mail, please use the dry waste recycling bin."
Question about cardboard e3db8f,"To dispose of cardboard, please use the dry waste recycling bin."
Question about cookie box fbcaf4,"To dispose of cookie box, please use the dry waste recycling bin."
Question about tin can 713c0b,"To dispose of tin can, please use the dry waste recycling bin."
Question about wrapping paper cac704,"To dispose of wrapping paper, please use the dry waste recycling bin."
Question about aluminum foil 904ee0,"To dispose of aluminum foil, please use the dry waste recycling bin."
Question about soda can 687175,"To dispose of soda can, please use the dry waste recycling bin."
Question about cereal box cb6570,"To dispose of cereal box, please use the dry waste recycling bin."
Question about tin can 6321ec,"To dispose of tin can, please use the dry waste recycling bin."
Question about beer can e1f42b,"To dispose of beer can, please use the dry waste recycling bin."
Question about beer can f2e0cd,"To dispose of beer can, please use the dry waste recycling bin."
Question about glass jar efba3a,"To dispose of glass jar, please use the dry waste recycling bin."
Question about detergent bottle 1e49b9,"To dispose of detergent bottle, please use the dry waste recycling bin."
Question about glass jar a52d7f,"To dispose of glass jar, please use the dry waste recycling bin."
Question about plastic container 454685,"To dispose of plastic container, please use the dry waste recycling bin."
Question about plastic bottle 5d2efd,"To dispose of plastic bottle, please use the dry waste recycling bin."
Question about empty deodorant 41c6ed,"To dispose of empty deodorant, please use the dry waste recycling bin."
Question about cookie box 03c481,"To dispose of cookie box, please use the dry waste recycling bin."
Question about plastic cup 5ac00a,"To dispose of plastic cup, please use the dry waste recycling bin."
Question about cereal box 46d35b,"To dispose of cereal box, please use the dry waste recycling bin."
Question about plastic container a85fd0,"To dispose of plastic container, please use the dry waste recycling bin."
Question about plastic bottle 7c1a17,"To dispose of plastic bottle, please use the dry waste recycling bin."
Question about aluminum foil 0f5935,"To dispose of aluminum foil, please use the dry waste recycling bin."
Question about tin can 3c8108,"To dispose of tin can, please use the dry waste recycling bin."
Question about tin can 50f589,"To dispose of tin can, please use the dry waste recycling bin."
Question about wine bottle ec1256,"To dispose of wine bottle, please use the dry waste recycling bin."
Question about junk mail aec888,"To dispose of junk mail, please use the dry waste recycling bin."
Question about tin can 20cc59,"To dispose of tin can, please use the dry waste recycling bin."
Question about wrapping paper 6155cd,"To dispose of wrapping paper, please use the dry waste recycling bin."
Question about paper bag 175e26,"To dispose of paper bag, please use the dry waste recycling bin."
Question about paper bag 7fb10d,"To dispose of paper bag, please use the dry waste recycling bin."
Question about beer can 577a2c,"To dispose of beer can, please use the dry waste recycling bin."
Question about magazine e08b20,"To dispose of magazine, please use the dry waste recycling bin."
Question about newspaper a51905,"To dispose of newspaper, please use the dry waste recycling bin."
Question about wrapping paper ca2c7c,"To dispose of wrapping paper, please use the dry waste recycling bin."
Question about tin can 04ebf1,"To dispose of tin can, please use the dry waste recycling bin."
Question about cereal box 2d862e,"To dispose of cereal box, please use the dry waste recycling bin."
Question about plastic cup 383432,"To dispose of plastic cup, please use the dry waste recycling bin."
Question about soda can 92178e,"To dispose of soda can, please use the dry waste recycling bin."
Question about cardboard 6c0ddf,"To dispose of cardboard, please use the dry waste recycling bin."
Question about wrapping paper e40bfe,"To dispose of wrapping paper, please use the dry waste recycling bin."
Question about beer can 9c475f,"To dispose of beer can, please use the dry waste recycling bin."
Question about detergent bottle 1ca062,"To dispose of detergent bottle, please use the dry waste recycling bin."
Question about broken glass 2764a0,"To dispose of broken glass, please use the dry waste recycling bin."
Question about pizza box (clean) 739cc2,"To dispose of pizza box (clean), please use the dry waste recycling bin."
Question about glass jar 399831,"To dispose of glass jar, please use the dry waste recycling bin."
Question about tin can 16ae95,"To dispose of tin can, please use the dry waste recycling bin."
Question about newspaper 836423,"To dispose of newspaper, please use the dry waste recycling bin."
Question about empty deodorant 9b33a6,"To dispose of empty deodorant, please use the dry waste recycling bin."
Question about magazine 2f2f25,"To dispose of magazine, please use the dry waste recycling bin."
Question about plastic container 39fcc4,"To dispose of plastic container, please use the dry waste recycling bin."
Question about glass jar 393a17,"To dispose of glass jar, please use the dry waste recycling bin."
Question about plastic bottle ffef40,"To dispose of plastic bottle, please use the dry waste recycling bin."
Question about cookie box 1310c6,"To dispose of cookie box, please use the dry waste recycling bin."
Question about cookie box d3d735,"To dispose of cookie box, please use the dry waste recycling bin."
Question about wrapping paper 6ecc93,"To dispose of wrapping paper, please use the dry waste recycling bin."
Question about aluminum foil f853c1,"To dispose of aluminum foil, please use the dry waste recycling bin."
Question about plastic bottle e1cb8d,"To dispose of plastic bottle, please use the dry waste recycling bin."
Question about wine bottle 994959,"To dispose of wine bottle, please use the dry waste recycling bin."
Question about metal lid f5cea5,"To dispose of metal lid, please use the dry waste recycling bin."
Question about office paper a43173,"To dispose of office paper, please use the dry waste recycling bin."
Question about detergent bottle 3add1f,"To dispose of detergent bottle, please use the dry waste recycling bin."
Question about cookie box c33ad5,"To dispose of cookie box, please use the dry waste recycling bin."
Question about tin can 921fd9,"To dispose of tin can, please use the dry waste recycling bin."
Question about tin can 7ffe37,"To dispose of tin can, please use the dry waste recycling bin."
Question about pizza box (clean) fd0056,"To dispose of pizza box (clean), please use the dry waste recycling bin."
Question about empty deodorant d27e9b,"To dispose of empty deodorant, please use the dry waste recycling bin."
Question about wrapping paper a99c8f,"To dispose of wrapping paper, please use the dry waste recycling bin."
Question about tin can d5ae99,"To dispose of tin can, please use the dry waste recycling bin."
Question about cookie box 6cf37e,"To dispose of cookie box, please use the dry waste recycling bin."
Question about aluminum foil d5f7d1,"To dispose of aluminum foil, please use the dry waste recycling bin."
Question about wine bottle e03964,"To dispose of wine bottle, please use the dry waste recycling bin."
Question about plastic cup f20c3d,"To dispose of plastic cup, please use the dry waste recycling bin."
Question about junk mail 1451ff,"To dispose of junk mail, please use the dry waste recycling bin."
Question about junk mail 260b0e,"To dispose of junk mail, please use the dry waste recycling bin."
Question about aluminum foil 6e3bd0,"To dispose of aluminum foil, please use the dry waste recycling bin."
Question about pizza box (clean) cb6e71,"To dispose of pizza box (clean), please use the dry waste recycling bin."
Question about soda can 9b1b71,"To dispose of soda can, please use the dry waste recycling bin."
Question about paper bag 1c1269,"To dispose of paper bag, please use the dry waste recycling bin."
Question about magazine c8a7f2,"To dispose of magazine, please use the dry waste recycling bin."
Question about empty deodorant 1851a9,"To dispose of empty deodorant, please use the dry waste recycling bin."
Question about milk carton b57bf8,"To dispose of milk carton, please use the dry waste recycling bin."
Question about empty deodorant c3fa4a,"To dispose of empty deodorant, please use the dry waste recycling bin."
Question about cardboard a933d4,"To dispose of cardboard, please use the dry waste recycling bin."
Question about plastic cup b206d5,"To dispose of plastic cup, please use the dry waste recycling bin."
Question about empty deodorant 7a978a,"To dispose of empty deodorant, please use the dry waste recycling bin."
Question about metal lid f92f1d,"To dispose of metal lid, please use the dry waste recycling bin."
Question about wrapping paper 57dcb2,"To dispose of wrapping paper, please use the dry waste recycling bin."
Question about shampoo bottle 70e726,"To dispose of shampoo bottle, please use the dry waste recycling bin."
Question about detergent bottle d9370b,"To dispose of detergent bottle, please use the dry waste recycling bin."
Question about plastic bottle 121056,"To dispose of plastic bottle, please use the dry waste recycling bin."
Question about beer can 95df62,"To dispose of beer can, please use the dry waste recycling bin."
Question about cookie box fde22c,"To dispose of cookie box, please use the dry waste recycling bin."
Question about plastic container cadede,"To dispose of plastic container, please use the dry waste recycling bin."
Question about magazine 7b9c1f,"To dispose of magazine, please use the dry waste recycling bin."
Question about wine bottle 7400ce,"To dispose of wine bottle, please use the dry waste recycling bin."
Question about pizza box (clean) 2757b0,"To dispose of pizza box (clean), please use the dry waste recycling bin."
Question about metal lid 938f2e,"To dispose of metal lid, please use the dry waste recycling bin."
Question about wine bottle 970655,"To dispose of wine bottle, please use the dry waste recycling bin."
Question about shampoo bottle 87b258,"To dispose of shampoo bottle, please use the dry waste recycling bin."
Question about wine bottle c0e469,"To dispose of wine bottle, please use the dry waste recycling bin."
Question about metal lid b903af,"To dispose of metal lid, please use the dry waste recycling bin."
Question about magazine 0ebf3c,"To dispose of magazine, please use the dry waste recycling bin."
Question about junk mail 90e5ba,"To dispose of junk mail, please use the dry waste recycling bin."
Question about cardboard 0e2cb7,"To dispose of cardboard, please use the dry waste recycling bin."
Question about cookie box 768c17,"To dispose of cookie box, please use the dry waste recycling bin."
Question about soda can 7808d2,"To dispose of soda can, please use the dry waste recycling bin."
Question about magazine 29b7c5,"To dispose of magazine, please use the dry waste recycling bin."
Question about broken glass 0b3661,"To dispose of broken glass, please use the dry waste recycling bin."
Question about wrapping paper f5bbb6,"To dispose of wrapping paper, please use the dry waste recycling bin."
Question about tin can ac8fbe,"To dispose of tin can, please use the dry waste recycling bin."
Question about glass jar 66b7ac,"To dispose of glass jar, please use the dry waste recycling bin."
Question about shampoo bottle ad74a9,"To dispose of shampoo bottle, please use the dry waste recycling bin."
Question about wrapping paper 642faa,"To dispose of wrapping paper, please use the dry waste recycling bin."
Question about detergent bottle 803af9,"To dispose of detergent bottle, please use the dry waste recycling bin."
Question about soda can 7b515d,"To dispose of soda can, please use the dry waste recycling bin."
Question about plastic bottle 3478fd,"To dispose of plastic bottle, please use the dry waste recycling bin."
Question about beer can 25021b,"To dispose of beer can, please use the dry waste recycling bin."
Question about empty deodorant 943137,"To dispose of empty deodorant, please use the dry waste recycling bin."
Question about beer can ff127d,"To dispose of beer can, please use the dry waste recycling bin."
Question about magazine 391430,"To dispose of magazine, please use the dry waste recycling bin."
Question about broken glass d2e5d2,"To dispose of broken glass, please use the dry waste recycling bin."
Question about aluminum foil d92978,"To dispose of aluminum foil, please use the dry waste recycling bin."
Question about empty deodorant 142138,"To dispose of empty deodorant, please use the dry waste recycling bin."
Question about plastic bottle 8b362b,"To dispose of plastic bottle, please use the dry waste recycling bin."
Question about glass jar dbd219,"To dispose of glass jar, please use the dry waste recycling bin."
Question about cookie box 606e6c,"To dispose of cookie box, please use the dry waste recycling bin."
Question about pizza box (clean) c32288,"To dispose of pizza box (clean), please use the dry waste recycling bin."
Question about tin can b732ed,"To dispose of tin can, please use the dry waste recycling bin."
Question about milk carton f3d95b,"To dispose of milk carton, please use the dry waste recycling bin."
Question about glass jar f354fc,"To dispose of glass jar, please use the dry waste recycling bin."
Question about plastic cup 551f8a,"To dispose of plastic cup, please use the dry waste recycling bin."
Question about metal lid ac2803,"To dispose of metal lid, please use the dry waste recycling bin."
Question about milk carton 362759,"To dispose of milk carton, please use the dry waste recycling bin."
Question about plastic bottle baf407,"To dispose of plastic bottle, please use the dry waste recycling bin."
Question about paper bag bdd817,"To dispose of paper bag, please use the dry waste recycling bin."
Question about plastic container 8299de,"To dispose of plastic container, please use the dry waste recycling bin."
Question about soda can 835dde,"To dispose of soda can, please use the dry waste recycling bin."
Question about detergent bottle 2b3bf4,"To dispose of detergent bottle, please use the dry waste recycling bin."
Question about office paper 5306fe,"To dispose of office paper, please use the dry waste recycling bin."
Question about soda can 033d06,"To dispose of soda can, please use the dry waste recycling bin."
Question about aluminum foil e02870,"To dispose of aluminum foil, please use the dry waste recycling bin."
Question about magazine ef525e,"To dispose of magazine, please use the dry waste recycling bin."
Question about milk carton e7efb8,"To dispose of milk carton, please use the dry waste recycling bin."
Question about wrapping paper 33443a,"To dispose of wrapping paper, please use the dry waste recycling bin."
Question about plastic container 5ef85a,"To dispose of plastic container, please use the dry waste recycling bin."
Question about soda can 88e791,"To dispose of soda can, please use the dry waste recycling bin."
Question about metal lid 2c8463,"To dispose of metal lid, please use the dry waste recycling bin."
Question about beer can f833e8,"To dispose of beer can, please use the dry waste recycling bin."
Question about cereal box 3accf2,"To dispose of cereal box, please use the dry waste recycling bin."
Question about junk mail 349f79,"To dispose of junk mail, please use the dry waste recycling bin."
Question about tin can af92af,"To dispose of tin can, please use the dry waste recycling bin."
Question about tin can 06f717,"To dispose of tin can, please use the dry waste recycling bin."
Question about glass jar 728831,"To dispose of glass jar, please use the dry waste recycling bin."
Question about soda can 653fc6,"To dispose of soda can, please use the dry waste recycling bin."
Question about glass jar 3a9e11,"To dispose of glass jar, please use the dry waste recycling bin."
Question about broken glass 1465a3,"To dispose of broken glass, please use the dry waste recycling bin."
Question about paper bag d5d494,"To dispose of paper bag, please use the dry waste recycling bin."
Question about empty deodorant d83df0,"To dispose of empty deodorant, please use the dry waste recycling bin."
Question about newspaper efb15b,"To dispose of newspaper, please use the dry waste recycling bin."
Question about plastic bottle e28a6b,"To dispose of plastic bottle, please use the dry waste recycling bin."
Question about detergent bottle 5801db,"To dispose of detergent bottle, please use the dry waste recycling bin."
Question about paper bag 81f7fe,"To dispose of paper bag, please use the dry waste recycling bin."
Question about beer can 3df679,"To dispose of beer can, please use the dry waste recycling bin."
Question about magazine 439026,"To dispose of magazine, please use the dry waste recycling bin."
Question about cookie box 1768ce,"To dispose of cookie box, please use the dry waste recycling bin."
Question about soda can 63c13b,"To dispose of soda can, please use the dry waste recycling bin."
Question about pizza box (clean) cf6524,"To dispose of pizza box (clean), please use the dry waste recycling bin."
Question about aluminum foil 48b84a,"To dispose of aluminum foil, please use the dry waste recycling bin."
Question about shampoo bottle 320f8e,"To dispose of shampoo bottle, please use the dry waste recycling bin."
Question about metal lid 1252c3,"To dispose of metal lid, please use the dry waste recycling bin."
Question about glass jar 88ab5e,"To dispose of glass jar, please use the dry waste recycling bin."
Question about office paper 341881,"To dispose of office paper, please use the dry waste recycling bin."
Question about paper bag b72a75,"To dispose of paper bag, please use the dry waste recycling bin."
Question about metal lid 9f061f,"To dispose of metal lid, please use the dry waste recycling bin."
Question about newspaper 49f353,"To dispose of newspaper, please use the dry waste recycling bin."
Question about magazine 519f04,"To dispose of magazine, please use the dry waste recycling bin."
Question about tin can 39c9a0,"To dispose of tin can, please use the dry waste recycling bin."
Question about office paper 21f1cb,"To dispose of office paper, please use the dry waste recycling bin."
Question about office paper fb8ad1,"To dispose of office paper, please use the dry waste recycling bin."
Question about office paper 960c0b,"To dispose of office paper, please use the dry waste recycling bin."
Question about pizza box (clean) 521b93,"To dispose of pizza box (clean), please use the dry waste recycling bin."
Question about cardboard 22aa10,"To dispose of cardboard, please use the dry waste recycling bin."
Question about office paper 968cbc,"To dispose of office paper, please use the dry waste recycling bin."
Question about metal lid 26ea0c,"To dispose of metal lid, please use the dry waste recycling bin."
Question about plastic bottle ee50fd,"To dispose of plastic bottle, please use the dry waste recycling bin."
Question about cardboard aef392,"To dispose of cardboard, please use the dry waste recycling bin."
Question about beer can 2bbf0f,"To dispose of beer can, please use the dry waste recycling bin."
Question about metal lid 4584b0,"To dispose of metal lid, please use the dry waste recycling bin."
Question about pizza box (clean) 531ce8,"To dispose of pizza box (clean), please use the dry waste recycling bin."
Question about plastic bottle fb7a31,"To dispose of plastic bottle, please use the dry waste recycling bin."
Question about wine bottle 452272,"To dispose of wine bottle, please use the dry waste recycling bin."
Question about junk mail 60d51d,"To dispose of junk mail, please use the dry waste recycling bin."
Question about aluminum foil 4a7d95,"To dispose of aluminum foil, please use the dry waste recycling bin."
Question about plastic cup 4b3f37,"To dispose of plastic cup, please use the dry waste recycling bin."
Question about wrapping paper 1c4dde,"To dispose of wrapping paper, please use the dry waste recycling bin."
Question about office paper 99861c,"To dispose of office paper, please use the dry waste recycling bin."
Question about office paper a6fcb9,"To dispose of office paper, please use the dry waste recycling bin."
Question about newspaper 3fc68a,"To dispose of newspaper, please use the dry waste recycling bin."
Question about empty deodorant a28a01,"To dispose of empty deodorant, please use the dry waste recycling bin."
Question about cereal box ff7d6f,"To dispose of cereal box, please use the dry waste recycling bin."
Question about aluminum foil 9c24a0,"To dispose of aluminum foil, please use the dry waste recycling bin."
Question about wine bottle d9e40a,"To dispose of wine bottle, please use the dry waste recycling bin."
Question about glass jar 58e0b6,"To dispose of glass jar, please use the dry waste recycling bin."
Question about plastic cup 4bee81,"To dispose of plastic cup, please use the dry waste recycling bin."
Question about cereal box df83f9,"To dispose of cereal box, please use the dry waste recycling bin."
Question about shampoo bottle 9fc01e,"To dispose of shampoo bottle, please use the dry waste recycling bin."
Question about cookie box fb0586,"To dispose of cookie box, please use the dry waste recycling bin."
Question about empty deodorant 8282a1,"To dispose of empty deodorant, please use the dry waste recycling bin."
Question about milk carton 07cefc,"To dispose of milk carton, please use the dry waste recycling bin."
Question about cardboard 83a8b2,"To dispose of cardboard, please use the dry waste recycling bin."
Question about tin can 405d57,"To dispose of tin can, please use the dry waste recycling bin."
Question about cereal box 3f1624,"To dispose of cereal box, please use the dry waste recycling bin."
Question about broken glass 4fa898,"To dispose of broken glass, please use the dry waste recycling bin."
Question about tin can 92b273,"To dispose of tin can, please use the dry waste recycling bin."
Question about plastic container 569a51,"To dispose of plastic container, please use the dry waste recycling bin."
Question about plastic container d86d06,"To dispose of plastic container, please use the dry waste recycling bin."
Question about office paper 20ee31,"To dispose of office paper, please use the dry waste recycling bin."
Question about broken glass e17765,"To dispose of broken glass, please use the dry waste recycling bin."
Question about tin can 569124,"To dispose of tin can, please use the dry waste recycling bin."
Question about plastic cup c1dc62,"To dispose of plastic cup, please use the dry waste recycling bin."
Question about cardboard cdb632,"To dispose of cardboard, please use the dry waste recycling bin."
Question about cardboard a4191e,"To dispose of cardboard, please use the dry waste recycling bin."
Question about cardboard 79231e,"To dispose of cardboard, please use the dry waste recycling bin."
Question about magazine 99fd26,"To dispose of magazine, please use the dry waste recycling bin."
Question about broken glass 21e56e,"To dispose of broken glass, please use the dry waste recycling bin."
Question about junk mail 213dee,"To dispose of junk mail, please use the dry waste recycling bin."
Question about detergent bottle b26725,"To dispose of detergent bottle, please use the dry waste recycling bin."
Question about paper bag bde664,"To dispose of paper bag, please use the dry waste recycling bin."
Question about plastic container fe9b6a,"To dispose of plastic container, please use the dry waste recycling bin."
Question about office paper 61a4fc,"To dispose of office paper, please use the dry waste recycling bin."
Question about glass jar cecd64,"To dispose of glass jar, please use the dry waste recycling bin."
Question about aluminum foil 0f8e45,"To dispose of aluminum foil, please use the dry waste recycling bin."
Question about empty deodorant 4d7e83,"To dispose of empty deodorant, please use the dry waste recycling bin."
Question about metal lid f19bc1,"To dispose of metal lid, please use the dry waste recycling bin."
Question about metal lid ccd32f,"To dispose of metal lid, please use the dry waste recycling bin."
Question about soda can 1e6b83,"To dispose of soda can, please use the dry waste recycling bin."
Question about shampoo bottle cff4f8,"To dispose of shampoo bottle, please use the dry waste recycling bin."
Question about cardboard 2d9b5a,"To dispose of cardboard, please use the dry waste recycling bin."
Question about junk mail e17076,"To dispose of junk mail, please use the dry waste recycling bin."
Question about plastic cup 64c954,"To dispose of plastic cup, please use the dry waste recycling bin."
Question about wrapping paper 78a53e,"To dispose of wrapping paper, please use the dry waste recycling bin."
Question about soda can 45be4b,"To dispose of soda can, please use the dry waste recycling bin."
Question about tin can 92b377,"To dispose of tin can, please use the dry waste recycling bin."
Question about paper bag 10600b,"To dispose of paper bag, please use the dry waste recycling bin."
Question about detergent bottle c44121,"To dispose of detergent bottle, please use the dry waste recycling bin."
Question about office paper 9a7f8f,"To dispose of office paper, please use the dry waste recycling bin."
Question about cardboard a83dc4,"To dispose of cardboard, please use the dry waste recycling bin."
Question about empty deodorant 5607ea,"To dispose of empty deodorant, please use the dry waste recycling bin."
Question about newspaper 2e8a0c,"To dispose of newspaper, please use the dry waste recycling bin."
Question about magazine ab1545,"To dispose of magazine, please use the dry waste recycling bin."
Question about soda can d72356,"To dispose of soda can, please use the dry waste recycling bin."
Question about tin can 4b1201,"To dispose of tin can, please use the dry waste recycling bin."
Question about paper bag d1d5da,"To dispose of paper bag, please use the dry waste recycling bin."
Question about plastic cup f5d155,"To dispose of plastic cup, please use the dry waste recycling bin."
Question about shampoo bottle 6c0461,"To dispose of shampoo bottle, please use the dry waste recycling bin."
Question about wine bottle 4d6e8d,"To dispose of wine bottle, please use the dry waste recycling bin."
Question about shampoo bottle 9403cc,"To dispose of shampoo bottle, please use the dry waste recycling bin."
Question about plastic cup 543658,"To dispose of plastic cup, please use the dry waste recycling bin."
Question about newspaper 517d97,"To dispose of newspaper, please use the dry waste recycling bin."
Question about paper bag 71381f,"To dispose of paper bag, please use the dry waste recycling bin."
Question about detergent bottle 2efda4,"To dispose of detergent bottle, please use the dry waste recycling bin."
Question about glass jar 3724db,"To dispose of glass jar, please use the dry waste recycling bin."
Question about wine bottle ed9826,"To dispose of wine bottle, please use the dry waste recycling bin."
Question about broken glass 0c0979,"To dispose of broken glass, please use the dry waste recycling bin."
Question about metal lid 14749c,"To dispose of metal lid, please use the dry waste recycling bin."
Question about milk carton 57f443,"To dispose of milk carton, please use the dry waste recycling bin."
Question about office paper 3cae0d,"To dispose of office paper, please use the dry waste recycling bin."
Question about plastic container 19ab3f,"To dispose of plastic container, please use the dry waste recycling bin."
Question about broken glass 68e4d9,"To dispose of broken glass, please use the dry waste recycling bin."
Question about newspaper 95fff1,"To dispose of newspaper, please use the dry waste recycling bin."
Question about broken glass 13f79b,"To dispose of broken glass, please use the dry waste recycling bin."
Question about office paper 8319ef,"To dispose of office paper, please use the dry waste recycling bin."
Question about cardboard 6908c7,"To dispose of cardboard, please use the dry waste recycling bin."
Question about cereal box cd7d49,"To dispose of cereal box, please use the dry waste recycling bin."
Question about wine bottle 937b44,"To dispose of wine bottle, please use the dry waste recycling bin."
Question about newspaper 5e0992,"To dispose of newspaper, please use the dry waste recycling bin."
Question about pizza box (clean) ed3585,"To dispose of pizza box (clean), please use the dry waste recycling bin."
Question about paper bag 3bbb54,"To dispose of paper bag, please use the dry waste recycling bin."
Question about glass jar 61d010,"To dispose of glass jar, please use the dry waste recycling bin."
Question about office paper c5cffb,"To dispose of office paper, please use the dry waste recycling bin."
Question about junk mail 4eeaca,"To dispose of junk mail, please use the dry waste recycling bin."
Question about paper bag 557797,"To dispose of paper bag, please use the dry waste recycling bin."
Question about plastic bottle 266dc2,"To dispose of plastic bottle, please use the dry waste recycling bin."
Question about cardboard 73c576,"To dispose of cardboard, please use the dry waste recycling bin."
Question about milk carton c61b08,"To dispose of milk carton, please use the dry waste recycling bin."
Question about glass jar 8df9ec,"To dispose of glass jar, please use the dry waste recycling bin."
Question about plastic container 049a14,"To dispose of plastic container, please use the dry waste recycling bin."
Question about office paper f89a24,"To dispose of office paper, please use the dry waste recycling bin."
Question about broken glass 909fad,"To dispose of broken glass, please use the dry waste recycling bin."
Question about plastic cup e411a1,"To dispose of plastic cup, please use the dry waste recycling bin."
Question about plastic container 138aa5,"To dispose of plastic container, please use the dry waste recycling bin."
Question about tin can 619e52,"To dispose of tin can, please use the dry waste recycling bin."
Question about empty deodorant 697578,"To dispose of empty deodorant, please use the dry waste recycling bin."
Question about paper bag 9c2499,"To dispose of paper bag, please use the dry waste recycling bin."
Question about office paper 845694,"To dispose of office paper, please use the dry waste recycling bin."
Question about magazine e588b4,"To dispose of magazine, please use the dry waste recycling bin."
Question about wrapping paper 859889,"To dispose of wrapping paper, please use the dry waste recycling bin."
Question about aluminum foil 4a976a,"To dispose of aluminum foil, please use the dry waste recycling bin."
Question about cereal box 50e5fd,"To dispose of cereal box, please use the dry waste recycling bin."
Question about soda can a09c04,"To dispose of soda can, please use the dry waste recycling bin."
Question about cardboard 4b89f5,"To dispose of cardboard, please use the dry waste recycling bin."
Question about office paper 59fd13,"To dispose of office paper, please use the dry waste recycling bin."
Question about tin can 0f5ced,"To dispose of tin can, please use the dry waste recycling bin."
Question about plastic container 4a86cd,"To dispose of plastic container, please use the dry waste recycling bin."
Question about pizza box (clean) 942b64,"To dispose of pizza box (clean), please use the dry waste recycling bin."
Question about cereal box d56c42,"To dispose of cereal box, please use the dry waste recycling bin."
Question about pizza box (clean) 598c14,"To dispose of pizza box (clean), please use the dry waste recycling bin."
Question about junk mail de3bae,"To dispose of junk mail, please use the dry waste recycling bin."
Question about cookie box 495e45,"To dispose of cookie box, please use the dry waste recycling bin."
Question about wrapping paper 99bb5d,"To dispose of wrapping paper, please use the dry waste recycling bin."
Question about tin can 5f632d,"To dispose of tin can, please use the dry waste recycling bin."
Question about cardboard 2f327d,"To dispose of cardboard, please use the dry waste recycling bin."
Question about plastic bottle 4699c6,"To dispose of plastic bottle, please use the dry waste recycling bin."
Question about glass jar dbd001,"To dispose of glass jar, please use the dry waste recycling bin."
Question about broken glass bfd056,"To dispose of broken glass, please use the dry waste recycling bin."
Question about soda can 6b1381,"To dispose of soda can, please use the dry waste recycling bin."
Question about plastic cup 14479e,"To dispose of plastic cup, please use the dry waste recycling bin."
Question about cardboard 12113c,"To dispose of cardboard, please use the dry waste recycling bin."
Question about junk mail 1c7ab2,"To dispose of junk mail, please use the dry waste recycling bin."
Question about beer can 8796c6,"To dispose of beer can, please use the dry waste recycling bin."
Question about paper bag a7fae1,"To dispose of paper bag, please use the dry waste recycling bin."
Question about aluminum foil e8415d,"To dispose of aluminum foil, please use the dry waste recycling bin."
Question about metal lid cbde4a,"To dispose of metal lid, please use the dry waste recycling bin."
Question about soda can 3cf91b,"To dispose of soda can, please use the dry waste recycling bin."
Question about office paper 940c0e,"To dispose of office paper, please use the dry waste recycling bin."
Question about wine bottle 0ea2e3,"To dispose of wine bottle, please use the dry waste recycling bin."
Question about office paper c88fdd,"To dispose of office paper, please use the dry waste recycling bin."
Question about cookie box ff8319,"To dispose of cookie box, please use the dry waste recycling bin."
Question about milk carton c21dd0,"To dispose of milk carton, please use the dry waste recycling bin."
Question about beer can ab5efd,"To dispose of beer can, please use the dry waste recycling bin."
Question about cookie box b45c1b,"To dispose of cookie box, please use the dry waste recycling bin."
Question about wine bottle 1a8c2c,"To dispose of wine bottle, please use the dry waste recycling bin."
Question about milk carton 398e17,"To dispose of milk carton, please use the dry waste recycling bin."
Question about milk carton b73062,"To dispose of milk carton, please use the dry waste recycling bin."
Question about shampoo bottle 29636e,"To dispose of shampoo bottle, please use the dry waste recycling bin."
Question about cereal box 851e75,"To dispose of cereal box, please use the dry waste recycling bin."
Question about cardboard 826c92,"To dispose of cardboard, please use the dry waste recycling bin."
Question about plastic bottle d7d904,"To dispose of plastic bottle, please use the dry waste recycling bin."
Question about glass jar 7a821b,"To dispose of glass jar, please use the dry waste recycling bin."
Question about beer can 37a8b7,"To dispose of beer can, please use the dry waste recycling bin."
Question about newspaper dfd135,"To dispose of newspaper, please use the dry waste recycling bin."
Question about cookie box 0cf92a,"To dispose of cookie box, please use the dry waste recycling bin."
Question about plastic cup 0787f8,"To dispose of plastic cup, please use the dry waste recycling bin."
Question about glass jar cc7d89,"To dispose of glass jar, please use the dry waste recycling bin."
Question about empty deodorant 11e4a4,"To dispose of empty deodorant, please use the dry waste recycling bin."
Question about wine bottle 03075e,"To dispose of wine bottle, please use the dry waste recycling bin."
Question about pizza box (clean) cc240f,"To dispose of pizza box (clean), please use the dry waste recycling bin."
Question about cookie box 4c5aa1,"To dispose of cookie box, please use the dry waste recycling bin."
Question about beer can e15597,"To dispose of beer can, please use the dry waste recycling bin."
Question about empty deodorant 16c58c,"To dispose of empty deodorant, please use the dry waste recycling bin."
Question about aluminum foil 71b253,"To dispose of aluminum foil, please use the dry waste recycling bin."
Question about broken glass 68dcf1,"To dispose of broken glass, please use the dry waste recycling bin."
Question about tin can 964a42,"To dispose of tin can, please use the dry waste recycling bin."
Question about plastic container c06c02,"To dispose of plastic container, please use the dry waste recycling bin."
Question about wrapping paper 7b0e7b,"To dispose of wrapping paper, please use the dry waste recycling bin."
Question about detergent bottle 66255a,"To dispose of detergent bottle, please use the dry waste recycling bin."
Question about soda can 34854e,"To dispose of soda can, please use the dry waste recycling bin."
Question about shampoo bottle 0fc106,"To dispose of shampoo bottle, please use the dry waste recycling bin."
Question about aluminum foil 172dcb,"To dispose of aluminum foil, please use the dry waste recycling bin."
Question about empty deodorant f48bdd,"To dispose of empty deodorant, please use the dry waste recycling bin."
Question about paper bag 7d7da7,"To dispose of paper bag, please use the dry waste recycling bin."
Question about detergent bottle 71ac11,"To dispose of detergent bottle, please use the dry waste recycling bin."
Question about magazine fc6379,"To dispose of magazine, please use the dry waste recycling bin."
Question about plastic cup fbc999,"To dispose of plastic cup, please use the dry waste recycling bin."
Question about cookie box 08889b,"To dispose of cookie box, please use the dry waste recycling bin."
Question about glass jar ea4359,"To dispose of glass jar, please use the dry waste recycling bin."
Question about empty deodorant ae82eb,"To dispose of empty deodorant, please use the dry waste recycling bin."
Question about tin can 2093ff,"To dispose of tin can, please use the dry waste recycling bin."
Question about cardboard 5cffad,"To dispose of cardboard, please use the dry waste recycling bin."
Question about plastic container f6721c,"To dispose of plastic container, please use the dry waste recycling bin."
Question about plastic container e1d2fb,"To dispose of plastic container, please use the dry waste recycling bin."
Question about tin can 514460,"To dispose of tin can, please use the dry waste recycling bin."
Question about cardboard 7828c5,"To dispose of cardboard, please use the dry waste recycling bin."
Question about soda can 866d73,"To dispose of soda can, please use the dry waste recycling bin."
Question about milk carton d66a0b,"To dispose of milk carton, please use the dry waste recycling bin."
Question about glass jar aeb0f2,"To dispose of glass jar, please use the dry waste recycling bin."
Question about newspaper fdcb6e,"To dispose of newspaper, please use the dry waste recycling bin."
Question about tin can b82485,"To dispose of tin can, please use the dry waste recycling bin."
Question about office paper 5596c1,"To dispose of office paper, please use the dry waste recycling bin."
Question about newspaper e546db,"To dispose of newspaper, please use the dry waste recycling bin."
Question about milk carton 6735e3,"To dispose of milk carton, please use the dry waste recycling bin."
Question about cookie box 70bd36,"To dispose of cookie box, please use the dry waste recycling bin."
Question about milk carton b5042f,"To dispose of milk carton, please use the dry waste recycling bin."
Question about cardboard 65cb88,"To dispose of cardboard, please use the dry waste recycling bin."
Question about soda can c06aef,"To dispose of soda can, please use the dry waste recycling bin."
Question about wrapping paper 5086e6,"To dispose of wrapping paper, please use the dry waste recycling bin."
Question about paper bag 7c927f,"To dispose of paper bag, please use the dry waste recycling bin."
Question about paper bag a19406,"To dispose of paper bag, please use the dry waste recycling bin."
Question about wine bottle c3dce0,"To dispose of wine bottle, please use the dry waste recycling bin."
Question about broken glass 0393f6,"To dispose of broken glass, please use the dry waste recycling bin."
Question about office paper d2f321,"To dispose of office paper, please use the dry waste recycling bin."
Question about office paper 1d1a7d,"To dispose of office paper, please use the dry waste recycling bin."
Question about newspaper aedd95,"To dispose of newspaper, please use the dry waste recycling bin."
Question about empty deodorant 4203fe,"To dispose of empty deodorant, please use the dry waste recycling bin."
Question about wrapping paper de2f2a,"To dispose of wrapping paper, please use the dry waste recycling bin."
Question about cereal box 63b1e4,"To dispose of cereal box, please use the dry waste recycling bin."
Question about office paper 4661f1,"To dispose of office paper, please use the dry waste recycling bin."
Question about wrapping paper 2ed961,"To dispose of wrapping paper, please use the dry waste recycling bin."
Question about paper bag bf9947,"To dispose of paper bag, please use the dry waste recycling bin."
Question about junk mail 2dcdef,"To dispose of junk mail, please use the dry waste recycling bin."
Question about broken glass 9c19db,"To dispose of broken glass, please use the dry waste recycling bin."
Question about soda can bf79fc,"To dispose of soda can, please use the dry waste recycling bin."
Question about plastic container c6446b,"To dispose of plastic container, please use the dry waste recycling bin."
Question about pizza box (clean) ecfa62,"To dispose of pizza box (clean), please use the dry waste recycling bin."
Question about milk carton 40cd4a,"To dispose of milk carton, please use the dry waste recycling bin."
Question about cereal box f8d96b,"To dispose of cereal box, please use the dry waste recycling bin."
Question about beer can 961172,"To dispose of beer can, please use the dry waste recycling bin."
Question about aluminum foil 86d11f,"To dispose of aluminum foil, please use the dry waste recycling bin."
Question about aluminum foil aa72bf,"To dispose of aluminum foil, please use the dry waste recycling bin."
Question about wrapping paper 5b04db,"To dispose of wrapping paper, please use the dry waste recycling bin."
Question about cookie box 81317f,"To dispose of cookie box, please use the dry waste recycling bin."
Question about tin can c0de44,"To dispose of tin can, please use the dry waste recycling bin."
Question about junk mail 55940d,"To dispose of junk mail, please use the dry waste recycling bin."
Question about glass jar 5bd8ae,"To dispose of glass jar, please use the dry waste recycling bin."
Question about plastic cup a97f04,"To dispose of plastic cup, please use the dry waste recycling bin."
Question about plastic bottle 695634,"To dispose of plastic bottle, please use the dry waste recycling bin."
Question about plastic container fe144a,"To dispose of plastic container, please use the dry waste recycling bin."
Question about cookie box 4c7ffa,"To dispose of cookie box, please use the dry waste recycling bin."
Question about plastic bottle 8f847b,"To dispose of plastic bottle, please use the dry waste recycling bin."
Question about plastic cup 36c499,"To dispose of plastic cup, please use the dry waste recycling bin."
Question about aluminum foil 201e32,"To dispose of aluminum foil, please use the dry waste recycling bin."
Question about wrapping paper d8f595,"To dispose of wrapping paper, please use the dry waste recycling bin."
Question about magazine bbbeca,"To dispose of magazine, please use the dry waste recycling bin."
Question about aluminum foil cdb037,"To dispose of aluminum foil, please use the dry waste recycling bin."
Question about aluminum foil 2fce63,"To dispose of aluminum foil, please use the dry waste recycling bin."
Question about magazine 0856c1,"To dispose of magazine, please use the dry waste recycling bin."
Question about magazine b73597,"To dispose of magazine, please use the dry waste recycling bin."
Question about paper bag dc0ac4,"To dispose of paper bag, please use the dry waste recycling bin."
Question about wrapping paper e3f808,"To dispose of wrapping paper, please use the dry waste recycling bin."
Question about empty deodorant 31470d,"To dispose of empty deodorant, please use the dry waste recycling bin."
Question about plastic container 333576,"To dispose of plastic container, please use the dry waste recycling bin."
Question about milk carton 69efc6,"To dispose of milk carton, please use the dry waste recycling bin."
Question about newspaper 549e65,"To dispose of newspaper, please use the dry waste recycling bin."
Question about junk mail 8242d3,"To dispose of junk mail, please use the dry waste recycling bin."
Question about cardboard a47c73,"To dispose of cardboard, please use the dry waste recycling bin."
Question about wrapping paper 658efb,"To dispose of wrapping paper, please use the dry waste recycling bin."
Question about plastic container d02836,"To dispose of plastic container, please use the dry waste recycling bin."
Question about wrapping paper 70d487,"To dispose of wrapping paper, please use the dry waste recycling bin."
Question about milk carton 31f138,"To dispose of milk carton, please use the dry waste recycling bin."
Question about aluminum foil de4562,"To dispose of aluminum foil, please use the dry waste recycling bin."
Question about wine bottle bf4098,"To dispose of wine bottle, please use the dry waste recycling bin."
Question about aluminum foil 683cb2,"To dispose of aluminum foil, please use the dry waste recycling bin."
Question about paper bag a8026a,"To dispose of paper bag, please use the dry waste recycling bin."
Question about tin can d120c1,"To dispose of tin can, please use the dry waste recycling bin."
Question about wine bottle facb52,"To dispose of wine bottle, please use the dry waste recycling bin."
Question about aluminum foil 912c90,"To dispose of aluminum foil, please use the dry waste recycling bin."
Question about cereal box ef5f7d,"To dispose of cereal box, please use the dry waste recycling bin."
Question about shampoo bottle 0f0853,"To dispose of shampoo bottle, please use the dry waste recycling bin."
Question about soda can 8d1066,"To dispose of soda can, please use the dry waste recycling bin."
Question about metal lid 0ef4b4,"To dispose of metal lid, please use the dry waste recycling bin."
Question about office paper e9aa11,"To dispose of office paper, please use the dry waste recycling bin."
Question about plastic bottle d7ae27,"To dispose of plastic bottle, please use the dry waste recycling bin."
Question about office paper 0ae563,"To dispose of office paper, please use the dry waste recycling bin."
Question about magazine 998e91,"To dispose of magazine, please use the dry waste recycling bin."
Question about glass jar 349439,"To dispose of glass jar, please use the dry waste recycling bin."
Question about pizza box (clean) 50fc3f,"To dispose of pizza box (clean), please use the dry waste recycling bin."
Question about magazine a95f94,"To dispose of magazine, please use the dry waste recycling bin."
Question about cookie box 742585,"To dispose of cookie box, please use the dry waste recycling bin."
Question about cardboard 2ee414,"To dispose of cardboard, please use the dry waste recycling bin."
Question about broken glass 2afaf4,"To dispose of broken glass, please use the dry waste recycling bin."
Question about aluminum foil a67304,"To dispose of aluminum foil, please use the dry waste recycling bin."
Question about wine bottle 587f99,"To dispose of wine bottle, please use the dry waste recycling bin."
Question about beer can a3a6b2,"To dispose of beer can, please use the dry waste recycling bin."
Question about wrapping paper cc236c,"To dispose of wrapping paper, please use the dry waste recycling bin."
Question about broken glass c500f3,"To dispose of broken glass, please use the dry waste recycling bin."
Question about pizza box (clean) 187135,"To dispose of pizza box (clean), please use the dry waste recycling bin."
Question about plastic container 6bbcbb,"To dispose of plastic container, please use the dry waste recycling bin."
Question about plastic bottle cbc67d,"To dispose of plastic bottle, please use the dry waste recycling bin."
Question about plastic container 551fd1,"To dispose of plastic container, please use the dry waste recycling bin."
Question about soda can c35d51,"To dispose of soda can, please use the dry waste recycling bin."
Question about shampoo bottle 69ff61,"To dispose of shampoo bottle, please use the dry waste recycling bin."
Question about plastic container 321000,"To dispose of plastic container, please use the dry waste recycling bin."
Question about shampoo bottle 0b5b56,"To dispose of shampoo bottle, please use the dry waste recycling bin."
Question about magazine 47ce29,"To dispose of magazine, please use the dry waste recycling bin."
Question about empty deodorant b72fd2,"To dispose of empty deodorant, please use the dry waste recycling bin."
Question about magazine 1714d0,"To dispose of magazine, please use the dry waste recycling bin."
Question about wrapping paper 5c00cb,"To dispose of wrapping paper, please use the dry waste recycling bin."
Question about cookie box 359fe4,"To dispose of cookie box, please use the dry waste recycling bin."
Question about junk mail 888512,"To dispose of junk mail, please use the dry waste recycling bin."
Question about empty deodorant 10f4ba,"To dispose of empty deodorant, please use the dry waste recycling bin."
Question about junk mail 91a364,"To dispose of junk mail, please use the dry waste recycling bin."
Question about shampoo bottle 05c018,"To dispose of shampoo bottle, please use the dry waste recycling bin."
Question about plastic cup bb149c,"To dispose of plastic cup, please use the dry waste recycling bin."
Question about soda can 272a56,"To dispose of soda can, please use the dry waste recycling bin."
Question about shampoo bottle 1b647a,"To dispose of shampoo bottle, please use the dry waste recycling bin."
Question about broken glass 0b44f2,"To dispose of broken glass, please use the dry waste recycling bin."
Question about plastic container 72a164,"To dispose of plastic container, please use the dry waste recycling bin."
Question about office paper cc8b4e,"To dispose of office paper, please use the dry waste recycling bin."
Question about plastic cup 589206,"To dispose of plastic cup, please use the dry waste recycling bin."
Question about newspaper 0f73b4,"To dispose of newspaper, please use the dry waste recycling bin."
Question about metal lid 691a89,"To dispose of metal lid, please use the dry waste recycling bin."
Question about broken glass 425d06,"To dispose of broken glass, please use the dry waste recycling bin."
Question about newspaper f5bfa7,"To dispose of newspaper, please use the dry waste recycling bin."
Question about empty deodorant e7706b,"To dispose of empty deodorant, please use the dry waste recycling bin."
Question about aluminum foil 9f1636,"To dispose of aluminum foil, please use the dry waste recycling bin."
Question about shampoo bottle 2ac042,"To dispose of shampoo bottle, please use the dry waste recycling bin."
Question about newspaper d830f5,"To dispose of newspaper, please use the dry waste recycling bin."
Question about metal lid 824369,"To dispose of metal lid, please use the dry waste recycling bin."
Question about detergent bottle 3e2a1f,"To dispose of detergent bottle, please use the dry waste recycling bin."
Question about empty deodorant e0b029,"To dispose of empty deodorant, please use the dry waste recycling bin."
Question about paper bag ad95d9,"To dispose of paper bag, please use the dry waste recycling bin."
Question about plastic cup ae43a5,"To dispose of plastic cup, please use the dry waste recycling bin."
Question about plastic bottle d5d4aa,"To dispose of plastic bottle, please use the dry waste recycling bin."
Question about tin can 2e138a,"To dispose of tin can, please use the dry waste recycling bin."
Question about junk mail 0ab089,"To dispose of junk mail, please use the dry waste recycling bin."
Question about metal lid 890dee,"To dispose of metal lid, please use the dry waste recycling bin."
Question about newspaper e87496,"To dispose of newspaper, please use the dry waste recycling bin."
Question about empty deodorant 10cd37,"To dispose of empty deodorant, please use the dry waste recycling bin."
Question about empty deodorant be7de7,"To dispose of empty deodorant, please use the dry waste recycling bin."
Question about plastic bottle 970623,"To dispose of plastic bottle, please use the dry waste recycling bin."
Question about cookie box cfc13e,"To dispose of cookie box, please use the dry waste recycling bin."
Question about plastic container d575fd,"To dispose of plastic container, please use the dry waste recycling bin."
